"COUNTY","SVPREC","DISTRICT","TOTVOTE","DEM01","REP01"
1,"420030A",14,65,41,24
1,"420250",14,108,65,43
1,"420250A",14,647,492,155
1,"420300",14,9,7,2
1,"420300A",14,136,99,37
1,"420310A",14,16,9,7
1,"420710A",14,24,21,3
1,"420800",14,34,20,14
1,"420800A",14,347,275,72
1,"420900",14,168,104,64
1,"420900A",14,1072,803,269
1,"421800",14,460,293,167
1,"421800A",14,1927,1453,474
1,"422000",14,303,181,122
1,"422000A",14,2388,1721,667
1,"422300",14,326,192,134
1,"422300A",14,2042,1591,451
1,"422600",14,343,215,128
1,"422600A",14,2583,1966,617
1,"422920",14,366,188,178
1,"422920A",14,2452,1777,675
1,"423000",14,371,220,151
1,"423000A",14,2049,1492,557
1,"423710",14,266,159,107
1,"423710A",14,1582,1142,440
1,"424200A",14,47,33,14
1,"424310A",14,20,9,11
1,"424510",14,20,14,6
1,"424510A",14,155,123,32
1,"424600",14,359,212,147
1,"424600A",14,1514,1157,357
1,"430100",14,24,14,10
1,"430100A",14,156,123,33
1,"430400",14,39,31,8
1,"430400A",14,297,234,63
1,"430430",14,10,7,3
1,"430430A",14,65,43,22
1,"430600",14,266,181,85
1,"430600A",14,1444,1170,274
1,"430700",14,29,17,12
1,"430700A",14,332,257,75
1,"430720",14,11,7,4
1,"430720A",14,118,90,28
1,"430800",14,110,87,23
1,"430800A",14,452,370,82
1,"431100",14,135,80,55
1,"431100A",14,901,710,191
1,"431110A",14,10,9,1
1,"431300A",14,70,48,22
1,"431500",14,14,13,1
1,"431500A",14,116,95,21
1,"431610A",14,30,23,7
1,"431700",14,14,9,5
1,"431700A",14,133,106,27
1,"431730A",14,50,34,16
1,"431800",14,128,82,46
1,"431800A",14,835,624,211
1,"432100",14,359,231,128
1,"432100A",14,2038,1574,464
1,"432200",14,508,315,193
1,"432200A",14,2898,2198,700
1,"432600",14,365,218,147
1,"432600A",14,2086,1578,508
1,"432810",14,481,328,153
1,"432810A",14,2309,1757,552
1,"432900",14,427,261,166
1,"432900A",14,2349,1715,634
1,"433200",14,388,266,122
1,"433200A",14,1346,1026,320
1,"433400",14,219,127,92
1,"433400A",14,2085,1562,523
1,"433630",14,85,44,41
1,"433630A",14,827,583,244
1,"433800",14,40,18,22
1,"433800A",14,511,378,133
1,"438200A",14,11,4,7
1,"440200",14,169,79,90
1,"440200A",14,1320,930,390
1,"440210A",14,78,61,17
1,"440300",14,312,177,135
1,"440300A",14,2383,1701,682
1,"440900",14,304,161,143
1,"440900A",14,1554,1121,433
1,"441300",14,75,38,37
1,"441300A",14,467,352,115
1,"442000",14,55,34,21
1,"442000A",14,301,219,82
1,"442200",14,125,69,56
1,"442200A",14,1019,748,271
1,"443000",14,144,87,57
1,"443000A",14,762,587,175
1,"443100",14,347,215,132
1,"443100A",14,2079,1571,508
1,"443500",14,318,225,93
1,"443500A",14,1676,1339,337
1,"443700",14,27,12,15
1,"443700A",14,228,161,67
1,"443800",14,10,7,3
1,"443800A",14,193,140,53
1,"447100A",14,8,5,3
1,"447200",14,88,48,40
1,"447200A",14,592,480,112
1,"447300",14,27,13,14
1,"447300A",14,229,171,58
1,"447510A",14,23,20,3
1,"447600",14,146,100,46
1,"447600A",14,961,725,236
1,"447700",14,40,23,17
1,"447700A",14,218,144,74
1,"447730A",14,40,22,18
1,"450200",14,109,58,51
1,"450200A",14,982,689,293
1,"450500",14,271,150,121
1,"450500A",14,1687,1164,523
1,"453900",14,34,17,17
1,"453900A",14,297,217,80
1,"453920",14,84,52,32
1,"453920A",14,440,339,101
1,"453940",14,90,57,33
1,"453940A",14,627,467,160
1,"454220A",14,33,20,13
1,"454500",14,99,54,45
1,"454500A",14,518,386,132
1,"456610A",14,10,7,3
1,"456700",14,86,59,27
1,"456700A",14,1095,828,267
1,"456910",14,9,6,3
1,"456910A",14,162,118,44
1,"464500A",14,47,20,27
1,"464660",14,13,4,9
1,"464660A",14,115,55,60
1,"464670A",14,19,14,5
1,"470100",14,13,7,6
1,"470100A",14,133,86,47
1,"470600",14,157,84,73
1,"470600A",14,1476,1095,381
1,"470700",14,51,35,16
1,"470700A",14,219,181,38
1,"470800",14,129,69,60
1,"470800A",14,779,572,207
1,"471900",14,245,138,107
1,"471900A",14,2264,1571,693
1,"472200",14,279,161,118
1,"472200A",14,1546,1135,411
1,"472300",14,196,111,85
1,"472300A",14,1298,949,349
1,"472610",14,226,105,121
1,"472610A",14,2161,1536,625
1,"473010",14,204,83,121
1,"473010A",14,2179,1541,638
1,"473900",14,109,53,56
1,"473900A",14,1299,927,372
1,"474010",14,113,53,60
1,"474010A",14,747,516,231
1,"474200",14,189,78,111
1,"474200A",14,1447,1008,439
1,"474600",14,272,117,155
1,"474600A",14,2299,1545,754
1,"475020",14,22,15,7
1,"475020A",14,290,212,78
1,"475100",14,81,28,53
1,"475100A",14,955,678,277
1,"475200",14,75,31,44
1,"475200A",14,703,447,256
1,"475500",14,358,198,160
1,"475500A",14,2131,1491,640
1,"475600A",14,35,6,29
1,"476100",14,158,93,65
1,"476100A",14,1553,1106,447
1,"481200",14,197,109,88
1,"481200A",14,982,730,252
1,"481500",14,280,169,111
1,"481500A",14,1473,1152,321
1,"481900",14,79,58,21
1,"481900A",14,266,201,65
1,"482000",14,21,15,6
1,"482000A",14,83,58,25
1,"482050A",14,14,11,3
1,"483000",14,251,134,117
1,"483000A",14,1458,1052,406
1,"490040",14,10,3,7
1,"490040A",14,67,52,15
1,"490100A",14,45,22,23
1,"491000",14,239,157,82
1,"491000A",14,1587,1268,319
1,"491300",14,293,173,120
1,"491300A",14,1900,1443,457
1,"491600",14,112,61,51
1,"491600A",14,697,511,186
1,"491630A",14,87,55,32
1,"492000",14,10,4,6
1,"492000A",14,107,61,46
1,"498300A",14,46,22,24
1,"500110",14,627,239,388
1,"500110A",14,3532,2158,1374
1,"500200",14,494,193,301
1,"500200A",14,2488,1629,859
1,"500300",14,295,141,154
1,"500300A",14,2572,1623,949
1,"500350",14,406,163,243
1,"500350A",14,3275,2088,1187
1,"500800",14,377,163,214
1,"500800A",14,2600,1702,898
1,"501410",14,180,64,116
1,"501410A",14,1013,643,370
1,"501420",14,222,102,120
1,"501420A",14,1567,1041,526
1,"501610",14,461,169,292
1,"501610A",14,3865,2319,1546
1,"501900A",14,29,12,17
1,"501910",14,399,145,254
1,"501910A",14,2859,1869,990
1,"502020",14,328,99,229
1,"502020A",14,2764,1707,1057
1,"502300",14,287,121,166
1,"502300A",14,2494,1639,855
1,"502500",14,546,262,284
1,"502500A",14,2843,1861,982
1,"502740",14,253,105,148
1,"502740A",14,1977,1339,638
1,"502900",14,472,195,277
1,"502900A",14,3004,1895,1109
1,"510100",14,14,3,11
1,"510100A",14,172,57,115
1,"510300",14,38,7,31
1,"510300A",14,396,113,283
1,"510400A",14,74,23,51
1,"510500",14,32,9,23
1,"510500A",14,408,208,200
1,"510840A",14,74,26,48
1,"520000",14,113,39,74
1,"520000A",14,786,538,248
1,"520110",14,155,74,81
1,"520110A",14,1389,895,494
1,"520220",14,228,116,112
1,"520220A",14,1973,1255,718
1,"520230",14,139,63,76
1,"520230A",14,930,633,297
1,"520240",14,132,55,77
1,"520240A",14,998,561,437
1,"520250",14,32,12,20
1,"520250A",14,294,168,126
1,"520400",14,112,45,67
1,"520400A",14,832,571,261
1,"520410A",14,97,47,50
1,"520500",14,384,191,193
1,"520500A",14,2624,1778,846
1,"520510",14,41,9,32
1,"520510A",14,377,250,127
1,"520600",14,36,19,17
1,"520600A",14,282,191,91
1,"520630",14,82,36,46
1,"520630A",14,416,271,145
1,"520640",14,214,113,101
1,"520640A",14,1222,846,376
1,"520710",14,113,47,66
1,"520710A",14,809,466,343
1,"520720A",14,53,15,38
1,"520760",14,125,73,52
1,"520760A",14,845,501,344
1,"520770A",14,11,5,6
1,"520810",14,157,80,77
1,"520810A",14,1285,812,473
1,"520850",14,94,35,59
1,"520850A",14,679,424,255
1,"520860",14,323,188,135
1,"520860A",14,1525,1111,414
1,"521200",14,135,64,71
1,"521200A",14,1267,818,449
1,"521500",14,249,130,119
1,"521500A",14,1857,1284,573
1,"522010",14,236,108,128
1,"522010A",14,1988,1307,681
1,"522100",14,265,114,151
1,"522100A",14,1990,1308,682
1,"522160",14,47,21,26
1,"522160A",14,348,227,121
1,"522180",14,140,67,73
1,"522180A",14,1091,749,342
1,"523100",14,38,24,14
1,"523100A",14,378,266,112
1,"523120A",14,640,444,196
1,"523200",14,216,111,105
1,"523200A",14,1924,1321,603
1,"523700",14,213,96,117
1,"523700A",14,2023,1358,665
1,"523720",14,70,34,36
1,"523720A",14,780,531,249
1,"535300",14,13,2,11
1,"535300A",14,61,34,27
1,"540400",14,88,40,48
1,"540400A",14,572,375,197
1,"540600",14,384,216,168
1,"540600A",14,2203,1502,701
1,"540700",14,373,167,206
1,"540700A",14,2433,1627,806
1,"542000",10,191,86,105
1,"542000A",10,1319,898,421
1,"542100",10,53,25,28
1,"542100A",10,286,205,81
1,"542300",14,24,12,12
1,"542300A",14,166,114,52
1,"542310",14,12,3,9
1,"542310A",14,36,22,14
1,"543300",14,150,66,84
1,"543300A",14,1084,745,339
1,"544200",10,115,74,41
1,"544200A",10,480,347,133
1,"545500",10,243,148,95
1,"545500A",10,1515,1112,403
1,"546100",10,428,235,193
1,"546100A",10,2144,1559,585
1,"546200",10,442,264,178
1,"546200A",10,1692,1327,365
1,"546710",10,20,7,13
1,"546710A",10,136,92,44
1,"547720",10,432,237,195
1,"547720A",10,2547,1687,860
1,"547760",10,340,177,163
1,"547760A",10,1647,1136,511
1,"547770",10,289,153,136
1,"547770A",10,1376,945,431
1,"547900",10,287,156,131
1,"547900A",10,1720,1091,629
1,"547910",10,70,33,37
1,"547910A",10,260,178,82
1,"547930",10,59,31,28
1,"547930A",10,246,151,95
1,"815140A",14,21,11,10
1,"819010A",14,25,9,16
1,"821110",14,215,138,77
1,"821110A",14,1199,886,313
1,"821120",14,88,43,45
1,"821120A",14,945,665,280
1,"821210",14,280,173,107
1,"821210A",14,1795,1323,472
1,"821230",14,17,13,4
1,"821230A",14,66,51,15
1,"821700",14,279,156,123
1,"821700A",14,1962,1401,561
1,"821800",14,288,170,118
1,"821800A",14,2458,1802,656
1,"821900",14,284,170,114
1,"821900A",14,1940,1422,518
1,"821920",14,10,6,4
1,"821920A",14,103,73,30
1,"822200",14,332,178,154
1,"822200A",14,2770,1996,774
1,"822900",14,55,27,28
1,"822900A",14,266,173,93
1,"823200",14,308,198,110
1,"823200A",14,1273,931,342
1,"823300",14,224,144,80
1,"823300A",14,1139,867,272
1,"823400",14,178,96,82
1,"823400A",14,1410,1071,339
1,"823500",14,161,83,78
1,"823500A",14,1095,773,322
1,"823710",14,324,198,126
1,"823710A",14,1846,1383,463
1,"823720",14,80,42,38
1,"823720A",14,608,416,192
1,"824100",14,151,70,81
1,"824100A",14,1091,777,314
1,"830320",14,255,136,119
1,"830320A",14,1758,1249,509
1,"830500",14,379,203,176
1,"830500A",14,2571,1789,782
1,"831000",14,325,188,137
1,"831000A",14,2690,1893,797
1,"831200",14,137,81,56
1,"831200A",14,1299,897,402
1,"831410",14,330,173,157
1,"831410A",14,2681,1818,863
1,"831500",14,302,150,152
1,"831500A",14,2736,1914,822
1,"831710",14,89,45,44
1,"831710A",14,397,277,120
1,"831730",14,133,71,62
1,"831730A",14,1219,827,392
1,"831810",14,287,130,157
1,"831810A",14,2152,1493,659
1,"831930",14,164,85,79
1,"831930A",14,1252,884,368
1,"832010",14,129,68,61
1,"832010A",14,707,498,209
1,"832200",14,300,160,140
1,"832200A",14,1602,1122,480
1,"832400",14,305,137,168
1,"832400A",14,1957,1332,625
1,"832500",14,192,93,99
1,"832500A",14,1185,825,360
1,"832600",14,382,211,171
1,"832600A",14,2281,1620,661
1,"832620",14,269,145,124
1,"832620A",14,1186,869,317
1,"833010",14,302,177,125
1,"833010A",14,1813,1333,480
1,"833200",14,236,126,110
1,"833200A",14,1789,1262,527
1,"833300",17,323,145,178
1,"833300A",17,2002,1319,683
1,"833400",17,363,182,181
1,"833400A",17,1890,1274,616
1,"833410",17,283,149,134
1,"833410A",17,1810,1110,700
1,"833710",17,199,100,99
1,"833710A",17,1103,709,394
1,"834200",14,245,137,108
1,"834200A",14,1990,1469,521
1,"834600",14,180,89,91
1,"834600A",14,1360,1004,356
1,"834700",14,162,84,78
1,"834700A",14,971,720,251
1,"835020",14,168,85,83
1,"835020A",14,978,689,289
1,"835200",14,95,52,43
1,"835200A",14,436,327,109
1,"835310",14,290,167,123
1,"835310A",14,1378,1042,336
1,"835500",14,56,40,16
1,"835500A",14,398,285,113
1,"835710",14,266,143,123
1,"835710A",14,1761,1290,471
1,"835830",14,134,67,67
1,"835830A",14,726,555,171
1,"836010",14,319,166,153
1,"836010A",14,2848,1850,998
1,"836500",14,374,203,171
1,"836500A",14,2663,1618,1045
1,"837100",14,161,93,68
1,"837100A",14,1184,777,407
1,"837300",17,170,94,76
1,"837300A",17,1567,1018,549
1,"837600",17,371,197,174
1,"837600A",17,3393,2285,1108
1,"837700",17,187,118,69
1,"837700A",17,1542,1064,478
1,"838000",17,143,83,60
1,"838000A",17,1355,809,546
1,"838120",17,92,51,41
1,"838120A",17,871,566,305
1,"838700",17,466,220,246
1,"838700A",17,2730,1837,893
1,"839040",17,325,196,129
1,"839040A",17,1269,896,373
1,"839100",17,143,69,74
1,"839100A",17,688,423,265
1,"839240",14,112,64,48
1,"839240A",14,582,390,192
1,"839300A",14,22,7,15
1,"850330",17,445,264,181
1,"850330A",17,2333,1622,711
1,"850500",17,467,237,230
1,"850500A",17,2554,1761,793
1,"850800",17,288,162,126
1,"850800A",17,1240,868,372
1,"851000",17,336,185,151
1,"851000A",17,2364,1683,681
1,"851520",17,389,217,172
1,"851520A",17,2817,1980,837
1,"852010",17,488,247,241
1,"852010A",17,2669,1980,689
1,"866800",14,45,17,28
1,"866800A",14,378,252,126
1,"866830A",14,84,40,44
1,"866910A",14,16,5,11
1,"867110A",14,19,8,11
1,"867200A",14,66,39,27
1,"870010",14,34,10,24
1,"870010A",14,341,180,161
1,"870100",14,21,9,12
1,"870100A",14,168,83,85
1,"880200A",14,17,12,5
1,"CNTYTOT",0,519577,410914,108663
1,"AD20_TOT",0,161698,117051,44647
1,"AD16_TOT",0,86265,54004,32261
1,"AD24_TOT",0,95939,64184,31755
1,"CD14_TOT",0,276388,187263,89125
1,"CD10_TOT",0,18337,12354,5983
1,"CD17_TOT",0,39676,26121,13555
1,"SD09_TOT",0,64337,47935,16402
1,"SD10_TOT",0,173106,120296,52810
1,"SD05_TOT",0,106465,67014,39451
1,"BE02_TOT",0,519577,410914,108663
1,"SOV_CD10",0,18337,12354,5983
1,"SOV_CD14",0,276388,187263,89125
1,"SOV_CD17",0,39676,26121,13555
2,"1",3,171,96,75
2,"2",3,109,79,30
2,"3",3,64,46,18
2,"4",3,200,148,52
2,"5",3,181,93,88
2,"CNTYTOT",0,725,462,263
2,"AD01_TOT",0,725,462,263
2,"CD03_TOT",0,725,462,263
2,"SD04_TOT",0,725,462,263
2,"BE01_TOT",0,725,462,263
2,"SOV_CD03",0,725,462,263
3,"CP01",5,131,17,114
3,"CP01A",5,975,417,558
3,"CP02",5,106,21,85
3,"CP02A",5,755,292,463
3,"CP03",5,48,15,33
3,"CP03A",5,548,246,302
3,"CP04",5,73,8,65
3,"CP04A",5,695,209,486
3,"CP05",5,42,7,35
3,"CP05A",5,396,130,266
3,"CP06",5,248,29,219
3,"CP06A",5,1674,505,1169
3,"CP07",5,146,19,127
3,"CP07A",5,995,277,718
3,"CP08",5,46,6,40
3,"CP08A",5,478,110,368
3,"CP09A",5,90,20,70
3,"CP10",5,35,6,29
3,"CP10A",5,191,55,136
3,"CP11A",5,131,88,43
3,"CP12",5,91,18,73
3,"CP12A",5,884,303,581
3,"CP13",5,43,4,39
3,"CP13A",5,531,187,344
3,"CP14",5,87,25,62
3,"CP14A",5,724,254,470
3,"CP15",5,104,21,83
3,"CP15A",5,991,366,625
3,"CP16",5,61,7,54
3,"CP16A",5,588,219,369
3,"CP17",5,88,24,64
3,"CP17A",5,592,254,338
3,"CP18",5,60,10,50
3,"CP18A",5,818,372,446
3,"CP19",5,36,6,30
3,"CP19A",5,397,146,251
3,"CP20",5,64,11,53
3,"CP20A",5,586,190,396
3,"CP21",5,45,6,39
3,"CP21A",5,508,167,341
3,"CP22",5,36,5,31
3,"CP22A",5,606,213,393
3,"CP23",5,50,8,42
3,"CP23A",5,651,257,394
3,"CP24",5,67,11,56
3,"CP24A",5,665,266,399
3,"CP25A",5,64,26,38
3,"CP26A",5,34,7,27
3,"CP27A",5,150,76,74
3,"CP28",5,47,8,39
3,"CP28A",5,558,186,372
3,"CP29",5,76,11,65
3,"CP29A",5,662,240,422
3,"CP30",5,92,16,76
3,"CP30A",5,509,158,351
3,"CP31",5,98,13,85
3,"CP31A",5,655,130,525
3,"CP32A",5,23,10,13
3,"CP34A",5,116,36,80
3,"CP35",5,14,1,13
3,"CP35A",5,74,12,62
3,"CP36",5,10,2,8
3,"CP36A",5,106,24,82
3,"CP37A",5,23,11,12
3,"CP38A",5,74,37,37
3,"CP39A",5,78,38,40
3,"CP40A",5,46,19,27
3,"CP41",5,47,8,39
3,"CP41A",5,482,168,314
3,"CP42A",5,92,26,66
3,"CP43A",5,50,24,26
3,"CP44",5,9,1,8
3,"CP44A",5,76,31,45
3,"CP45A",5,36,10,26
3,"CP46",5,17,4,13
3,"CP46A",5,306,121,185
3,"CP47A",5,62,47,15
3,"CNTYTOT",0,21943,7336,14607
3,"AD01_TOT",0,16646,5982,10664
3,"AD09_TOT",0,5297,1354,3943
3,"CD05_TOT",0,21943,7336,14607
3,"SD04_TOT",0,21943,7336,14607
3,"BE01_TOT",0,21943,7336,14607
3,"SOV_CD05",0,21943,7336,14607
4,"1101",1,25,6,19
4,"1101A",1,571,164,407
4,"1102",1,23,5,18
4,"1102A",1,883,249,634
4,"1103A",1,58,23,35
4,"1104",1,11,5,6
4,"1104A",1,240,92,148
4,"1105",1,13,2,11
4,"1105A",1,287,116,171
4,"1106",1,22,8,14
4,"1106A",1,361,160,201
4,"1107",1,13,4,9
4,"1107A",1,211,102,109
4,"1108",1,37,12,25
4,"1108A",1,459,221,238
4,"1109A",1,11,4,7
4,"1110",1,37,10,27
4,"1110A",1,594,276,318
4,"1111A",1,138,65,73
4,"1112",1,11,4,7
4,"1112A",1,449,128,321
4,"1113A",1,14,2,12
4,"1114A",1,167,54,113
4,"1115A",1,211,59,152
4,"1801A",1,41,13,28
4,"1802",1,16,3,13
4,"1802A",1,357,116,241
4,"1803",1,12,2,10
4,"1803A",1,267,76,191
4,"1804",1,39,11,28
4,"1804A",1,819,220,599
4,"1805A",1,227,63,164
4,"1806",1,14,4,10
4,"1806A",1,623,191,432
4,"1807A",1,209,51,158
4,"1809A",1,163,41,122
4,"1810A",1,112,33,79
4,"1811A",1,15,7,8
4,"1812",1,33,10,23
4,"1812A",1,1133,396,737
4,"1813",1,16,1,15
4,"1813A",1,846,254,592
4,"1814",1,25,5,20
4,"1814A",1,550,180,370
4,"1815",1,6,2,4
4,"1815A",1,142,46,96
4,"1816",1,22,4,18
4,"1816A",1,1130,309,821
4,"1817",1,19,3,16
4,"1817A",1,876,204,672
4,"1818",1,23,8,15
4,"1818A",1,910,223,687
4,"1819",1,12,4,8
4,"1819A",1,376,100,276
4,"1820A",1,175,48,127
4,"1821",1,42,13,29
4,"1821A",1,1249,302,947
4,"1822A",1,91,19,72
4,"1823",1,16,5,11
4,"1823A",1,157,42,115
4,"2201",1,15,8,7
4,"2201A",1,454,185,269
4,"2202A",1,60,37,23
4,"2203",1,12,4,8
4,"2203A",1,576,319,257
4,"2204",1,37,25,12
4,"2204A",1,583,335,248
4,"2205",1,56,21,35
4,"2205A",1,1545,771,774
4,"2206",1,27,15,12
4,"2206A",1,960,496,464
4,"2207",1,17,9,8
4,"2207A",1,587,321,266
4,"2208",1,116,63,53
4,"2208A",1,3693,1698,1995
4,"2209",1,43,22,21
4,"2209A",1,1428,828,600
4,"2210",1,25,10,15
4,"2210A",1,1152,609,543
4,"2211",1,16,10,6
4,"2211A",1,407,218,189
4,"2212A",1,105,69,36
4,"2213",1,29,15,14
4,"2213A",1,1045,533,512
4,"2214",1,58,23,35
4,"2214A",1,1602,848,754
4,"2215A",1,1025,542,483
4,"2216A",1,10,6,4
4,"2217",1,165,110,55
4,"2217A",1,620,437,183
4,"2801",1,13,4,9
4,"2801A",1,503,146,357
4,"2802",1,28,5,23
4,"2802A",1,1825,603,1222
4,"2803A",1,170,88,82
4,"2804A",1,918,292,626
4,"2805",1,14,5,9
4,"2805A",1,644,325,319
4,"3201",1,35,24,11
4,"3201A",1,1165,788,377
4,"3202",1,156,115,41
4,"3202A",1,775,564,211
4,"3203",1,27,18,9
4,"3203A",1,1067,723,344
4,"3204",1,14,6,8
4,"3204A",1,423,226,197
4,"3205A",1,77,43,34
4,"3206",1,20,12,8
4,"3206A",1,482,292,190
4,"3207",1,24,18,6
4,"3207A",1,675,395,280
4,"3208",1,80,39,41
4,"3208A",1,1162,809,353
4,"3209",1,39,25,14
4,"3209A",1,1041,748,293
4,"3210",1,13,7,6
4,"3210A",1,729,411,318
4,"3211",1,21,14,7
4,"3211A",1,1212,698,514
4,"3212A",1,927,547,380
4,"3213",1,200,137,63
4,"3213A",1,516,401,115
4,"3214",1,45,30,15
4,"3214A",1,1681,1113,568
4,"3215",1,143,92,51
4,"3215A",1,1910,1414,496
4,"3216",1,381,285,96
4,"3216A",1,1230,945,285
4,"3217A",1,65,50,15
4,"3801A",1,183,101,82
4,"4201",1,41,20,21
4,"4201A",1,738,409,329
4,"4202",1,41,16,25
4,"4202A",1,872,465,407
4,"4203A",1,169,85,84
4,"4204",1,73,49,24
4,"4204A",1,530,353,177
4,"4205",1,90,56,34
4,"4205A",1,1187,711,476
4,"4301",1,43,24,19
4,"4301A",1,1112,428,684
4,"4302",1,42,21,21
4,"4302A",1,1192,467,725
4,"4401",1,30,4,26
4,"4401A",1,681,204,477
4,"4802A",1,154,46,108
4,"4803",1,17,5,12
4,"4803A",1,784,143,641
4,"4804",1,24,7,17
4,"4804A",1,1023,200,823
4,"4805A",1,19,6,13
4,"4806",1,18,10,8
4,"4806A",1,924,374,550
4,"4807",1,12,6,6
4,"4807A",1,796,409,387
4,"4808",1,30,12,18
4,"4808A",1,1391,586,805
4,"4809",1,20,5,15
4,"4809A",1,1128,306,822
4,"4810",1,31,8,23
4,"4810A",1,1271,358,913
4,"4812A",1,298,99,199
4,"4813A",1,278,40,238
4,"4814A",1,25,5,20
4,"4815",1,24,5,19
4,"4815A",1,821,250,571
4,"4816",1,43,12,31
4,"4816A",1,876,269,607
4,"4817A",1,563,75,488
4,"5101",1,35,7,28
4,"5101A",1,574,217,357
4,"5102",1,34,10,24
4,"5102A",1,301,125,176
4,"5103A",1,203,73,130
4,"5201",1,14,9,5
4,"5201A",1,969,503,466
4,"5202",1,39,15,24
4,"5202A",1,2277,1203,1074
4,"5203",1,34,14,20
4,"5203A",1,1486,805,681
4,"5204A",1,111,52,59
4,"5205",1,35,17,18
4,"5205A",1,974,508,466
4,"5206A",1,632,310,322
4,"5207",1,20,13,7
4,"5207A",1,849,584,265
4,"5501",1,60,13,47
4,"5501A",1,1400,449,951
4,"5502",1,62,8,54
4,"5502A",1,1464,469,995
4,"5503",1,48,8,40
4,"5503A",1,1309,451,858
4,"5504",1,35,8,27
4,"5504A",1,1350,409,941
4,"5801A",1,622,188,434
4,"5802",1,14,2,12
4,"5802A",1,313,144,169
4,"5803",1,22,5,17
4,"5803A",1,789,317,472
4,"5804A",1,673,336,337
4,"5805A",1,279,126,153
4,"5806A",1,387,128,259
4,"5807A",1,167,50,117
4,"5808A",1,446,99,347
4,"5809",1,38,6,32
4,"5809A",1,1329,412,917
4,"5810",1,29,5,24
4,"5810A",1,1304,491,813
4,"5811",1,54,9,45
4,"5811A",1,1153,434,719
4,"5812A",1,392,144,248
4,"5813A",1,75,20,55
4,"CNTYTOT",0,92708,41729,50979
4,"AD03_TOT",0,92708,41729,50979
4,"CD01_TOT",0,92708,41729,50979
4,"SD01_TOT",0,92708,41729,50979
4,"BE01_TOT",0,92708,41729,50979
4,"SOV_CD01",0,92708,41729,50979
5,"110",5,183,30,153
5,"110A",5,668,240,428
5,"140",5,230,32,198
5,"140A",5,767,230,537
5,"150",5,169,21,148
5,"150A",5,691,232,459
5,"160",5,111,8,103
5,"160A",5,432,124,308
5,"170",5,268,39,229
5,"170A",5,1184,331,853
5,"210",5,200,45,155
5,"210A",5,1097,413,684
5,"220",5,216,52,164
5,"220A",5,978,408,570
5,"240",5,124,24,100
5,"240A",5,1088,385,703
5,"260",5,440,125,315
5,"260A",5,890,344,546
5,"310",5,88,20,68
5,"310A",5,1205,577,628
5,"320",5,41,10,31
5,"320A",5,866,452,414
5,"350",5,104,26,78
5,"350A",5,967,505,462
5,"360",5,162,51,111
5,"360A",5,1202,625,577
5,"370",5,128,39,89
5,"370A",5,720,354,366
5,"410",5,146,18,128
5,"410A",5,687,216,471
5,"420",5,188,36,152
5,"420A",5,663,259,404
5,"430",5,166,41,125
5,"430A",5,1021,406,615
5,"440",5,81,8,73
5,"440A",5,510,147,363
5,"450",5,392,52,340
5,"450A",5,1793,616,1177
5,"510",5,39,4,35
5,"510A",5,163,47,116
5,"515",5,73,11,62
5,"515A",5,240,75,165
5,"520",5,46,6,40
5,"520A",5,221,57,164
5,"530",5,120,8,112
5,"530A",5,529,105,424
5,"550",5,320,35,285
5,"550A",5,1242,354,888
5,"560",5,313,40,273
5,"560A",5,1640,478,1162
5,"CNTYTOT",0,25812,8761,17051
5,"AD08_TOT",0,17468,6571,10897
5,"AD09_TOT",0,8344,2190,6154
5,"CD05_TOT",0,25812,8761,17051
5,"SD04_TOT",0,25812,8761,17051
5,"BE01_TOT",0,25812,8761,17051
5,"SOV_CD05",0,25812,8761,17051
6,"105",1,611,198,413
6,"106",1,989,376,613
6,"202",1,100,17,83
6,"203",1,198,54,144
6,"213",1,651,216,435
6,"214",1,676,191,485
6,"301",1,219,33,186
6,"323",1,317,135,182
6,"324",1,505,237,268
6,"401",1,552,97,455
6,"405",1,95,9,86
6,"406",1,139,43,96
6,"407",1,63,14,49
6,"408",1,120,23,97
6,"427",1,257,133,124
6,"500",1,269,42,227
6,"505",1,58,14,44
6,"512",1,414,161,253
6,"513",1,390,102,288
6,"CNTYTOT",0,6623,2095,4528
6,"AD04_TOT",0,6623,2095,4528
6,"CD01_TOT",0,6623,2095,4528
6,"SD01_TOT",0,6623,2095,4528
6,"BE01_TOT",0,6623,2095,4528
6,"SOV_CD01",0,6623,2095,4528
7,"ALHA101A",10,51,36,15
7,"ALHA102A",10,17,11,6
7,"ALHA104A",10,54,34,20
7,"ALHA105A",10,119,76,43
7,"ALHA106A",10,210,118,92
7,"ALHA106",10,22,8,14
7,"ALHA107A",10,28,20,8
7,"ALHA108A",8,40,15,25
7,"ALHA109A",10,27,19,8
7,"ALHA110A",10,30,14,16
7,"ALHA111A",10,169,88,81
7,"ALHA111",10,25,7,18
7,"ALHA112A",10,16,5,11
7,"ALMO101A",10,59,33,26
7,"ALMO102A",10,860,486,374
7,"ALMO102",10,97,45,52
7,"ALMO103A",10,60,27,33
7,"ALMO104A",10,661,464,197
7,"ALMO104",10,73,39,34
7,"ALMO105A",10,1042,533,509
7,"ALMO105",10,92,35,57
7,"ALMO106A",10,443,247,196
7,"ALMO106",10,36,17,19
7,"ALMO107A",10,624,421,203
7,"ALMO107",10,69,29,40
7,"ALMO108A",10,2209,1274,935
7,"ALMO108",10,258,80,178
7,"ALMO109A",10,757,413,344
7,"ALMO109",10,120,53,67
7,"ALMO110A",10,2010,1134,876
7,"ALMO110",10,238,77,161
7,"ALMO111A",10,568,313,255
7,"ALMO111",10,63,23,40
7,"ANTI101A",8,647,447,200
7,"ANTI101",8,155,75,80
7,"ANTI102A",8,51,40,11
7,"ANTI102",8,12,7,5
7,"ANTI103A",8,518,371,147
7,"ANTI103",8,75,38,37
7,"ANTI104A",8,115,64,51
7,"ANTI104",8,13,8,5
7,"ANTI105A",8,68,49,19
7,"ANTI106A",10,29,28,1
7,"ANTI107A",8,132,92,40
7,"ANTI107",8,29,19,10
7,"ANTI108A",8,520,348,172
7,"ANTI108",8,189,121,68
7,"ANTI109A",8,223,147,76
7,"ANTI109",8,26,10,16
7,"ANTI110A",10,587,393,194
7,"ANTI110",10,129,72,57
7,"ANTI111",10,20,12,8
7,"ANTI112A",10,763,522,241
7,"ANTI112",10,156,95,61
7,"ANTI113A",10,996,711,285
7,"ANTI113",10,166,108,58
7,"ANTI114A",10,380,284,96
7,"ANTI114",10,61,32,29
7,"ANTI115A",8,526,324,202
7,"ANTI115",8,90,39,51
7,"ANTI116A",8,1095,793,302
7,"ANTI116",8,213,100,113
7,"ANTI117A",8,888,602,286
7,"ANTI117",8,141,60,81
7,"ANTI118A",8,968,682,286
7,"ANTI118",8,205,112,93
7,"ANTI119A",8,706,469,237
7,"ANTI119",8,145,92,53
7,"ANTI120A",8,511,426,85
7,"ANTI120",8,164,122,42
7,"ANTI121A",10,465,340,125
7,"ANTI121",10,87,42,45
7,"ANTI122A",10,238,193,45
7,"ANTI122",10,44,35,9
7,"ANTI123A",10,877,636,241
7,"ANTI123",10,156,102,54
7,"ANTI124A",8,467,271,196
7,"ANTI124",8,54,22,32
7,"ANTI125A",10,729,524,205
7,"ANTI125",10,125,84,41
7,"ANTI126A",10,60,38,22
7,"ANTI126",10,45,23,22
7,"ANTI127A",10,313,228,85
7,"ANTI127",10,62,39,23
7,"ANTI128A",10,672,469,203
7,"ANTI128",10,141,84,57
7,"ANTI129A",10,842,571,271
7,"ANTI129",10,111,65,46
7,"ANTI130A",8,111,70,41
7,"ANTI130",8,41,23,18
7,"ANTI131A",8,1158,809,349
7,"ANTI131",8,246,151,95
7,"ANTI132A",10,411,274,137
7,"ANTI132",10,95,48,47
7,"ANTI133A",10,1636,1193,443
7,"ANTI133",10,317,187,130
7,"ANTI134A",8,1309,918,391
7,"ANTI134",8,256,140,116
7,"ANTI135A",8,355,233,122
7,"ANTI135",8,53,27,26
7,"ANTI136A",10,160,115,45
7,"ANTI136",10,18,9,9
7,"ANTI137A",8,1071,712,359
7,"ANTI137",8,213,114,99
7,"ANTI138A",10,1098,824,274
7,"ANTI138",10,215,140,75
7,"ANTI139A",10,47,36,11
7,"ANTI139",10,14,8,6
7,"ANTI140A",10,476,320,156
7,"ANTI140",10,129,71,58
7,"ANTI141A",10,1003,703,300
7,"ANTI141",10,149,88,61
7,"ANTI142A",10,1458,1064,394
7,"ANTI142",10,329,189,140
7,"ANTI143A",10,1269,915,354
7,"ANTI143",10,204,124,80
7,"ANTI144A",10,1200,885,315
7,"ANTI144",10,202,125,77
7,"ANTI145A",10,1289,875,414
7,"ANTI145",10,249,154,95
7,"ANTI146A",8,1376,1005,371
7,"ANTI146",8,271,149,122
7,"ANTI147A",10,1251,932,319
7,"ANTI147",10,233,171,62
7,"ANTI148A",8,1166,815,351
7,"ANTI148",8,216,105,111
7,"ANTI149A",8,1107,741,366
7,"ANTI149",8,186,82,104
7,"ANTI150A",8,104,68,36
7,"ANTI150",8,34,22,12
7,"ANTI151A",10,111,93,18
7,"ANTI151",10,21,18,3
7,"ANTI152A",10,134,100,34
7,"ANTI152",10,18,4,14
7,"ANTI153A",8,220,148,72
7,"ANTI153",8,52,32,20
7,"ANTI154A",10,181,94,87
7,"ANTI154",10,43,24,19
7,"ANTI155A",10,63,44,19
7,"AYER101A",10,367,210,157
7,"AYER101",10,68,21,47
7,"BAPO101A",8,215,173,42
7,"BAPO101",8,44,31,13
7,"BAPO102A",8,640,484,156
7,"BAPO102",8,148,81,67
7,"BAPO103A",8,1096,824,272
7,"BAPO103",8,250,168,82
7,"BAPO104A",8,1187,867,320
7,"BAPO104",8,265,169,96
7,"BAPO105A",8,1023,761,262
7,"BAPO105",8,276,185,91
7,"BAPO106A",8,253,197,56
7,"BAPO106",8,47,27,20
7,"BETH101A",10,92,49,43
7,"BETH101",10,23,9,14
7,"BETH102A",10,525,232,293
7,"BETH102",10,216,75,141
7,"BETH103A",10,171,109,62
7,"BETH103",10,60,34,26
7,"BETH104A",10,190,91,99
7,"BETH104",10,53,14,39
7,"BKDI101A",10,214,103,111
7,"BKDI101",10,29,10,19
7,"BKDI102A",10,13,6,7
7,"BKHW101A",10,1524,799,725
7,"BKHW101",10,156,60,96
7,"BKHW102A",10,2047,1325,722
7,"BKHW102",10,190,97,93
7,"BKHW103A",10,537,327,210
7,"BKHW103",10,47,19,28
7,"BKHW104A",10,396,245,151
7,"BKHW104",10,57,22,35
7,"BKHW105A",10,1266,638,628
7,"BKHW105",10,170,75,95
7,"BKHW106A",10,1134,705,429
7,"BKHW106",10,93,37,56
7,"BREN101A",10,37,21,16
7,"BREN101",10,10,4,6
7,"BREN102A",10,1295,743,552
7,"BREN102",10,243,100,143
7,"BREN103A",10,1728,1021,707
7,"BREN103",10,355,157,198
7,"BREN104A",10,1245,675,570
7,"BREN104",10,240,73,167
7,"BREN105A",10,450,262,188
7,"BREN105",10,91,45,46
7,"BREN106A",10,194,113,81
7,"BREN106",10,49,17,32
7,"BREN107A",10,1023,605,418
7,"BREN107",10,271,104,167
7,"BREN108A",10,96,53,43
7,"BREN108",10,13,4,9
7,"BREN109A",10,132,102,30
7,"BREN109",10,36,19,17
7,"BREN110A",10,1432,871,561
7,"BREN110",10,257,114,143
7,"BREN111A",9,269,156,113
7,"BREN111",9,51,17,34
7,"BREN112A",10,148,77,71
7,"BREN112",10,37,18,19
7,"BREN113A",10,16,14,2
7,"BREN114A",10,168,94,74
7,"BREN114",10,18,6,12
7,"BREN115A",10,761,401,360
7,"BREN115",10,135,47,88
7,"BREN116A",10,91,40,51
7,"BREN116",10,16,2,14
7,"BREN117A",10,169,134,35
7,"BREN117",10,60,39,21
7,"BREN118A",10,821,464,357
7,"BREN118",10,148,38,110
7,"BREN119A",10,389,202,187
7,"BREN119",10,83,26,57
7,"BREN120A",10,1109,559,550
7,"BREN120",10,245,96,149
7,"BREN121A",10,366,239,127
7,"BREN121",10,54,19,35
7,"BREN122A",10,11,7,4
7,"BREN123A",10,414,271,143
7,"BREN123",10,71,35,36
7,"BREN124A",10,38,23,15
7,"BREN124",10,10,5,5
7,"BREN125A",10,150,98,52
7,"BREN125",10,35,17,18
7,"BREN126A",10,316,188,128
7,"BREN126",10,63,16,47
7,"BREN127A",10,1722,1092,630
7,"BREN127",10,292,121,171
7,"BREN128A",10,1254,726,528
7,"BREN128",10,254,126,128
7,"BREN129A",10,1901,1105,796
7,"BREN129",10,178,69,109
7,"BREN130A",10,630,367,263
7,"BREN130",10,123,49,74
7,"BREN131A",10,1490,795,695
7,"BREN131",10,145,37,108
7,"BREN132A",10,827,506,321
7,"BREN132",10,139,52,87
7,"BREN133A",10,1852,1237,615
7,"BREN133",10,110,41,69
7,"BREN134A",10,583,365,218
7,"BREN134",10,39,16,23
7,"BREN135A",10,1045,601,444
7,"BREN135",10,227,98,129
7,"BREN136A",10,1237,740,497
7,"BREN136",10,196,78,118
7,"BREN137A",10,650,349,301
7,"BREN137",10,127,45,82
7,"BREN138A",10,187,110,77
7,"BREN138",10,53,24,29
7,"BREN139A",10,238,154,84
7,"BREN139",10,45,25,20
7,"BRHL101A",10,76,57,19
7,"BRHL101",10,10,5,5
7,"BRHL102A",10,82,58,24
7,"BRHL103A",10,491,338,153
7,"BRHL103",10,50,28,22
7,"BRHL105A",10,200,159,41
7,"BRHL106A",10,42,21,21
7,"BRHL107A",10,62,39,23
7,"BRHL108A",10,588,423,165
7,"BRHL108",10,40,21,19
7,"BRHL109A",10,362,249,113
7,"BRHL109",10,26,15,11
7,"BRVL101A",10,28,14,14
7,"BRVL103A",10,119,53,66
7,"BRVL104A",10,38,20,18
7,"BRVL105A",10,207,90,117
7,"BRVL105",10,26,4,22
7,"BRVL106A",10,80,41,39
7,"BRVL106",10,7,2,5
7,"BYRN101A",10,12,4,8
7,"BYRN102A",10,10,2,8
7,"BYRN103A",9,16,2,14
7,"BYRN104A",9,106,45,61
7,"BYRN104",9,17,4,13
7,"BYRN105A",9,166,88,78
7,"BYRN105",9,50,23,27
7,"BYRN106A",9,138,49,89
7,"BYRN106",9,26,4,22
7,"BYRN107A",10,15,2,13
7,"BYRN812A",9,10,4,6
7,"CANY101A",10,124,118,6
7,"CASR101A",10,82,50,32
7,"CASR102A",10,7,4,3
7,"CASR103A",10,13,6,7
7,"CASR104A",10,300,181,119
7,"CASR104",10,22,5,17
7,"CLAY101A",10,172,109,63
7,"CLAY101",10,21,6,15
7,"CLAY102A",10,1732,1058,674
7,"CLAY102",10,266,93,173
7,"CLAY103A",10,1228,762,466
7,"CLAY103",10,211,97,114
7,"CLAY104A",10,1610,1037,573
7,"CLAY104",10,223,108,115
7,"CLAY105A",10,1276,788,488
7,"CLAY105",10,170,59,111
7,"CLYD101A",10,309,213,96
7,"CLYD101",10,71,25,46
7,"CONC101A",10,832,612,220
7,"CONC101",10,121,69,52
7,"CONC102A",10,737,550,187
7,"CONC102",10,127,76,51
7,"CONC103A",10,158,98,60
7,"CONC103",10,15,6,9
7,"CONC104A",10,673,495,178
7,"CONC104",10,105,60,45
7,"CONC105A",10,1333,977,356
7,"CONC105",10,219,124,95
7,"CONC106A",10,563,392,171
7,"CONC106",10,87,39,48
7,"CONC107A",10,253,180,73
7,"CONC107",10,45,26,19
7,"CONC108A",10,998,681,317
7,"CONC108",10,192,105,87
7,"CONC109A",10,352,273,79
7,"CONC109",10,58,36,22
7,"CONC110A",10,1468,1042,426
7,"CONC110",10,237,120,117
7,"CONC111A",10,497,401,96
7,"CONC111",10,124,79,45
7,"CONC112A",10,1328,947,381
7,"CONC112",10,285,187,98
7,"CONC113A",10,1003,745,258
7,"CONC113",10,161,84,77
7,"CONC114A",10,51,24,27
7,"CONC114",10,12,3,9
7,"CONC115A",10,1271,919,352
7,"CONC115",10,134,69,65
7,"CONC116A",10,373,279,94
7,"CONC116",10,57,29,28
7,"CONC117A",10,1975,1437,538
7,"CONC117",10,303,164,139
7,"CONC118A",10,809,507,302
7,"CONC118",10,140,56,84
7,"CONC119A",10,10,5,5
7,"CONC120A",10,1414,980,434
7,"CONC120",10,257,108,149
7,"CONC121A",10,516,379,137
7,"CONC121",10,46,20,26
7,"CONC122A",10,220,144,76
7,"CONC122",10,32,15,17
7,"CONC123A",10,405,287,118
7,"CONC123",10,65,31,34
7,"CONC124A",10,864,603,261
7,"CONC124",10,147,80,67
7,"CONC125A",10,1796,1278,518
7,"CONC125",10,334,163,171
7,"CONC126A",10,1626,1224,402
7,"CONC126",10,302,172,130
7,"CONC127A",10,1296,950,346
7,"CONC127",10,185,89,96
7,"CONC128A",10,96,76,20
7,"CONC128",10,24,18,6
7,"CONC129A",10,1404,959,445
7,"CONC129",10,190,93,97
7,"CONC130A",10,29,15,14
7,"CONC131A",10,1190,927,263
7,"CONC131",10,239,177,62
7,"CONC132A",10,1206,881,325
7,"CONC132",10,273,177,96
7,"CONC133A",10,1885,1391,494
7,"CONC133",10,278,148,130
7,"CONC134A",10,1313,914,399
7,"CONC134",10,211,101,110
7,"CONC135A",10,792,586,206
7,"CONC135",10,140,77,63
7,"CONC136A",10,1661,1173,488
7,"CONC136",10,324,173,151
7,"CONC137A",10,304,213,91
7,"CONC137",10,23,16,7
7,"CONC138A",10,1962,1324,638
7,"CONC138",10,325,150,175
7,"CONC139A",10,404,275,129
7,"CONC139",10,44,21,23
7,"CONC140A",10,938,654,284
7,"CONC140",10,178,99,79
7,"CONC141A",10,557,386,171
7,"CONC141",10,116,54,62
7,"CONC142A",10,1594,1160,434
7,"CONC142",10,260,150,110
7,"CONC143A",10,690,478,212
7,"CONC143",10,114,57,57
7,"CONC144A",10,1273,870,403
7,"CONC144",10,178,87,91
7,"CONC145A",10,412,301,111
7,"CONC145",10,37,21,16
7,"CONC146A",10,1305,933,372
7,"CONC146",10,191,94,97
7,"CONC147A",10,1551,1089,462
7,"CONC147",10,272,145,127
7,"CONC148A",10,505,360,145
7,"CONC148",10,99,62,37
7,"CROC101A",8,1434,1144,290
7,"CROC101",8,320,207,113
7,"DANV101A",10,1155,698,457
7,"DANV101",10,120,51,69
7,"DANV102A",10,606,381,225
7,"DANV102",10,85,44,41
7,"DANV103A",10,2310,1407,903
7,"DANV103",10,218,85,133
7,"DANV104A",10,111,82,29
7,"DANV105A",10,2221,1263,958
7,"DANV105",10,303,111,192
7,"DANV106A",10,1440,934,506
7,"DANV106",10,172,78,94
7,"DANV107A",10,2053,1257,796
7,"DANV107",10,224,97,127
7,"DANV108A",10,1527,959,568
7,"DANV108",10,102,44,58
7,"DANV109A",10,1075,734,341
7,"DANV109",10,69,33,36
7,"DANV110A",10,1928,1330,598
7,"DANV110",10,259,100,159
7,"DANV111A",10,2065,1350,715
7,"DANV111",10,169,65,104
7,"DANV112A",10,711,426,285
7,"DANV112",10,82,23,59
7,"DANV113A",10,2489,1558,931
7,"DANV113",10,265,100,165
7,"DANV114A",10,1390,796,594
7,"DANV114",10,155,53,102
7,"DANV115A",10,509,352,157
7,"DANV115",10,75,39,36
7,"DANV116A",10,1585,958,627
7,"DANV116",10,184,62,122
7,"DBAY101A",10,22,5,17
7,"DBAY102A",9,25,7,18
7,"DBAY103A",10,44,16,28
7,"DBAY104A",9,834,452,382
7,"DBAY104",9,134,30,104
7,"DBAY105A",9,15,2,13
7,"DBAY108A",9,411,217,194
7,"DBAY108",9,74,23,51
7,"DBAY109A",9,15,5,10
7,"DBAY110A",9,1159,492,667
7,"DBAY110",9,259,56,203
7,"DBAY111A",9,639,317,322
7,"DBAY111",9,129,50,79
7,"DBAY112A",9,835,365,470
7,"DBAY112",9,137,24,113
7,"DBAY113A",9,909,392,517
7,"DBAY113",9,168,48,120
7,"DBAY114A",9,1157,571,586
7,"DBAY114",9,254,80,174
7,"DBAY115A",9,562,224,338
7,"DBAY115",9,123,34,89
7,"DBAY116A",9,28,7,21
7,"DIAB101A",10,580,241,339
7,"DIAB101",10,71,24,47
7,"DIAB102A",10,84,52,32
7,"DIAB102",10,18,11,7
7,"ELCR101A",8,1584,1425,159
7,"ELCR101",8,157,124,33
7,"ELCR102A",8,48,47,1
7,"ELCR103A",8,1866,1719,147
7,"ELCR103",8,193,171,22
7,"ELCR104A",8,1146,1029,117
7,"ELCR104",8,151,111,40
7,"ELCR105A",8,2132,1867,265
7,"ELCR105",8,179,151,28
7,"ELCR106A",8,2132,1940,192
7,"ELCR106",8,132,100,32
7,"ELCR107A",8,1525,1362,163
7,"ELCR107",8,153,136,17
7,"ELCR108A",8,988,880,108
7,"ELCR108",8,110,93,17
7,"ELCR109A",8,1139,1070,69
7,"ELCR109",8,96,83,13
7,"ELSO101A",8,16,9,7
7,"ELSO102A",8,161,119,42
7,"ELSO102",8,11,6,5
7,"ELSO103A",8,1580,1258,322
7,"ELSO103",8,237,149,88
7,"ELSO104A",8,1124,878,246
7,"ELSO104",8,113,76,37
7,"ELSO105A",8,63,56,7
7,"ELSO105",8,17,12,5
7,"ELSO106A",8,607,445,162
7,"ELSO106",8,103,59,44
7,"ELSO108A",8,444,355,89
7,"ELSO108",8,58,41,17
7,"ELSO109A",8,901,712,189
7,"ELSO109",8,151,102,49
7,"ELSO110A",8,19,16,3
7,"ERIC101A",8,366,319,47
7,"ERIC101",8,58,46,12
7,"ERIC102A",8,1907,1721,186
7,"ERIC102",8,210,179,31
7,"ERIC103A",8,32,29,3
7,"GIAN101A",8,555,422,133
7,"GIAN101",8,67,49,18
7,"GIAN102A",8,1642,1219,423
7,"GIAN102",8,259,159,100
7,"GIAN103A",8,850,659,191
7,"GIAN103",8,142,97,45
7,"HERC101A",8,647,520,127
7,"HERC101",8,117,78,39
7,"HERC102A",8,2024,1584,440
7,"HERC102",8,295,207,88
7,"HERC103A",8,243,191,52
7,"HERC103",8,21,20,1
7,"HERC104A",8,1376,1108,268
7,"HERC104",8,180,118,62
7,"HERC105A",8,55,40,15
7,"HERC106A",8,880,743,137
7,"HERC106",8,110,81,29
7,"HERC107A",8,1460,1117,343
7,"HERC107",8,225,146,79
7,"HERC108A",8,1177,910,267
7,"HERC108",8,178,113,65
7,"HERC109A",8,1354,1046,308
7,"HERC109",8,178,109,69
7,"HERC110A",8,1043,770,273
7,"HERC110",8,108,59,49
7,"KENS101A",8,1727,1610,117
7,"KENS101",8,129,113,16
7,"KENS102A",8,1651,1543,108
7,"KENS102",8,127,108,19
7,"KNGT101A",10,34,10,24
7,"KNGT102A",10,29,17,12
7,"KNGT104A",10,68,32,36
7,"KNGT104",10,12,4,8
7,"KNGT105A",10,243,95,148
7,"KNGT105",10,55,14,41
7,"KNGT106A",10,59,29,30
7,"KNGT106",10,11,1,10
7,"KNGT107A",10,61,23,38
7,"KNGT107",10,15,4,11
7,"KNGT108A",10,27,13,14
7,"KNGT108",10,12,2,10
7,"KNGT110A",10,52,13,39
7,"KNGT111A",10,33,14,19
7,"KNGT111",10,13,3,10
7,"KNGT112A",10,23,7,16
7,"KNGT114A",10,38,19,19
7,"KNGT115A",10,23,4,19
7,"KNGT116A",10,14,5,9
7,"KNGT119A",10,20,7,13
7,"KNGT120A",10,42,4,38
7,"KNGT120",10,13,4,9
7,"LAST102A",10,45,21,24
7,"LFET101A",10,25,16,9
7,"LFET102A",10,195,143,52
7,"LFET102",10,13,5,8
7,"LFET103A",10,11,8,3
7,"LFET104A",10,35,29,6
7,"LFET105A",10,1540,1110,430
7,"LFET105",10,155,95,60
7,"LFET106A",10,2094,1650,444
7,"LFET106",10,195,115,80
7,"LFET107A",10,1889,1445,444
7,"LFET107",10,175,95,80
7,"LFET108A",10,1391,1107,284
7,"LFET108",10,195,127,68
7,"LFET109A",10,2118,1709,409
7,"LFET109",10,268,165,103
7,"LFET110A",10,1419,1084,335
7,"LFET110",10,193,119,74
7,"LFET111A",10,2147,1612,535
7,"LFET111",10,219,131,88
7,"LFET112A",10,1007,739,268
7,"LFET112",10,84,42,42
7,"MARC101A",10,23,7,16
7,"MARC102A",10,29,12,17
7,"MARC103A",10,87,27,60
7,"MARC103",10,11,3,8
7,"MARC104A",10,16,7,9
7,"MARC105A",10,59,15,44
7,"MARC105",10,10,1,9
7,"MART101A",10,19,14,5
7,"MART102A",10,45,39,6
7,"MART103A",10,339,261,78
7,"MART103",10,60,36,24
7,"MART104A",10,113,76,37
7,"MART104",10,20,10,10
7,"MART105A",10,1390,976,414
7,"MART105",10,184,95,89
7,"MART106A",10,235,144,91
7,"MART106",10,24,11,13
7,"MART107A",10,96,66,30
7,"MART107",10,10,5,5
7,"MART108A",10,1120,838,282
7,"MART108",10,89,43,46
7,"MART109A",10,1251,947,304
7,"MART109",10,108,52,56
7,"MART111A",10,19,10,9
7,"MART112A",10,740,467,273
7,"MART112",10,80,34,46
7,"MART113A",10,148,69,79
7,"MART114A",10,1399,1016,383
7,"MART114",10,192,87,105
7,"MART115A",10,41,23,18
7,"MART116A",10,432,307,125
7,"MART116",10,29,19,10
7,"MART117A",10,291,233,58
7,"MART117",10,22,11,11
7,"MART118A",10,861,594,267
7,"MART118",10,89,33,56
7,"MART119A",10,249,175,74
7,"MART119",10,38,21,17
7,"MART120A",10,421,299,122
7,"MART120",10,65,31,34
7,"MART121A",10,129,66,63
7,"MART121",10,12,5,7
7,"MART122A",10,355,232,123
7,"MART122",10,34,13,21
7,"MART123A",10,21,16,5
7,"MART124A",10,210,146,64
7,"MART124",10,26,18,8
7,"MART125A",10,263,213,50
7,"MART125",10,44,21,23
7,"MART126A",10,128,73,55
7,"MART128A",10,369,275,94
7,"MART128",10,41,22,19
7,"MART129A",10,824,601,223
7,"MART129",10,122,71,51
7,"MART130A",8,919,719,200
7,"MART130",8,151,84,67
7,"MART131A",10,419,313,106
7,"MART131",10,98,60,38
7,"MART132A",8,824,620,204
7,"MART132",8,98,56,42
7,"MART133A",10,333,254,79
7,"MART133",10,63,35,28
7,"MART134A",10,38,29,9
7,"MART135A",10,1086,788,298
7,"MART135",10,135,66,69
7,"MART136A",8,570,402,168
7,"MART136",8,66,30,36
7,"MART137A",10,305,187,118
7,"MART137",10,36,11,25
7,"MART138A",10,491,323,168
7,"MART138",10,24,7,17
7,"MART139A",10,212,141,71
7,"MART139",10,19,12,7
7,"MART140A",10,280,207,73
7,"MART140",10,34,13,21
7,"MART141A",10,221,159,62
7,"MART141",10,15,8,7
7,"MART142A",10,17,10,7
7,"MART143A",10,172,119,53
7,"MART143",10,62,36,26
7,"MART144A",10,303,205,98
7,"MART144",10,36,14,22
7,"MART145A",10,128,97,31
7,"MART146A",10,31,23,8
7,"MORG101A",10,2305,1797,508
7,"MORG101",10,142,85,57
7,"MORG103A",10,1997,1481,516
7,"MORG103",10,174,97,77
7,"MORG104A",10,841,623,218
7,"MORG104",10,84,52,32
7,"MORG105A",10,1490,1135,355
7,"MORG105",10,198,115,83
7,"MORG106A",10,1385,1060,325
7,"MORG106",10,143,81,62
7,"MORG107A",10,406,293,113
7,"MORG107",10,44,33,11
7,"MVIE101A",10,893,612,281
7,"MVIE101",10,186,87,99
7,"MVIE102A",10,11,9,2
7,"MVIE103A",10,18,15,3
7,"NCYN101A",10,523,298,225
7,"NCYN101",10,106,49,57
7,"NRIC101A",8,79,67,12
7,"NRIC101",8,31,19,12
7,"NRIC102A",8,304,246,58
7,"NRIC102",8,55,42,13
7,"NRIC103A",8,244,199,45
7,"NRIC103",8,68,53,15
7,"OKLY101A",10,160,88,72
7,"OKLY101",10,33,14,19
7,"OKLY102A",10,250,124,126
7,"OKLY102",10,40,12,28
7,"OKLY103A",10,249,165,84
7,"OKLY103",10,60,30,30
7,"OKLY104A",10,648,415,233
7,"OKLY104",10,168,82,86
7,"OKLY105A",10,321,187,134
7,"OKLY105",10,49,18,31
7,"OKLY106A",10,451,268,183
7,"OKLY106",10,86,27,59
7,"OKLY107A",10,686,393,293
7,"OKLY107",10,134,42,92
7,"OKLY108A",10,191,75,116
7,"OKLY108",10,28,11,17
7,"OKLY109A",10,968,657,311
7,"OKLY109",10,182,93,89
7,"OKLY110A",10,707,437,270
7,"OKLY110",10,133,71,62
7,"OKLY111A",10,874,478,396
7,"OKLY111",10,165,46,119
7,"OKLY112A",10,474,310,164
7,"OKLY112",10,62,23,39
7,"OKLY113A",10,179,96,83
7,"OKLY113",10,35,15,20
7,"OKLY114A",10,481,268,213
7,"OKLY114",10,77,27,50
7,"OKLY115A",10,73,45,28
7,"OKLY115",10,18,8,10
7,"OKLY116A",10,807,486,321
7,"OKLY116",10,153,58,95
7,"OKLY117A",10,46,23,23
7,"OKLY118A",10,34,13,21
7,"OKLY119A",10,26,14,12
7,"OKLY120A",10,290,194,96
7,"OKLY120",10,61,34,27
7,"OKLY121A",10,271,155,116
7,"OKLY121",10,45,12,33
7,"OKLY122A",10,222,128,94
7,"OKLY122",10,36,16,20
7,"OKLY123A",10,327,175,152
7,"OKLY123",10,67,26,41
7,"OKLY124A",10,374,207,167
7,"OKLY124",10,69,30,39
7,"OKLY125A",10,68,37,31
7,"OKLY125",10,40,17,23
7,"OKLY126A",10,473,299,174
7,"OKLY126",10,97,27,70
7,"OKLY127A",10,713,399,314
7,"OKLY127",10,152,44,108
7,"OKLY128A",10,32,22,10
7,"OKLY129A",10,391,226,165
7,"OKLY129",10,81,31,50
7,"OKLY130A",10,500,272,228
7,"OKLY130",10,97,35,62
7,"OKLY131A",10,743,453,290
7,"OKLY131",10,310,131,179
7,"OKLY132A",10,33,17,16
7,"OKLY133A",10,372,216,156
7,"OKLY133",10,39,15,24
7,"OKLY134A",10,328,185,143
7,"OKLY134",10,46,19,27
7,"OKLY135A",10,853,424,429
7,"OKLY135",10,190,63,127
7,"OKLY136A",10,614,345,269
7,"OKLY136",10,114,31,83
7,"OKLY137A",10,807,546,261
7,"OKLY137",10,164,69,95
7,"OKLY138A",10,130,83,47
7,"OKLY138",10,45,24,21
7,"OLEU101A",8,29,11,18
7,"ORDA101A",10,2172,1689,483
7,"ORDA101",10,162,100,62
7,"ORDA102A",10,1563,1248,315
7,"ORDA102",10,143,108,35
7,"ORDA103A",10,58,47,11
7,"ORDA104A",10,39,31,8
7,"ORDA104",10,12,10,2
7,"ORDA105A",10,2589,1979,610
7,"ORDA105",10,222,140,82
7,"ORDA106A",10,793,588,205
7,"ORDA106",10,40,27,13
7,"ORDA107A",10,1304,994,310
7,"ORDA107",10,97,54,43
7,"ORDA108A",10,1517,1119,398
7,"ORDA108",10,138,77,61
7,"ORDA109A",10,1187,979,208
7,"ORDA109",10,80,49,31
7,"PACH101A",10,98,70,28
7,"PACH101",10,11,4,7
7,"PACH102A",10,806,570,236
7,"PACH102",10,168,100,68
7,"PACH103A",10,166,106,60
7,"PACH103",10,22,9,13
7,"PACH104A",10,493,345,148
7,"PACH104",10,94,55,39
7,"PINL102A",8,1530,1162,368
7,"PINL102",8,190,118,72
7,"PINL103A",8,617,474,143
7,"PINL103",8,62,31,31
7,"PINL104A",8,13,7,6
7,"PINL105A",8,1732,1330,402
7,"PINL105",8,231,144,87
7,"PINL106A",8,29,24,5
7,"PINL107A",8,22,16,6
7,"PINL108A",8,759,564,195
7,"PINL108",8,91,60,31
7,"PINL109A",8,1447,1125,322
7,"PINL109",8,216,140,76
7,"PINL110A",8,1338,1016,322
7,"PINL110",8,170,99,71
7,"PLHL101A",10,88,57,31
7,"PLHL101",10,11,8,3
7,"PLHL102A",10,693,505,188
7,"PLHL102",10,59,30,29
7,"PLHL103A",10,756,590,166
7,"PLHL103",10,151,93,58
7,"PLHL104A",10,438,328,110
7,"PLHL104",10,46,24,22
7,"PLHL105A",10,120,92,28
7,"PLHL105",10,20,9,11
7,"PLHL106A",10,551,419,132
7,"PLHL106",10,62,41,21
7,"PLHL107A",10,1506,1087,419
7,"PLHL107",10,156,85,71
7,"PLHL108A",10,882,695,187
7,"PLHL108",10,180,110,70
7,"PLHL109A",10,1371,1030,341
7,"PLHL109",10,132,76,56
7,"PLHL110A",10,1751,1333,418
7,"PLHL110",10,197,116,81
7,"PLHL111A",10,213,151,62
7,"PLHL111",10,35,24,11
7,"PLHL112A",10,757,581,176
7,"PLHL112",10,102,59,43
7,"PLHL113A",10,1449,1106,343
7,"PLHL113",10,191,120,71
7,"PLHL114A",10,1303,962,341
7,"PLHL114",10,174,90,84
7,"PLHL115A",10,1088,765,323
7,"PLHL115",10,121,71,50
7,"PLHL116A",10,1179,882,297
7,"PLHL116",10,94,52,42
7,"PLHL117A",10,41,36,5
7,"PLHL118A",10,224,176,48
7,"PLHL118",10,34,21,13
7,"PLHL119A",10,393,293,100
7,"PLHL119",10,58,34,24
7,"PLHL120A",10,320,244,76
7,"PLHL120",10,19,13,6
7,"PLHL121A",10,32,23,9
7,"PLHL122A",10,176,121,55
7,"PLHL122",10,15,8,7
7,"PLHL123A",10,317,227,90
7,"PLHL123",10,63,37,26
7,"PLHL124A",10,131,96,35
7,"PLHL124",10,20,12,8
7,"PLHL125A",10,73,52,21
7,"PLHL125",10,19,12,7
7,"PLHL126A",10,217,158,59
7,"PLHL126",10,22,10,12
7,"PRCO101A",8,125,102,23
7,"PRCO101",8,10,7,3
7,"PTTS101A",8,22,19,3
7,"PTTS102A",8,1018,742,276
7,"PTTS102",8,207,121,86
7,"PTTS103A",8,153,111,42
7,"PTTS103",8,24,10,14
7,"PTTS104A",8,889,674,215
7,"PTTS104",8,152,99,53
7,"PTTS105A",8,1617,1134,483
7,"PTTS105",8,265,158,107
7,"PTTS106A",8,12,9,3
7,"PTTS107A",8,1181,813,368
7,"PTTS107",8,291,161,130
7,"PTTS108A",8,1255,903,352
7,"PTTS108",8,273,150,123
7,"PTTS109A",8,997,814,183
7,"PTTS109",8,232,159,73
7,"PTTS110A",8,509,401,108
7,"PTTS110",8,116,88,28
7,"PTTS111A",8,980,783,197
7,"PTTS111",8,220,150,70
7,"PTTS112A",8,822,654,168
7,"PTTS112",8,213,143,70
7,"PTTS113A",8,919,691,228
7,"PTTS113",8,207,125,82
7,"PTTS114A",8,974,755,219
7,"PTTS114",8,168,101,67
7,"PTTS115A",8,1291,1004,287
7,"PTTS115",8,264,197,67
7,"PTTS116A",8,1031,742,289
7,"PTTS116",8,166,105,61
7,"PTTS117A",8,1543,1138,405
7,"PTTS117",8,319,178,141
7,"PTTS118A",8,1525,1150,375
7,"PTTS118",8,282,175,107
7,"PTTS119A",8,1021,783,238
7,"PTTS119",8,158,94,64
7,"PTTS120A",8,823,605,218
7,"PTTS120",8,168,105,63
7,"PTTS121A",8,401,275,126
7,"PTTS121",8,63,35,28
7,"PTTS122A",8,48,40,8
7,"PTTS122",8,8,5,3
7,"PTTS123A",8,1365,1003,362
7,"PTTS123",8,222,131,91
7,"RICH101A",8,935,790,145
7,"RICH101",8,264,206,58
7,"RICH102A",8,153,137,16
7,"RICH102",8,21,13,8
7,"RICH103A",8,187,165,22
7,"RICH103",8,21,15,6
7,"RICH104A",8,115,100,15
7,"RICH104",8,30,20,10
7,"RICH105A",8,203,173,30
7,"RICH105",8,90,66,24
7,"RICH107A",8,19,13,6
7,"RICH108A",8,242,207,35
7,"RICH108",8,21,9,12
7,"RICH109A",8,101,77,24
7,"RICH110A",8,73,55,18
7,"RICH111A",8,63,56,7
7,"RICH112A",8,443,367,76
7,"RICH112",8,45,34,11
7,"RICH113A",8,1248,1089,159
7,"RICH113",8,232,180,52
7,"RICH114A",8,982,805,177
7,"RICH114",8,136,90,46
7,"RICH115A",8,207,153,54
7,"RICH115",8,10,6,4
7,"RICH116A",8,1007,729,278
7,"RICH116",8,131,90,41
7,"RICH117A",8,242,203,39
7,"RICH117",8,68,49,19
7,"RICH118A",8,1963,1771,192
7,"RICH118",8,227,187,40
7,"RICH119A",8,1588,1273,315
7,"RICH119",8,191,129,62
7,"RICH120A",8,208,169,39
7,"RICH120",8,55,41,14
7,"RICH121A",8,1278,1052,226
7,"RICH121",8,288,215,73
7,"RICH122A",8,22,20,2
7,"RICH123A",8,1395,1199,196
7,"RICH123",8,146,104,42
7,"RICH124A",8,1364,1202,162
7,"RICH124",8,134,115,19
7,"RICH125A",8,993,893,100
7,"RICH125",8,254,190,64
7,"RICH126A",8,771,693,78
7,"RICH126",8,226,188,38
7,"RICH127A",8,2322,2076,246
7,"RICH127",8,236,172,64
7,"RICH128A",8,920,855,65
7,"RICH128",8,136,118,18
7,"RICH129A",8,453,393,60
7,"RICH129",8,79,61,18
7,"RICH130A",8,123,107,16
7,"RICH130",8,62,49,13
7,"RICH131A",8,267,227,40
7,"RICH131",8,48,35,13
7,"RICH132A",8,1080,930,150
7,"RICH132",8,289,221,68
7,"RICH133A",8,592,494,98
7,"RICH133",8,166,125,41
7,"RICH134A",8,450,389,61
7,"RICH134",8,166,128,38
7,"RICH135A",8,1417,1201,216
7,"RICH135",8,183,135,48
7,"RICH136A",8,1482,1327,155
7,"RICH136",8,237,177,60
7,"RICH137A",8,276,225,51
7,"RICH137",8,88,63,25
7,"RICH138A",8,375,314,61
7,"RICH138",8,108,80,28
7,"RICH139A",8,627,499,128
7,"RICH139",8,165,125,40
7,"RICH140A",8,608,521,87
7,"RICH140",8,93,67,26
7,"RICH141A",8,934,810,124
7,"RICH141",8,146,106,40
7,"RICH142A",8,208,168,40
7,"RICH142",8,39,24,15
7,"RICH143A",8,576,501,75
7,"RICH143",8,85,67,18
7,"RICH144A",8,703,641,62
7,"RICH144",8,90,77,13
7,"RICH145A",8,673,547,126
7,"RICH145",8,34,24,10
7,"RICH146A",8,269,248,21
7,"RICH146",8,62,55,7
7,"RICH147A",8,281,229,52
7,"RICH147",8,70,54,16
7,"RICH148A",8,44,28,16
7,"RICH149A",8,305,261,44
7,"RICH149",8,90,65,25
7,"RICH150A",8,175,152,23
7,"RICH150",8,34,27,7
7,"RICH151A",8,36,31,5
7,"RICH152A",8,94,87,7
7,"RODO101A",8,73,67,6
7,"RODO101",8,28,26,2
7,"RODO102A",8,1477,1077,400
7,"RODO102",8,326,206,120
7,"RODO103A",8,1420,1065,355
7,"RODO103",8,225,123,102
7,"ROLL101A",8,679,533,146
7,"ROLL101",8,114,73,41
7,"ROLL102A",8,70,51,19
7,"ROLL102",8,10,4,6
7,"SARA101A",10,184,149,35
7,"SARA101",10,10,4,6
7,"SARA102A",10,738,597,141
7,"SARA102",10,63,37,26
7,"SARA103A",10,541,410,131
7,"SARA103",10,45,29,16
7,"SARA104A",10,2361,1866,495
7,"SARA104",10,179,119,60
7,"SHEL101A",10,391,304,87
7,"SHEL101",10,37,24,13
7,"SHEL102A",10,185,120,65
7,"SHEL102",10,14,6,8
7,"SPAB101A",8,150,127,23
7,"SPAB101",8,20,15,5
7,"SPAB102A",8,609,530,79
7,"SPAB102",8,119,95,24
7,"SPAB103A",8,238,198,40
7,"SPAB103",8,48,34,14
7,"SPAB104A",8,814,636,178
7,"SPAB104",8,202,136,66
7,"SPAB105A",8,410,338,72
7,"SPAB105",8,60,50,10
7,"SPAB106A",8,846,696,150
7,"SPAB106",8,203,145,58
7,"SPAB107A",8,692,542,150
7,"SPAB107",8,202,131,71
7,"SPAB108A",8,802,630,172
7,"SPAB108",8,165,113,52
7,"SPAB109A",8,562,460,102
7,"SPAB109",8,78,56,22
7,"SPAB110A",8,736,603,133
7,"SPAB110",8,140,93,47
7,"SRAM101A",10,31,21,10
7,"SRAM102A",10,405,291,114
7,"SRAM102",10,51,23,28
7,"SRAM103A",10,473,347,126
7,"SRAM103",10,67,27,40
7,"SRAM104A",10,246,172,74
7,"SRAM104",10,34,16,18
7,"SRAM105A",10,378,261,117
7,"SRAM105",10,65,29,36
7,"SRAM106A",10,191,132,59
7,"SRAM106",10,24,12,12
7,"SRAM107A",10,1878,1360,518
7,"SRAM107",10,287,179,108
7,"SRAM108A",10,877,560,317
7,"SRAM108",10,128,66,62
7,"SRAM109A",10,96,71,25
7,"SRAM110A",10,699,465,234
7,"SRAM110",10,71,28,43
7,"SRAM111A",10,255,168,87
7,"SRAM111",10,54,18,36
7,"SRAM112A",10,82,51,31
7,"SRAM113A",10,83,58,25
7,"SRAM114A",10,725,504,221
7,"SRAM114",10,63,40,23
7,"SRAM115A",10,316,219,97
7,"SRAM115",10,31,15,16
7,"SRAM116A",10,120,72,48
7,"SRAM116",10,21,15,6
7,"SRAM117A",10,1386,953,433
7,"SRAM117",10,211,124,87
7,"SRAM118A",10,1429,915,514
7,"SRAM118",10,154,68,86
7,"SRAM119A",10,657,457,200
7,"SRAM119",10,55,22,33
7,"SRAM120A",10,486,329,157
7,"SRAM120",10,85,42,43
7,"SRAM121A",10,199,127,72
7,"SRAM121",10,12,3,9
7,"SRAM122A",10,1820,1330,490
7,"SRAM122",10,287,149,138
7,"SRAM123A",10,1816,1184,632
7,"SRAM123",10,206,82,124
7,"SRAM124A",10,1400,1025,375
7,"SRAM124",10,216,98,118
7,"SRAM125A",10,935,605,330
7,"SRAM125",10,104,48,56
7,"SRAM126A",10,2109,1343,766
7,"SRAM126",10,288,125,163
7,"SRAM127A",10,1449,945,504
7,"SRAM127",10,171,78,93
7,"SRAM128A",10,1156,753,403
7,"SRAM128",10,92,44,48
7,"SRAM129A",10,2254,1517,737
7,"SRAM129",10,291,137,154
7,"SRAM130A",10,1868,1238,630
7,"SRAM130",10,218,103,115
7,"SRAM131A",10,321,231,90
7,"SRAM131",10,45,19,26
7,"SRAM132A",10,1168,811,357
7,"SRAM132",10,124,66,58
7,"SRAM133A",10,836,614,222
7,"SRAM133",10,170,111,59
7,"SRAM134A",10,721,501,220
7,"SRAM134",10,97,49,48
7,"SRAM135A",10,535,352,183
7,"SRAM135",10,73,37,36
7,"SRAM136A",10,803,561,242
7,"SRAM136",10,70,41,29
7,"SRAM137A",10,519,353,166
7,"SRAM137",10,67,30,37
7,"SRAM138A",10,1395,973,422
7,"SRAM138",10,201,100,101
7,"SRAM139A",10,529,329,200
7,"SRAM139",10,85,41,44
7,"SRAM140A",10,92,59,33
7,"SRAM140",10,16,11,5
7,"SRAM141A",10,54,36,18
7,"SRAM142A",10,65,48,17
7,"SRAM142",10,8,7,1
7,"SRAM143A",10,15,12,3
7,"STMY101A",10,23,10,13
7,"STMY102A",10,35,22,13
7,"STMY105A",10,14,12,2
7,"TASJ101A",10,105,49,56
7,"TASJ102A",10,35,15,20
7,"TASJ103A",10,27,9,18
7,"TASJ104A",10,284,127,157
7,"TASJ104",10,29,7,22
7,"VIER101A",8,9,4,5
7,"VINE101A",10,102,65,37
7,"VINE101",10,17,8,9
7,"VINE102A",10,379,227,152
7,"VINE102",10,101,37,64
7,"VINE103A",10,9,6,3
7,"VINE104A",10,116,69,47
7,"VINE104",10,17,8,9
7,"VINE105A",10,80,61,19
7,"VINE106A",10,317,230,87
7,"VINE106",10,39,21,18
7,"VINE107A",10,34,18,16
7,"VINE108A",10,390,247,143
7,"VINE108",10,66,29,37
7,"WALD101A",10,14,10,4
7,"WALD102A",10,100,79,21
7,"WALD102",10,9,5,4
7,"WALD103A",10,339,244,95
7,"WALD103",10,23,12,11
7,"WALD104A",10,262,220,42
7,"WALD104",10,55,35,20
7,"WALD105A",10,1252,981,271
7,"WALD105",10,184,121,63
7,"WALD106A",10,560,450,110
7,"WALD106",10,105,56,49
7,"WLCR101A",10,222,161,61
7,"WLCR101",10,27,13,14
7,"WLCR102A",10,596,415,181
7,"WLCR102",10,45,23,22
7,"WLCR103A",10,2107,1575,532
7,"WLCR103",10,183,110,73
7,"WLCR104A",10,177,130,47
7,"WLCR104",10,20,5,15
7,"WLCR105A",10,1755,1371,384
7,"WLCR105",10,290,168,122
7,"WLCR106A",10,355,284,71
7,"WLCR106",10,29,19,10
7,"WLCR107A",10,1326,1002,324
7,"WLCR107",10,155,87,68
7,"WLCR108A",10,178,135,43
7,"WLCR108",10,19,8,11
7,"WLCR109A",10,779,597,182
7,"WLCR109",10,81,50,31
7,"WLCR110A",10,1840,1428,412
7,"WLCR110",10,187,109,78
7,"WLCR111A",10,293,216,77
7,"WLCR111",10,24,15,9
7,"WLCR112A",10,747,571,176
7,"WLCR112",10,121,73,48
7,"WLCR113A",10,55,43,12
7,"WLCR114A",10,1823,1377,446
7,"WLCR114",10,241,134,107
7,"WLCR115A",10,1014,734,280
7,"WLCR115",10,135,73,62
7,"WLCR116A",10,1334,1021,313
7,"WLCR116",10,176,97,79
7,"WLCR117A",10,2358,1891,467
7,"WLCR117",10,101,58,43
7,"WLCR118A",10,1749,1275,474
7,"WLCR118",10,170,85,85
7,"WLCR119A",10,1010,771,239
7,"WLCR119",10,192,121,71
7,"WLCR120A",10,886,639,247
7,"WLCR120",10,106,64,42
7,"WLCR121A",10,1484,1113,371
7,"WLCR121",10,169,91,78
7,"WLCR122A",10,1512,1150,362
7,"WLCR122",10,240,135,105
7,"WLCR123A",10,1639,1181,458
7,"WLCR123",10,212,104,108
7,"WLCR124A",10,1793,1252,541
7,"WLCR124",10,175,96,79
7,"WLCR125A",10,1563,1148,415
7,"WLCR125",10,166,86,80
7,"WLCR126A",10,921,670,251
7,"WLCR126",10,116,67,49
7,"WLCR127A",10,43,37,6
7,"WLCR128A",10,628,496,132
7,"WLCR128",10,54,30,24
7,"WLCR129A",10,393,292,101
7,"WLCR129",10,11,5,6
7,"WLCR130A",10,1839,1495,344
7,"WLCR130",10,88,70,18
7,"WLCR131A",10,2458,1956,502
7,"WLCR131",10,89,57,32
7,"WLCR132A",10,165,105,60
7,"WLCR132",10,13,5,8
7,"WLCR133A",10,288,234,54
7,"WLCR133",10,35,16,19
7,"WLKN101A",10,2087,1533,554
7,"WLKN101",10,236,125,111
7,"WLKN102A",10,146,100,46
7,"WLKN102",10,10,5,5
7,"CNTYTOT",0,506020,351607,154413
7,"AD15_TOT",0,209226,140811,68415
7,"AD16_TOT",0,169597,115631,53966
7,"AD11_TOT",0,29169,14776,14393
7,"AD14_TOT",0,98028,80389,17639
7,"CD10_TOT",0,346207,229971,116236
7,"CD08_TOT",0,151009,117827,33182
7,"CD09_TOT",0,8804,3809,4995
7,"SD09_TOT",0,347558,238976,108582
7,"SD03_TOT",0,60446,32250,28196
7,"SD07_TOT",0,98016,80381,17635
7,"BE02_TOT",0,506020,351607,154413
7,"SOV_CD08",0,151009,117827,33182
7,"SOV_CD09",0,8804,3809,4995
7,"SOV_CD10",0,346207,229971,116236
8,"01",2,92,34,58
8,"01A",2,487,260,227
8,"02",2,100,45,55
8,"02A",2,377,182,195
8,"03",2,72,34,38
8,"03A",2,378,178,200
8,"04",2,39,14,25
8,"04A",2,275,154,121
8,"05",2,50,18,32
8,"05A",2,276,156,120
8,"06",2,56,16,40
8,"06A",2,320,172,148
8,"07",2,124,37,87
8,"07A",2,585,293,292
8,"08",2,64,33,31
8,"08A",2,329,173,156
8,"09",2,86,22,64
8,"09A",2,351,129,222
8,"10",2,69,22,47
8,"10A",2,557,274,283
8,"11",2,68,20,48
8,"11A",2,629,244,385
8,"12",2,57,23,34
8,"12A",2,346,193,153
8,"13",2,57,16,41
8,"13A",2,297,120,177
8,"14",2,159,49,110
8,"14A",2,1167,421,746
8,"15",2,105,31,74
8,"15A",2,720,242,478
8,"16",2,136,46,90
8,"16A",2,591,225,366
8,"17",2,157,53,104
8,"17A",2,694,288,406
8,"18",2,101,53,48
8,"18A",2,292,175,117
8,"CNTYTOT",0,10271,4445,5826
8,"AD02_TOT",0,10271,4445,5826
8,"CD02_TOT",0,10271,4445,5826
8,"SD02_TOT",0,10271,4445,5826
8,"BE02_TOT",0,10271,4445,5826
8,"SOV_CD02",0,10271,4445,5826
9,"102-02A",5,1219,528,691
9,"102-02",5,87,19,68
9,"103-02A",5,1221,529,692
9,"103-02",5,140,37,103
9,"104-02A",5,978,418,560
9,"104-02",5,125,32,93
9,"105-02A",5,770,325,445
9,"105-02",5,106,31,75
9,"106-02A",5,1155,477,678
9,"106-02",5,106,22,84
9,"107-02A",5,866,391,475
9,"107-02",5,71,15,56
9,"108-02A",5,929,401,528
9,"108-02",5,97,33,64
9,"109-02A",5,957,373,584
9,"109-02",5,100,28,72
9,"110-02A",5,1503,541,962
9,"110-02",5,141,31,110
9,"111-03A",5,1127,487,640
9,"111-03",5,128,29,99
9,"112-04A",5,189,44,145
9,"113-05A",5,1538,643,895
9,"113-05",5,162,42,120
9,"114-05A",5,1217,536,681
9,"114-05",5,143,37,106
9,"115-05A",5,836,268,568
9,"115-05",5,80,17,63
9,"116-05A",5,1170,514,656
9,"116-05",5,158,46,112
9,"117-05A",5,1464,683,781
9,"117-05",5,204,72,132
9,"118-05A",5,899,427,472
9,"118-05",5,128,45,83
9,"119-05A",5,1146,503,643
9,"119-05",5,131,31,100
9,"120-05A",5,1373,570,803
9,"120-05",5,163,32,131
9,"123-08A",5,622,227,395
9,"123-08",5,68,9,59
9,"124-09A",5,309,126,183
9,"124-09",5,25,7,18
9,"126-11A",5,14,5,9
9,"201-12A",5,895,382,513
9,"201-12",5,184,52,132
9,"202-12A",5,1288,575,713
9,"202-12",5,119,28,91
9,"203-12A",5,1399,583,816
9,"203-12",5,135,36,99
9,"204-12A",5,1171,444,727
9,"204-12",5,137,41,96
9,"205-13A",5,224,69,155
9,"206-14A",5,190,51,139
9,"207-15A",5,1238,512,726
9,"207-15",5,125,39,86
9,"208-15A",5,1087,422,665
9,"208-15",5,131,19,112
9,"209-15A",5,1058,414,644
9,"209-15",5,150,40,110
9,"210-15A",5,1156,501,655
9,"210-15",5,139,39,100
9,"211-16A",5,784,226,558
9,"211-16",5,71,11,60
9,"212-17A",5,923,254,669
9,"212-17",5,44,5,39
9,"213-17A",5,608,203,405
9,"213-17",5,42,4,38
9,"214-18A",5,599,297,302
9,"214-18",5,23,5,18
9,"215-19A",5,1382,711,671
9,"215-19",5,46,17,29
9,"216-20A",5,101,26,75
9,"216-20",5,12,3,9
9,"217-21A",5,690,313,377
9,"217-21",5,162,56,106
9,"218-21A",5,687,341,346
9,"218-21",5,65,21,44
9,"219-21A",5,1057,502,555
9,"219-21",5,136,37,99
9,"220-22A",5,355,141,214
9,"220-22",5,37,9,28
9,"222-24A",5,102,40,62
9,"222-24",5,11,2,9
9,"223-25A",3,782,251,531
9,"223-25",3,112,23,89
9,"225-27A",3,37,16,21
9,"226-28A",3,31,7,24
9,"226-28",3,10,2,8
9,"227-29A",5,1167,471,696
9,"227-29",5,170,35,135
9,"228-30A",5,108,47,61
9,"228-30",5,14,1,13
9,"229-31A",5,320,103,217
9,"229-31",5,43,4,39
9,"230-32A",5,160,75,85
9,"230-32",5,26,7,19
9,"231-33A",5,618,178,440
9,"231-33",5,72,12,60
9,"233-35A",3,263,91,172
9,"233-35",3,24,4,20
9,"234-36A",3,27,4,23
9,"236-38A",5,101,36,65
9,"236-38",5,17,4,13
9,"238-40A",5,10,4,6
9,"301-42A",3,128,41,87
9,"301-42",3,16,4,12
9,"302-42A",3,31,10,21
9,"303-43A",3,1434,540,894
9,"303-43",3,193,42,151
9,"304-44A",3,787,255,532
9,"304-44",3,72,18,54
9,"305-45A",3,132,52,80
9,"305-45",3,11,2,9
9,"306-46A",3,33,10,23
9,"307-47A",5,121,38,83
9,"307-47",5,11,1,10
9,"308-47A",5,1088,317,771
9,"308-47",5,124,25,99
9,"309-48A",5,466,209,257
9,"309-48",5,39,13,26
9,"310-48A",5,470,188,282
9,"310-48",5,29,9,20
9,"311-48A",5,1023,434,589
9,"311-48",5,105,26,79
9,"312-48A",5,684,238,446
9,"312-48",5,81,9,72
9,"313-49A",5,44,12,32
9,"314-50A",5,756,280,476
9,"314-50",5,84,19,65
9,"315-50A",5,760,256,504
9,"315-50",5,105,14,91
9,"316-50A",5,935,343,592
9,"316-50",5,106,23,83
9,"317-50A",5,789,257,532
9,"317-50",5,97,17,80
9,"318-51A",5,19,7,12
9,"320-53A",5,1013,501,512
9,"320-53",5,121,47,74
9,"321-53A",5,1200,636,564
9,"321-53",5,153,51,102
9,"322-53A",5,775,429,346
9,"322-53",5,94,27,67
9,"323-53A",5,1441,688,753
9,"323-53",5,166,43,123
9,"327-57A",3,350,132,218
9,"327-57",3,47,5,42
9,"328-58A",5,28,9,19
9,"329-59A",3,103,33,70
9,"330-60A",3,1371,438,933
9,"330-60",3,169,41,128
9,"331-61A",5,698,213,485
9,"331-61",5,95,7,88
9,"332-62A",5,88,24,64
9,"333-63A",5,1070,348,722
9,"333-63",5,132,21,111
9,"334-64A",5,114,35,79
9,"401-12A",5,363,124,239
9,"401-12",5,37,7,30
9,"402-13A",5,1190,334,856
9,"402-13",5,126,18,108
9,"403-13A",5,923,279,644
9,"403-13",5,86,13,73
9,"404-16A",5,1162,392,770
9,"404-16",5,123,25,98
9,"405-16A",5,1259,418,841
9,"405-16",5,138,19,119
9,"406-16A",5,1137,371,766
9,"406-16",5,118,19,99
9,"407-17A",5,433,136,297
9,"407-17",5,38,6,32
9,"408-17A",5,55,15,40
9,"409-28A",3,27,16,11
9,"412-66A",5,17,7,10
9,"413-66A",5,1612,537,1075
9,"413-66",5,135,27,108
9,"414-67A",3,105,54,51
9,"415-68A",5,488,245,243
9,"415-68",5,40,13,27
9,"416-68A",5,106,27,79
9,"416-68",5,21,4,17
9,"417-69A",5,1026,421,605
9,"417-69",5,83,14,69
9,"418-69A",5,897,329,568
9,"418-69",5,101,28,73
9,"419-69A",5,1081,376,705
9,"419-69",5,85,18,67
9,"420-70A",5,17,3,14
9,"421-71A",5,169,67,102
9,"421-71",5,15,3,12
9,"422-72A",3,958,326,632
9,"422-72",3,135,21,114
9,"423-73A",3,989,340,649
9,"423-73",3,180,35,145
9,"424-73A",3,921,357,564
9,"424-73",3,134,30,104
9,"425-73A",3,1297,400,897
9,"425-73",3,178,34,144
9,"426-73A",3,1253,495,758
9,"426-73",3,88,23,65
9,"427-73A",3,1192,399,793
9,"427-73",3,116,11,105
9,"429-75A",3,682,244,438
9,"429-75",3,80,20,60
9,"430-76A",5,605,216,389
9,"430-76",5,62,12,50
9,"431-77A",5,91,19,72
9,"433-79A",5,361,125,236
9,"433-79",5,32,4,28
9,"434-80A",5,62,17,45
9,"435-81A",5,22,7,15
9,"436-82A",5,369,123,246
9,"436-82",5,43,9,34
9,"437-83A",5,207,76,131
9,"438-84A",5,17,12,5
9,"439-85A",5,127,43,84
9,"502-27A",3,42,30,12
9,"502-27",3,13,9,4
9,"503-28A",3,65,23,42
9,"504-34A",3,254,102,152
9,"504-34",3,37,10,27
9,"505-35A",3,219,87,132
9,"505-35",3,25,7,18
9,"506-78A",3,1430,556,874
9,"506-78",3,267,77,190
9,"507-78A",3,1223,482,741
9,"507-78",3,195,42,153
9,"508-78A",3,990,370,620
9,"508-78",3,143,32,111
9,"509-86A",3,16,12,4
9,"510-87A",3,562,345,217
9,"510-87",3,139,79,60
9,"511-87A",3,950,622,328
9,"511-87",3,296,175,121
9,"512-87A",3,552,352,200
9,"512-87",3,115,70,45
9,"513-87A",3,1081,720,361
9,"513-87",3,260,143,117
9,"514-87A",3,1255,844,411
9,"514-87",3,199,117,82
9,"515-88A",3,18,11,7
9,"516-89A",3,776,495,281
9,"516-89",3,152,95,57
9,"517-89A",3,614,404,210
9,"517-89",3,100,65,35
9,"518-89A",3,1408,779,629
9,"518-89",3,170,81,89
9,"520-91A",3,399,262,137
9,"520-91",3,43,19,24
9,"521-91A",3,1345,886,459
9,"521-91",3,222,109,113
9,"522-91A",3,1255,790,465
9,"522-91",3,172,67,105
9,"523-91A",3,1375,939,436
9,"523-91",3,151,77,74
9,"524-92A",3,19,9,10
9,"527-95A",3,469,301,168
9,"527-95",3,11,9,2
9,"CNTYTOT",0,109360,44410,64950
9,"AD05_TOT",0,79909,30264,49645
9,"AD01_TOT",0,29451,14146,15305
9,"CD05_TOT",0,75760,28862,46898
9,"CD03_TOT",0,33600,15548,18052
9,"SD04_TOT",0,109360,44410,64950
9,"BE01_TOT",0,109360,44410,64950
9,"SOV_CD03",0,33600,15548,18052
9,"SOV_CD05",0,75760,28862,46898
10,"0000001",13,52,23,29
10,"0000001A",13,250,79,171
10,"0000002A",13,11,8,3
10,"0000003",13,15,6,9
10,"0000003A",13,82,18,64
10,"0000004",13,203,109,94
10,"0000004A",13,579,373,206
10,"0000005",13,143,69,74
10,"0000005A",13,284,169,115
10,"0000006",13,130,48,82
10,"0000006A",13,344,198,146
10,"0000008",13,24,12,12
10,"0000008A",13,32,12,20
10,"0000011A",13,37,17,20
10,"0000012",13,218,94,124
10,"0000012A",13,592,321,271
10,"0000013",13,207,91,116
10,"0000013A",13,470,268,202
10,"0000015",13,83,38,45
10,"0000015A",13,434,203,231
10,"0000016",13,187,114,73
10,"0000016A",13,365,249,116
10,"0000020",13,24,6,18
10,"0000020A",13,162,37,125
10,"0000021",13,119,43,76
10,"0000021A",13,363,143,220
10,"0000022",13,71,21,50
10,"0000022A",13,205,99,106
10,"0000023",13,64,18,46
10,"0000023A",13,175,91,84
10,"0000024",13,34,14,20
10,"0000024A",13,119,56,63
10,"0000025A",13,14,10,4
10,"0000026",13,149,41,108
10,"0000026A",13,406,198,208
10,"0000027",13,77,22,55
10,"0000027A",13,145,59,86
10,"0000028",13,128,32,96
10,"0000028A",13,348,119,229
10,"0000029",13,227,66,161
10,"0000029A",13,648,249,399
10,"0000031A",13,308,194,114
10,"0000033",13,259,148,111
10,"0000033A",13,383,301,82
10,"0000034",13,11,7,4
10,"0000034A",13,55,30,25
10,"0000038",13,63,32,31
10,"0000038A",13,205,88,117
10,"0000039",13,50,9,41
10,"0000039A",13,206,32,174
10,"0000040",13,249,83,166
10,"0000040A",13,524,232,292
10,"0000041",13,19,1,18
10,"0000041A",13,102,27,75
10,"0000043A",13,30,6,24
10,"0000045",13,24,2,22
10,"0000045A",13,155,39,116
10,"0000046",13,81,23,58
10,"0000046A",13,437,152,285
10,"0000047",13,14,4,10
10,"0000047A",13,33,7,26
10,"0000048",13,191,71,120
10,"0000048A",13,789,245,544
10,"0000049",13,56,21,35
10,"0000049A",13,228,112,116
10,"0000050A",13,44,19,25
10,"0000051",13,212,66,146
10,"0000051A",13,706,345,361
10,"0000052",13,97,48,49
10,"0000052A",13,331,205,126
10,"0000053A",13,22,14,8
10,"0000054",13,18,9,9
10,"0000054A",13,42,24,18
10,"0000055",13,56,21,35
10,"0000055A",13,232,98,134
10,"0000056",13,212,70,142
10,"0000056A",13,636,282,354
10,"0000058",13,20,4,16
10,"0000058A",13,40,21,19
10,"0000059",13,119,54,65
10,"0000059A",13,432,262,170
10,"0000060A",13,17,9,8
10,"0000061",13,40,24,16
10,"0000061A",13,137,75,62
10,"0000062",13,115,46,69
10,"0000062A",13,514,269,245
10,"0000063",13,90,27,63
10,"0000063A",13,355,120,235
10,"0000064A",13,53,14,39
10,"0000065",13,72,28,44
10,"0000065A",13,274,107,167
10,"0000066",13,26,11,15
10,"0000066A",13,119,44,75
10,"0000067",13,192,73,119
10,"0000067A",13,722,263,459
10,"0000068",13,180,54,126
10,"0000068A",13,815,293,522
10,"0000069",13,36,18,18
10,"0000069A",13,216,158,58
10,"0000070",13,57,16,41
10,"0000070A",13,405,65,340
10,"0000071",21,98,26,72
10,"0000071A",21,642,186,456
10,"0000074",21,43,10,33
10,"0000074A",21,206,63,143
10,"0000075",21,104,23,81
10,"0000075A",21,631,219,412
10,"0000076",21,171,55,116
10,"0000076A",21,815,343,472
10,"0000077",21,113,52,61
10,"0000077A",21,569,284,285
10,"0000078",21,78,29,49
10,"0000078A",21,334,153,181
10,"0000079",21,157,63,94
10,"0000079A",21,828,351,477
10,"0000080",21,94,37,57
10,"0000080A",21,581,244,337
10,"0000081A",21,22,17,5
10,"0000082",21,21,8,13
10,"0000082A",21,97,24,73
10,"0000085",21,50,25,25
10,"0000085A",21,327,204,123
10,"0000090",21,58,26,32
10,"0000090A",21,348,180,168
10,"0000091",21,172,67,105
10,"0000091A",21,666,364,302
10,"0000092",21,111,39,72
10,"0000092A",21,477,208,269
10,"0000093A",21,18,9,9
10,"0000094A",21,10,7,3
10,"0000095A",21,16,8,8
10,"0000096",21,344,158,186
10,"0000096A",21,1418,828,590
10,"0000097",21,478,223,255
10,"0000097A",21,1793,1097,696
10,"0000098",21,186,108,78
10,"0000098A",21,514,308,206
10,"0000099",21,33,6,27
10,"0000099A",21,89,42,47
10,"0000100",21,27,5,22
10,"0000100A",21,86,41,45
10,"0000101",21,264,119,145
10,"0000101A",21,1210,713,497
10,"0000102",21,165,73,92
10,"0000102A",21,669,419,250
10,"0000103",21,266,105,161
10,"0000103A",21,933,489,444
10,"0000104",21,379,141,238
10,"0000104A",21,1775,925,850
10,"0000105",21,79,15,64
10,"0000105A",21,493,263,230
10,"0000106",21,24,16,8
10,"0000106A",21,166,100,66
10,"0000108A",21,41,14,27
10,"0000110",21,25,9,16
10,"0000110A",21,183,104,79
10,"0000111",21,94,47,47
10,"0000111A",21,530,328,202
10,"0000112",21,90,12,78
10,"0000112A",21,295,41,254
10,"0000113",21,312,45,267
10,"0000113A",21,1167,303,864
10,"0000114",21,247,58,189
10,"0000114A",21,799,274,525
10,"0000115",21,174,42,132
10,"0000115A",21,625,284,341
10,"0000116",21,217,43,174
10,"0000116A",21,817,275,542
10,"0000117",21,299,40,259
10,"0000117A",21,1024,257,767
10,"0000122A",21,28,8,20
10,"0000123",21,135,69,66
10,"0000123A",21,400,238,162
10,"0000124",21,39,13,26
10,"0000124A",21,163,60,103
10,"0000125",5,97,13,84
10,"0000125A",5,263,74,189
10,"0000126",5,158,18,140
10,"0000126A",5,420,96,324
10,"0000128",5,16,5,11
10,"0000128A",5,164,29,135
10,"0000139",21,17,7,10
10,"0000139A",21,60,25,35
10,"0000140",21,501,285,216
10,"0000140A",21,1156,773,383
10,"0000141",21,175,44,131
10,"0000141A",21,1070,342,728
10,"0000142A",21,58,20,38
10,"0000147A",21,10,2,8
10,"0000154A",5,77,16,61
10,"0000156",5,866,261,605
10,"0000156A",5,4287,1713,2574
10,"0000157",5,390,123,267
10,"0000157A",5,2524,1099,1425
10,"0000158",5,582,182,400
10,"0000158A",5,3074,1335,1739
10,"0000159",5,275,101,174
10,"0000159A",5,1286,523,763
10,"0000160A",5,180,67,113
10,"0000162",21,39,11,28
10,"0000162A",21,112,43,69
10,"0000163",21,232,115,117
10,"0000163A",21,873,526,347
10,"0000164",21,238,119,119
10,"0000164A",21,531,368,163
10,"0000166",21,349,126,223
10,"0000166A",21,1386,663,723
10,"0000167",21,15,6,9
10,"0000167A",21,91,34,57
10,"0000168",21,289,121,168
10,"0000168A",21,1052,471,581
10,"0000169",21,367,111,256
10,"0000169A",21,1364,546,818
10,"0000170",21,12,2,10
10,"0000170A",21,61,20,41
10,"0000171A",21,57,20,37
10,"0000174A",21,16,7,9
10,"0000175",21,46,26,20
10,"0000175A",21,147,110,37
10,"0000176A",21,16,6,10
10,"0000178",21,162,103,59
10,"0000178A",21,490,315,175
10,"0000179",21,24,12,12
10,"0000179A",21,60,51,9
10,"0000180",21,32,18,14
10,"0000180A",21,49,40,9
10,"0000181",21,80,48,32
10,"0000181A",21,313,202,111
10,"0000182",21,48,25,23
10,"0000182A",21,178,130,48
10,"0000183",21,41,26,15
10,"0000183A",21,104,80,24
10,"0000184",21,39,23,16
10,"0000184A",21,67,42,25
10,"0000185",21,47,29,18
10,"0000185A",21,103,72,31
10,"0000186",21,112,66,46
10,"0000186A",21,323,243,80
10,"0000187A",21,11,9,2
10,"0000189",21,15,7,8
10,"0000189A",21,97,46,51
10,"0000190",21,12,7,5
10,"0000190A",21,72,24,48
10,"0000192",21,20,4,16
10,"0000192A",21,132,55,77
10,"0000193A",21,27,20,7
10,"0000194",21,23,5,18
10,"0000194A",21,139,64,75
10,"0000195",21,264,144,120
10,"0000195A",21,966,644,322
10,"0000201",21,344,165,179
10,"0000201A",21,1354,824,530
10,"0000202",21,319,124,195
10,"0000202A",21,1647,889,758
10,"0000203",21,402,140,262
10,"0000203A",21,2059,1035,1024
10,"0000204A",21,14,5,9
10,"0000205A",21,20,9,11
10,"0000234A",21,50,31,19
10,"0000235",21,102,44,58
10,"0000235A",21,347,195,152
10,"0000236",21,11,6,5
10,"0000236A",21,93,54,39
10,"0000237",21,337,148,189
10,"0000237A",21,1480,800,680
10,"0000238A",21,21,12,9
10,"0000239",21,634,264,370
10,"0000239A",21,2623,1422,1201
10,"0000270",21,85,32,53
10,"0000270A",21,426,222,204
10,"0000273",21,215,75,140
10,"0000273A",21,1289,612,677
10,"0000274",21,124,51,73
10,"0000274A",21,597,342,255
10,"0000275",21,358,173,185
10,"0000275A",21,1918,1129,789
10,"0000276",21,35,18,17
10,"0000276A",21,191,121,70
10,"0000277A",21,34,19,15
10,"0000278",21,175,91,84
10,"0000278A",21,833,543,290
10,"0000283",21,49,24,25
10,"0000283A",21,221,125,96
10,"0000284",21,253,134,119
10,"0000284A",21,910,597,313
10,"0000285",21,22,18,4
10,"0000285A",21,67,54,13
10,"0000286",21,93,33,60
10,"0000286A",21,497,265,232
10,"0000287",21,34,21,13
10,"0000287A",21,109,74,35
10,"0000289",21,230,122,108
10,"0000289A",21,866,595,271
10,"0000290",21,49,30,19
10,"0000290A",21,256,146,110
10,"0000291",21,33,14,19
10,"0000291A",21,98,64,34
10,"0000292",21,16,7,9
10,"0000292A",21,22,11,11
10,"0000293A",21,30,14,16
10,"0000294",21,77,43,34
10,"0000294A",21,189,116,73
10,"0000295",21,53,19,34
10,"0000295A",21,213,127,86
10,"0000296",21,19,8,11
10,"0000296A",21,108,68,40
10,"0000297",21,203,123,80
10,"0000297A",21,767,535,232
10,"0000299",21,267,149,118
10,"0000299A",21,1131,764,367
10,"0000300",21,217,130,87
10,"0000300A",21,944,639,305
10,"0000306",5,398,78,320
10,"0000306A",5,2534,826,1708
10,"0000307",5,244,74,170
10,"0000307A",5,1570,661,909
10,"0000308",5,679,204,475
10,"0000308A",5,3254,1391,1863
10,"0000309",5,435,114,321
10,"0000309A",5,3016,1256,1760
10,"0000310",5,455,164,291
10,"0000310A",5,1991,1014,977
10,"0000313A",5,38,3,35
10,"0000320",21,401,197,204
10,"0000320A",21,1583,1017,566
10,"0000321",21,357,171,186
10,"0000321A",21,1329,767,562
10,"0000324",5,306,122,184
10,"0000324A",5,1496,734,762
10,"0000326",21,252,140,112
10,"0000326A",21,732,419,313
10,"0000328",21,170,90,80
10,"0000328A",21,681,406,275
10,"0000329",21,375,161,214
10,"0000329A",21,1783,1033,750
10,"0000331",21,127,69,58
10,"0000331A",21,561,364,197
10,"0000332",21,14,5,9
10,"0000332A",21,26,17,9
10,"0000334",21,239,121,118
10,"0000334A",21,867,515,352
10,"0000335",21,232,122,110
10,"0000335A",21,826,560,266
10,"0000337",21,43,30,13
10,"0000337A",21,173,109,64
10,"0000338",21,493,303,190
10,"0000338A",21,1373,955,418
10,"0000339",21,303,194,109
10,"0000339A",21,903,657,246
10,"0000342",21,47,30,17
10,"0000342A",21,122,80,42
10,"0000343",21,570,384,186
10,"0000343A",21,2004,1486,518
10,"0000344",21,490,291,199
10,"0000344A",21,1847,1350,497
10,"0000345",21,55,28,27
10,"0000345A",21,242,178,64
10,"0000346",21,381,230,151
10,"0000346A",21,1006,700,306
10,"0000347",21,231,139,92
10,"0000347A",21,694,449,245
10,"0000348",21,161,90,71
10,"0000348A",21,578,414,164
10,"0000349",21,160,77,83
10,"0000349A",21,557,366,191
10,"0000350",21,175,94,81
10,"0000350A",21,557,364,193
10,"0000351",21,303,140,163
10,"0000351A",21,1219,712,507
10,"0000352",21,363,207,156
10,"0000352A",21,1432,839,593
10,"0000353A",21,9,4,5
10,"0000354",5,175,77,98
10,"0000354A",5,769,376,393
10,"0000355",5,198,102,96
10,"0000355A",5,470,316,154
10,"0000356",5,106,34,72
10,"0000356A",5,637,300,337
10,"0000357",5,14,5,9
10,"0000357A",5,58,36,22
10,"0000358",5,55,31,24
10,"0000358A",5,279,137,142
10,"0000359",5,142,68,74
10,"0000359A",5,575,328,247
10,"0000360",5,29,14,15
10,"0000360A",5,167,98,69
10,"0000362",21,115,58,57
10,"0000362A",21,387,268,119
10,"0000363",21,83,41,42
10,"0000363A",21,560,313,247
10,"0000364",21,138,71,67
10,"0000364A",21,561,375,186
10,"0000365",21,99,57,42
10,"0000365A",21,273,180,93
10,"0000366",21,111,64,47
10,"0000366A",21,425,325,100
10,"0000367",21,158,95,63
10,"0000367A",21,679,484,195
10,"0000368",21,167,90,77
10,"0000368A",21,682,447,235
10,"0000369",21,686,370,316
10,"0000369A",21,1915,1397,518
10,"0000370",21,280,169,111
10,"0000370A",21,825,589,236
10,"0000371",21,215,153,62
10,"0000371A",21,667,545,122
10,"0000372",21,19,11,8
10,"0000372A",21,143,105,38
10,"0000373A",21,15,12,3
10,"0000374",21,17,8,9
10,"0000374A",21,159,90,69
10,"0000375",21,59,31,28
10,"0000375A",21,178,104,74
10,"0000376A",21,23,22,1
10,"0000378",21,311,210,101
10,"0000378A",21,1145,907,238
10,"0000379",21,365,256,109
10,"0000379A",21,1362,1093,269
10,"0000380",21,145,90,55
10,"0000380A",21,395,235,160
10,"0000381",21,40,18,22
10,"0000381A",21,110,65,45
10,"0000383",21,20,9,11
10,"0000383A",21,82,35,47
10,"0000384",21,28,15,13
10,"0000384A",21,116,101,15
10,"0000385",21,192,113,79
10,"0000385A",21,1003,710,293
10,"0000386",21,41,20,21
10,"0000386A",21,200,135,65
10,"0000387",21,362,216,146
10,"0000387A",21,1986,1427,559
10,"0000388",21,242,130,112
10,"0000388A",21,929,588,341
10,"0000394",21,423,233,190
10,"0000394A",21,1492,967,525
10,"0000395A",21,47,25,22
10,"0000396",21,333,191,142
10,"0000396A",21,1588,1051,537
10,"0000397",21,334,159,175
10,"0000397A",21,1440,915,525
10,"0000398A",21,77,49,28
10,"0000399A",21,32,16,16
10,"0000400",21,36,19,17
10,"0000400A",21,298,191,107
10,"0000401",21,69,37,32
10,"0000401A",21,223,144,79
10,"0000402",21,103,37,66
10,"0000402A",21,729,375,354
10,"0000403",21,110,49,61
10,"0000403A",21,541,305,236
10,"0000404",21,92,35,57
10,"0000404A",21,423,229,194
10,"0000405",21,63,23,40
10,"0000405A",21,388,221,167
10,"0000406",21,49,19,30
10,"0000406A",21,314,184,130
10,"0000407",5,30,15,15
10,"0000407A",5,123,74,49
10,"0000409",21,10,4,6
10,"0000409A",21,24,19,5
10,"0000410",21,363,189,174
10,"0000410A",21,1156,710,446
10,"0000411",21,11,6,5
10,"0000411A",21,56,36,20
10,"0000413",21,715,367,348
10,"0000413A",21,2644,1618,1026
10,"0000414A",5,12,7,5
10,"0000415",5,197,74,123
10,"0000415A",5,1053,556,497
10,"0000417",5,12,6,6
10,"0000417A",5,47,24,23
10,"0000418A",21,46,26,20
10,"0000419",5,267,105,162
10,"0000419A",5,1479,758,721
10,"0000420",5,39,15,24
10,"0000420A",5,229,106,123
10,"0000421A",5,28,12,16
10,"0000422A",21,43,18,25
10,"0000423",5,499,151,348
10,"0000423A",5,3398,1389,2009
10,"0000424",5,26,9,17
10,"0000424A",5,211,87,124
10,"0000425",5,106,32,74
10,"0000425A",5,790,331,459
10,"0000426A",5,23,7,16
10,"0000427",5,12,5,7
10,"0000427A",5,62,37,25
10,"0000429",21,326,168,158
10,"0000429A",21,1176,686,490
10,"0000430",21,309,117,192
10,"0000430A",21,1133,653,480
10,"0000431",5,98,26,72
10,"0000431A",5,640,261,379
10,"0000432",5,417,129,288
10,"0000432A",5,2695,1243,1452
10,"0000434",5,85,39,46
10,"0000434A",5,427,193,234
10,"0000435",5,65,23,42
10,"0000435A",5,257,123,134
10,"0000436",21,127,45,82
10,"0000436A",21,724,371,353
10,"0000437",21,115,43,72
10,"0000437A",21,725,363,362
10,"0000438",21,310,128,182
10,"0000438A",21,1714,884,830
10,"0000439",21,264,99,165
10,"0000439A",21,1257,684,573
10,"0000440",21,184,93,91
10,"0000440A",21,850,490,360
10,"0000441",21,94,49,45
10,"0000441A",21,361,210,151
10,"0000442",21,327,140,187
10,"0000442A",21,1195,645,550
10,"0000444",21,227,99,128
10,"0000444A",21,777,451,326
10,"0000446",5,421,125,296
10,"0000446A",5,2418,1029,1389
10,"0000449",5,18,1,17
10,"0000449A",5,191,70,121
10,"0000450",5,66,8,58
10,"0000450A",5,452,105,347
10,"0000451A",5,32,5,27
10,"0000452",5,10,1,9
10,"0000452A",5,87,15,72
10,"0000453",5,114,26,88
10,"0000453A",5,924,228,696
10,"0000455A",5,82,23,59
10,"0000456",5,432,163,269
10,"0000456A",5,2023,961,1062
10,"0000457",5,168,25,143
10,"0000457A",5,1402,426,976
10,"0000458",21,682,239,443
10,"0000458A",21,2235,1134,1101
10,"0000459A",21,40,15,25
10,"0000460",21,69,47,22
10,"0000460A",21,311,213,98
10,"0000461",21,164,72,92
10,"0000461A",21,580,343,237
10,"0000462",21,25,16,9
10,"0000462A",21,64,42,22
10,"0000465",21,24,11,13
10,"0000465A",21,106,45,61
10,"0000466",21,28,21,7
10,"0000466A",21,69,45,24
10,"0000467A",21,19,17,2
10,"0000468",21,101,41,60
10,"0000468A",21,438,214,224
10,"0000470",21,86,37,49
10,"0000470A",21,282,182,100
10,"0000471",21,267,90,177
10,"0000471A",21,964,547,417
10,"0000472",21,11,4,7
10,"0000472A",21,60,39,21
10,"0000473",21,37,12,25
10,"0000473A",21,335,133,202
10,"0000474",21,66,27,39
10,"0000474A",21,218,102,116
10,"0000475",21,312,114,198
10,"0000475A",21,1188,561,627
10,"0000478",5,207,25,182
10,"0000478A",5,1037,269,768
10,"CNTYTOT",0,258826,116097,142729
10,"AD27_TOT",0,38299,18989,19310
10,"AD31_TOT",0,112216,63814,48402
10,"AD33_TOT",0,13453,5085,8368
10,"AD08_TOT",0,94858,28209,66649
10,"CD13_TOT",0,20444,9004,11440
10,"CD21_TOT",0,148812,83515,65297
10,"CD05_TOT",0,58220,23578,34642
10,"SD14_TOT",0,148343,82206,66137
10,"SD16_TOT",0,6498,1824,4674
10,"SD12_TOT",0,103985,32067,71918
10,"BE01_TOT",0,258826,116097,142729
10,"SOV_CD05",0,58220,23578,34642
10,"SOV_CD13",0,20444,9004,11440
10,"SOV_CD21",0,148812,83515,65297
11,"10040",1,25,10,15
11,"10040A",1,236,67,169
11,"10061A",1,42,16,26
11,"10080",1,26,10,16
11,"10080A",1,70,25,45
11,"10100",1,9,2,7
11,"10100A",1,45,10,35
11,"10121",1,61,9,52
11,"10121A",1,435,141,294
11,"10122A",1,13,9,4
11,"12060",1,15,7,8
11,"12060A",1,83,31,52
11,"12061A",1,18,4,14
11,"12070",1,29,8,21
11,"12070A",1,145,60,85
11,"12073A",1,12,5,7
11,"12074",1,15,4,11
11,"12074A",1,225,74,151
11,"12150",1,33,9,24
11,"12150A",1,303,161,142
11,"20030",1,25,5,20
11,"20030A",1,248,63,185
11,"20031A",1,68,33,35
11,"20070A",1,91,16,75
11,"20092",1,30,4,26
11,"20092A",1,293,75,218
11,"22030",1,31,11,20
11,"22030A",1,185,80,105
11,"22040",1,21,3,18
11,"22040A",1,148,46,102
11,"22050",1,10,1,9
11,"22050A",1,36,16,20
11,"22090",1,17,5,12
11,"22090A",1,98,31,67
11,"22100A",1,33,14,19
11,"22110",1,33,8,25
11,"22110A",1,208,82,126
11,"22120",1,51,16,35
11,"22120A",1,275,107,168
11,"22130A",1,69,26,43
11,"22140A",1,32,4,28
11,"23050A",1,13,5,8
11,"30009A",1,51,9,42
11,"30013A",1,32,6,26
11,"30015A",1,78,9,69
11,"30016A",1,24,2,22
11,"30020",1,17,6,11
11,"30020A",1,232,46,186
11,"30021A",1,148,16,132
11,"30032A",1,15,1,14
11,"30042",1,17,2,15
11,"30042A",1,223,33,190
11,"30043A",1,42,4,38
11,"30050",1,13,2,11
11,"30050A",1,244,43,201
11,"30060A",1,77,27,50
11,"30062A",1,84,7,77
11,"30070A",1,45,10,35
11,"30071A",1,143,19,124
11,"30073A",1,10,1,9
11,"30074A",1,20,3,17
11,"30075A",1,10,3,7
11,"30084A",1,28,3,25
11,"30087A",1,54,9,45
11,"30100",1,28,6,22
11,"30100A",1,249,64,185
11,"30110",1,13,7,6
11,"30110A",1,117,22,95
11,"30111A",1,56,7,49
11,"30120A",1,58,3,55
11,"30132A",1,25,10,15
11,"31070",1,12,1,11
11,"31070A",1,169,65,104
11,"41040A",1,62,16,46
11,"41050A",1,39,15,24
11,"41060A",1,77,27,50
11,"41070",1,23,5,18
11,"41070A",1,235,69,166
11,"41080",1,11,2,9
11,"41080A",1,149,52,97
11,"41090",1,26,9,17
11,"41090A",1,212,77,135
11,"41100",1,34,11,23
11,"41100A",1,530,185,345
11,"41110A",1,56,16,40
11,"41120",1,13,2,11
11,"41120A",1,195,43,152
11,"41130A",1,122,29,93
11,"41140A",1,35,10,25
11,"41150A",1,20,6,14
11,"50011",1,12,1,11
11,"50011A",1,96,12,84
11,"50012A",1,20,6,14
11,"50013A",1,34,10,24
11,"50014A",1,23,8,15
11,"50022A",1,137,13,124
11,"50030A",1,18,6,12
11,"50031",1,62,26,36
11,"50031A",1,423,273,150
11,"50042A",1,51,16,35
11,"50052A",1,111,8,103
11,"50063",1,17,4,13
11,"50063A",1,268,46,222
11,"50071A",1,122,20,102
11,"50081A",1,33,9,24
11,"50083A",1,43,3,40
11,"50084",1,11,5,6
11,"50084A",1,117,35,82
11,"50085A",1,15,2,13
11,"50086A",1,27,5,22
11,"50087A",1,19,1,18
11,"50088A",1,201,30,171
11,"CNTYTOT",0,10133,2936,7197
11,"AD03_TOT",0,10133,2936,7197
11,"CD01_TOT",0,10133,2936,7197
11,"SD01_TOT",0,10133,2936,7197
11,"BE01_TOT",0,10133,2936,7197
11,"SOV_CD01",0,10133,2936,7197
12,"1CS-1",2,336,129,207
12,"1CS-1_A",2,2448,1471,977
12,"1E-26",2,45,20,25
12,"1E-26_A",2,295,192,103
12,"1E-30",2,155,98,57
12,"1E-30_A",2,1124,779,345
12,"1E-35",2,45,25,20
12,"1E-35_A",2,281,202,79
12,"1E-47",2,118,65,53
12,"1E-47_A",2,687,492,195
12,"1ES-1",2,163,75,88
12,"1ES-1_A",2,820,554,266
12,"1F--1",2,195,75,120
12,"1F--1_A",2,681,400,281
12,"1F--7_A",2,29,14,15
12,"1FB-1",2,23,7,16
12,"1FB-1_A",2,211,126,85
12,"1FS",2,210,55,155
12,"1FS_A",2,549,197,352
12,"1FS-1",2,67,12,55
12,"1FS-1_A",2,305,125,180
12,"1LU",2,110,45,65
12,"1LU_A",2,505,272,233
12,"1MU",2,15,9,6
12,"1MU_A",2,248,185,63
12,"1RD",2,12,3,9
12,"1RD_A",2,40,17,23
12,"1SB-1_A",2,10,8,2
12,"1SB-10",2,318,137,181
12,"1SB-10_A",2,1407,886,521
12,"1SB-11_A",2,25,5,20
12,"1SB-13",2,15,8,7
12,"1SB-13_A",2,64,28,36
12,"1SB-2",2,189,79,110
12,"1SB-2_A",2,920,523,397
12,"1SB-7",2,19,7,12
12,"1SB-7_A",2,229,129,100
12,"1SCD",2,98,30,68
12,"1SCD_A",2,308,152,156
12,"2BV-1",2,50,13,37
12,"2BV-1_A",2,189,100,89
12,"2CU",2,80,11,69
12,"2CU_A",2,340,137,203
12,"2F--2",2,527,191,336
12,"2F--2_A",2,2045,1097,948
12,"2F-R1",2,468,125,343
12,"2F-R1_A",2,2180,1046,1134
12,"2HV-1",2,136,34,102
12,"2HV-1_A",2,805,332,473
12,"2MR_A",2,29,22,7
12,"2R--1",2,375,100,275
12,"2R--1_A",2,925,415,510
12,"2SH-1",2,51,24,27
12,"2SH-1_A",2,653,452,201
12,"2SH-2",2,16,5,11
12,"2SH-2_A",2,180,74,106
12,"2SH-4",2,44,19,25
12,"2SH-4_A",2,203,156,47
12,"2SH-5",2,77,33,44
12,"2SH-5_A",2,420,295,125
12,"2SH-6N",2,41,20,21
12,"2SH-6N_A",2,262,156,106
12,"2SHF7",2,95,49,46
12,"2SHF7_A",2,330,219,111
12,"2SHF9",2,105,55,50
12,"2SHF9_A",2,536,372,164
12,"2SHS4C",2,67,35,32
12,"2SHS4C_A",2,235,168,67
12,"3A--1",2,425,349,76
12,"3A--1_A",2,1660,1485,175
12,"3A-10",2,380,329,51
12,"3A-10_A",2,1495,1320,175
12,"3A-13",2,636,525,111
12,"3A-13_A",2,1477,1289,188
12,"3A-J1",2,57,54,3
12,"3A-J1_A",2,555,501,54
12,"3A-P2",2,291,207,84
12,"3A-P2_A",2,1175,931,244
12,"3A-P5",2,36,16,20
12,"3A-P5_A",2,210,147,63
12,"3AS-1",2,10,9,1
12,"3AS-1_A",2,132,99,33
12,"3AS-9_A",2,78,55,23
12,"3AS12_A",2,23,20,3
12,"3B--1",2,67,44,23
12,"3B--1_A",2,602,466,136
12,"3ES-6_A",2,28,14,14
12,"3ES-7",2,13,7,6
12,"3ES-7_A",2,163,106,57
12,"3ESS6",2,39,20,19
12,"3ESS6_A",2,247,150,97
12,"3FW",2,38,17,21
12,"3FW_A",2,376,246,130
12,"3FWF",2,86,56,30
12,"3FWF_A",2,485,348,137
12,"3FWS",2,101,44,57
12,"3FWS_A",2,682,457,225
12,"3GF",2,8,3,5
12,"3GF_A",2,65,37,28
12,"3JC",2,18,12,6
12,"3JC_A",2,93,74,19
12,"3JCF",2,127,81,46
12,"3JCF_A",2,862,664,198
12,"3MA-2",2,61,34,27
12,"3MA-2_A",2,272,227,45
12,"3PA-1",2,45,28,17
12,"3PA-1_A",2,346,237,109
12,"3PA-4",2,33,13,20
12,"3PA-4_A",2,214,158,56
12,"4E-11",2,423,270,153
12,"4E-11_A",2,1192,940,252
12,"4E-20",2,317,175,142
12,"4E-20_A",2,1329,928,401
12,"4E-31",2,101,57,44
12,"4E-31_A",2,727,547,180
12,"4E-33",2,43,28,15
12,"4E-33_A",2,297,217,80
12,"4E-40",2,188,114,74
12,"4E-40_A",2,922,675,247
12,"4E-44",2,128,79,49
12,"4E-44_A",2,718,512,206
12,"4E-49",2,20,15,5
12,"4E-49_A",2,158,118,40
12,"4E-51",2,366,234,132
12,"4E-51_A",2,1321,1029,292
12,"4E-52",2,94,62,32
12,"4E-52_A",2,238,184,54
12,"4E-57_A",2,49,40,9
12,"4ES-4",2,371,189,182
12,"4ES-4_A",2,1786,1200,586
12,"4PE",2,40,21,19
12,"4PE_A",2,143,102,41
12,"5AS-5_A",2,97,67,30
12,"5AS-5A_A",2,15,10,5
12,"5BL_A",2,32,23,9
12,"5BLF",2,39,22,17
12,"5BLF_A",2,416,259,157
12,"5BLS",2,10,7,3
12,"5BLS_A",2,105,82,23
12,"5BM_A",2,15,8,7
12,"5BU",2,42,23,19
12,"5BU_A",2,361,238,123
12,"5FB",2,71,42,29
12,"5FB_A",2,456,321,135
12,"5KT-1",2,203,142,61
12,"5KT-1_A",2,466,331,135
12,"5KT-4",2,93,73,20
12,"5KT-4_A",2,86,65,21
12,"5KT-7",2,44,35,9
12,"5KT-7_A",2,111,83,28
12,"5KTF1",2,77,37,40
12,"5KTF1_A",2,648,401,247
12,"5MC_A",2,19,15,4
12,"5MK-1",2,731,373,358
12,"5MK-1_A",2,3283,2279,1004
12,"5MK-5",2,677,329,348
12,"5MK-5_A",2,2918,2082,836
12,"5MK-8",2,127,75,52
12,"5MK-8_A",2,566,402,164
12,"5PA-3_A",2,86,62,24
12,"5T--1",2,20,15,5
12,"5T--1_A",2,198,149,49
12,"5TU-1",2,110,72,38
12,"5TU-1_A",2,872,705,167
12,"CNTYTOT",0,62536,40870,21666
12,"AD02_TOT",0,62536,40870,21666
12,"CD02_TOT",0,62536,40870,21666
12,"SD02_TOT",0,62536,40870,21666
12,"BE02_TOT",0,62536,40870,21666
12,"SOV_CD02",0,62536,40870,21666
13,"121004A",25,904,673,231
13,"121004",25,553,377,176
13,"121006A",25,305,213,92
13,"121006",25,212,137,75
13,"121007A",25,224,157,67
13,"121007",25,191,111,80
13,"121009A",25,51,37,14
13,"121009",25,21,10,11
13,"121010A",25,1088,789,299
13,"121010",25,591,368,223
13,"121012A",25,926,661,265
13,"121012",25,491,302,189
13,"121013A",25,1015,763,252
13,"121013",25,549,373,176
13,"121015A",25,83,62,21
13,"121015",25,37,25,12
13,"121016A",25,964,699,265
13,"121016",25,568,321,247
13,"121019A",25,565,380,185
13,"121019",25,304,158,146
13,"121023A",25,661,456,205
13,"121023",25,539,302,237
13,"121024A",25,142,89,53
13,"121024",25,100,54,46
13,"221021A",25,33,26,7
13,"221021",25,18,13,5
13,"245205A",25,1306,721,585
13,"245205",25,482,210,272
13,"245212A",25,1084,650,434
13,"245212",25,407,204,203
13,"245213A",25,223,157,66
13,"245213",25,304,181,123
13,"245219A",25,708,417,291
13,"245219",25,308,150,158
13,"245220A",25,1144,728,416
13,"245220",25,543,320,223
13,"245224A",25,85,62,23
13,"245224",25,65,36,29
13,"245227A",25,272,166,106
13,"245227",25,87,37,50
13,"247229A",25,523,215,308
13,"247229",25,184,54,130
13,"247234A",25,278,110,168
13,"247234",25,77,30,47
13,"247235A",25,419,235,184
13,"247235",25,244,113,131
13,"285001A",25,124,33,91
13,"285001",25,15,3,12
13,"286213A",25,335,229,106
13,"286213",25,265,164,101
13,"286232A",25,694,447,247
13,"286232",25,558,270,288
13,"286238A",25,15,8,7
13,"286244A",25,95,73,22
13,"286244",25,45,31,14
13,"287208A",25,26,9,17
13,"287208",25,9,1,8
13,"287209A",25,10,5,5
13,"287239A",25,51,10,41
13,"287241A",25,59,29,30
13,"287241",25,20,8,12
13,"287250A",25,10,4,6
13,"289203A",25,18,3,15
13,"289204A",25,46,21,25
13,"289204",25,17,10,7
13,"345201A",25,450,271,179
13,"345201",25,219,112,107
13,"345202A",25,1038,734,304
13,"345202",25,483,283,200
13,"345205A",25,49,28,21
13,"345205",25,20,7,13
13,"345223A",25,372,274,98
13,"345223",25,168,92,76
13,"345224A",25,117,86,31
13,"345224",25,81,44,37
13,"365015A",25,1159,632,527
13,"365015",25,726,302,424
13,"365021A",25,2211,1036,1175
13,"365021",25,1242,439,803
13,"365022A",25,98,64,34
13,"365022",25,52,25,27
13,"365029A",25,435,228,207
13,"365029",25,257,110,147
13,"385005A",25,23,10,13
13,"385005",25,10,3,7
13,"385009A",25,14,8,6
13,"385014A",25,588,216,372
13,"385014",25,217,71,146
13,"385017A",25,36,15,21
13,"385017",25,9,4,5
13,"385024A",25,28,18,10
13,"385024",25,14,2,12
13,"385046A",25,12,5,7
13,"387206A",25,66,11,55
13,"387210A",25,42,10,32
13,"387245A",25,44,22,22
13,"387245",25,10,1,9
13,"387246A",25,74,29,45
13,"387246",25,19,3,16
13,"389207A",25,83,33,50
13,"389207",25,47,19,28
13,"389208A",25,222,145,77
13,"389208",25,183,100,83
13,"389225A",25,49,28,21
13,"389225",25,9,1,8
13,"411102A",25,1370,760,610
13,"411102",25,869,451,418
13,"411105A",25,2330,1148,1182
13,"411105",25,1054,405,649
13,"411143A",25,125,96,29
13,"411143",25,50,33,17
13,"432019A",25,503,309,194
13,"432019",25,361,199,162
13,"474117A",25,303,203,100
13,"474117",25,181,107,74
13,"481116A",25,59,26,33
13,"481116",25,19,5,14
13,"481141A",25,55,7,48
13,"482018A",25,61,19,42
13,"482018",25,27,14,13
13,"482024A",25,36,17,19
13,"482025A",25,96,53,43
13,"482028A",25,68,38,30
13,"482028",25,84,48,36
13,"482029A",25,41,26,15
13,"482029",25,33,20,13
13,"482110A",25,21,5,16
13,"483020A",25,210,123,87
13,"483020",25,112,55,57
13,"483021A",25,369,222,147
13,"483021",25,269,137,132
13,"483023A",25,99,68,31
13,"483023",25,69,38,31
13,"483113A",25,33,8,25
13,"483113",25,10,1,9
13,"484113A",25,11,6,5
13,"484135A",25,21,2,19
13,"484135",25,10,3,7
13,"484162A",25,15,5,10
13,"511126A",25,847,630,217
13,"511126",25,382,219,163
13,"511127A",25,507,348,159
13,"511127",25,230,134,96
13,"511131A",25,48,24,24
13,"511131",25,13,4,9
13,"521041A",25,219,137,82
13,"521041",25,127,75,52
13,"521042A",25,201,119,82
13,"521042",25,79,37,42
13,"521043A",25,15,9,6
13,"545209A",25,151,106,45
13,"545209",25,73,42,31
13,"545210A",25,216,154,62
13,"545210",25,170,102,68
13,"545212A",25,197,152,45
13,"545212",25,149,92,57
13,"545238A",25,98,40,58
13,"545238",25,16,6,10
13,"547239A",25,465,232,233
13,"547239",25,283,126,157
13,"548211A",25,12,9,3
13,"548265A",25,13,8,5
13,"554021A",25,874,512,362
13,"554021",25,533,265,268
13,"554022A",25,219,143,76
13,"554022",25,107,54,53
13,"554024A",25,12,10,2
13,"554024",25,10,3,7
13,"554025A",25,25,4,21
13,"554025",25,15,7,8
13,"565001A",25,135,71,64
13,"565001",25,81,39,42
13,"565229A",25,568,282,286
13,"565229",25,280,114,166
13,"581009A",25,45,28,17
13,"581125A",25,18,5,13
13,"582134A",25,12,3,9
13,"584004A",25,44,12,32
13,"584004",25,17,3,14
13,"584005A",25,34,13,21
13,"584005",25,12,10,2
13,"584017A",25,42,9,33
13,"584020A",25,205,88,117
13,"584020",25,132,47,85
13,"584021A",25,273,87,186
13,"584021",25,116,23,93
13,"584051A",25,63,24,39
13,"584051",25,16,8,8
13,"585016A",25,45,18,27
13,"585016",25,17,2,15
13,"585049A",25,57,34,23
13,"585049",25,25,7,18
13,"585229A",25,14,10,4
13,"586005A",25,36,17,19
13,"586005",25,11,6,5
13,"586008A",25,56,43,13
13,"586008",25,119,85,34
13,"586010A",25,65,48,17
13,"586010",25,17,9,8
13,"586032A",25,16,3,13
13,"586037A",25,54,18,36
13,"587234A",25,14,5,9
13,"587235A",25,50,15,35
13,"587235",25,13,3,10
13,"588214A",25,38,18,20
13,"588214",25,10,1,9
13,"588215A",25,26,11,15
13,"588260A",25,219,135,84
13,"588260",25,67,31,36
13,"588263A",25,13,3,10
13,"588270A",25,43,23,20
13,"588270",25,12,2,10
13,"365016A",25,361,191,170
13,"365016",25,200,81,119
13,"CNTYTOT",0,52659,29554,23105
13,"AD36_TOT",0,52659,29554,23105
13,"CD25_TOT",0,52659,29554,23105
13,"SD18_TOT",0,52659,29554,23105
13,"BE04_TOT",0,52659,29554,23105
13,"SOV_CD25",0,52659,29554,23105
14,"101",3,160,44,116
14,"101A",3,724,324,400
14,"102",3,152,49,103
14,"102A",3,721,325,396
14,"104",3,186,49,137
14,"104A",3,847,321,526
14,"105",3,235,139,96
14,"105A",3,461,253,208
14,"106",3,131,44,87
14,"106A",3,610,277,333
14,"107",3,32,4,28
14,"107A",3,140,68,72
14,"108",3,33,15,18
14,"108A",3,151,73,78
14,"109",3,268,124,144
14,"109A",3,955,555,400
14,"110",3,88,40,48
14,"110A",3,283,180,103
14,"111",3,197,67,130
14,"111A",3,777,392,385
14,"113",3,70,20,50
14,"113A",3,254,109,145
14,"114A",3,189,117,72
14,"115",3,144,46,98
14,"115A",3,648,303,345
14,"116A",3,73,40,33
14,"117",3,12,3,9
14,"117A",3,117,35,82
14,"CNTYTOT",0,8679,4019,4660
14,"AD08_TOT",0,8679,4019,4660
14,"CD03_TOT",0,8679,4019,4660
14,"SD04_TOT",0,8679,4019,4660
14,"BE01_TOT",0,8679,4019,4660
14,"SOV_CD03",0,8679,4019,4660
15,"0010229",22,100,34,66
15,"0010229A",22,798,373,425
15,"0011151",22,161,67,94
15,"0011151A",22,566,283,283
15,"0011530",22,97,52,45
15,"0011530A",22,453,248,205
15,"0011540",22,110,44,66
15,"0011540A",22,403,222,181
15,"0011542",22,81,32,49
15,"0011542A",22,439,208,231
15,"0011544",22,181,91,90
15,"0011544A",22,554,331,223
15,"0011546",22,152,63,89
15,"0011546A",22,622,351,271
15,"0011548",22,99,39,60
15,"0011548A",22,690,341,349
15,"0011550",22,95,49,46
15,"0011550A",22,701,386,315
15,"0011552",22,144,77,67
15,"0011552A",22,586,351,235
15,"0011557",22,111,68,43
15,"0011557A",22,318,195,123
15,"0011570",22,114,46,68
15,"0011570A",22,444,269,175
15,"0011580",22,105,50,55
15,"0011580A",22,470,270,200
15,"0011610",22,58,27,31
15,"0011610A",22,309,213,96
15,"0011620",22,78,40,38
15,"0011620A",22,462,223,239
15,"0011621",22,56,35,21
15,"0011621A",22,256,175,81
15,"0011626",22,77,36,41
15,"0011626A",22,460,235,225
15,"0011628",22,35,18,17
15,"0011628A",22,318,150,168
15,"0011855",22,54,19,35
15,"0011855A",22,324,114,210
15,"0012050",22,154,72,82
15,"0012050A",22,402,201,201
15,"0012402",22,69,35,34
15,"0012402A",22,361,218,143
15,"0012596",22,51,26,25
15,"0012596A",22,176,104,72
15,"0012680",22,31,3,28
15,"0012680A",22,192,47,145
15,"0012722",22,70,10,60
15,"0012722A",22,324,85,239
15,"0013107",22,131,71,60
15,"0013107A",22,369,220,149
15,"0013110",22,117,41,76
15,"0013110A",22,379,173,206
15,"0013112",22,84,20,64
15,"0013112A",22,664,213,451
15,"0013115",22,78,9,69
15,"0013115A",22,604,157,447
15,"0013116",22,120,40,80
15,"0013116A",22,398,181,217
15,"0013120",22,111,50,61
15,"0013120A",22,300,164,136
15,"0013121",22,141,43,98
15,"0013121A",22,589,180,409
15,"0013122",22,136,32,104
15,"0013122A",22,668,235,433
15,"0015107",22,118,36,82
15,"0015107A",22,622,265,357
15,"0015142",22,100,40,60
15,"0015142A",22,622,265,357
15,"0020121",23,128,24,104
15,"0020121A",23,316,128,188
15,"0020179",23,66,16,50
15,"0020179A",23,175,46,129
15,"0020232",22,86,48,38
15,"0020232A",22,354,215,139
15,"0020236",22,146,86,60
15,"0020236A",22,393,245,148
15,"0020237",22,142,70,72
15,"0020237A",22,537,315,222
15,"0020243",22,116,32,84
15,"0020243A",22,700,295,405
15,"0020244",22,69,30,39
15,"0020244A",22,443,222,221
15,"0020246",22,131,64,67
15,"0020246A",22,470,267,203
15,"0020248",22,61,31,30
15,"0020248A",22,329,168,161
15,"0020249",22,89,34,55
15,"0020249A",22,463,192,271
15,"0020250",22,60,30,30
15,"0020250A",22,399,192,207
15,"0020253",22,78,36,42
15,"0020253A",22,279,140,139
15,"0020254",22,178,79,99
15,"0020254A",22,612,306,306
15,"0020255",22,118,61,57
15,"0020255A",22,542,239,303
15,"0020256",22,117,53,64
15,"0020256A",22,556,291,265
15,"0020257",22,103,49,54
15,"0020257A",22,616,316,300
15,"0020260",22,115,44,71
15,"0020260A",22,453,239,214
15,"0020262",22,141,55,86
15,"0020262A",22,409,188,221
15,"0020263",22,74,37,37
15,"0020263A",22,410,201,209
15,"0020265",22,131,55,76
15,"0020265A",22,747,324,423
15,"0020266",22,116,43,73
15,"0020266A",22,605,221,384
15,"0020271",22,141,60,81
15,"0020271A",22,482,220,262
15,"0020273",22,101,44,57
15,"0020273A",22,532,253,279
15,"0020275",22,115,60,55
15,"0020275A",22,501,247,254
15,"0020279",22,62,34,28
15,"0020279A",22,290,149,141
15,"0020281",22,104,43,61
15,"0020281A",22,477,232,245
15,"0020282",22,109,40,69
15,"0020282A",22,663,312,351
15,"0020284",22,103,43,60
15,"0020284A",22,409,206,203
15,"0020286",22,108,40,68
15,"0020286A",22,494,199,295
15,"0020288",22,120,46,74
15,"0020288A",22,361,201,160
15,"0020289",22,94,46,48
15,"0020289A",22,448,221,227
15,"0020298",22,138,56,82
15,"0020298A",22,682,334,348
15,"0021270",23,178,69,109
15,"0021270A",23,659,297,362
15,"0021274",23,107,43,64
15,"0021274A",23,358,180,178
15,"0021280",23,124,52,72
15,"0021280A",23,531,259,272
15,"0021282",23,96,33,63
15,"0021282A",23,474,218,256
15,"0021286",23,136,53,83
15,"0021286A",23,445,197,248
15,"0021287",23,121,52,69
15,"0021287A",23,609,309,300
15,"0021660",23,63,15,48
15,"0021660A",23,184,59,125
15,"0021710",23,77,17,60
15,"0021710A",23,138,45,93
15,"0021752",22,53,33,20
15,"0021752A",22,259,155,104
15,"0022000",22,143,79,64
15,"0022000A",22,447,263,184
15,"0022002",22,75,35,40
15,"0022002A",22,362,194,168
15,"0022003",22,132,63,69
15,"0022003A",22,548,309,239
15,"0022006",22,117,62,55
15,"0022006A",22,454,217,237
15,"0022009",22,120,42,78
15,"0022009A",22,385,228,157
15,"0022010",22,112,47,65
15,"0022010A",22,460,240,220
15,"0022030",22,108,44,64
15,"0022030A",22,714,302,412
15,"0022033",22,120,57,63
15,"0022033A",22,617,282,335
15,"0022037",22,117,51,66
15,"0022037A",22,548,251,297
15,"0022041",22,154,61,93
15,"0022041A",22,611,273,338
15,"0022047",22,90,34,56
15,"0022047A",22,457,196,261
15,"0023239",22,80,29,51
15,"0023239A",22,377,187,190
15,"0023241",22,62,25,37
15,"0023241A",22,308,150,158
15,"0025290",22,81,46,35
15,"0025290A",22,334,161,173
15,"0030301",22,49,17,32
15,"0030301A",22,476,186,290
15,"0030302",22,127,47,80
15,"0030302A",22,538,265,273
15,"0030304",22,129,54,75
15,"0030304A",22,694,327,367
15,"0030306",22,41,17,24
15,"0030306A",22,216,114,102
15,"0030308",22,84,40,44
15,"0030308A",22,515,286,229
15,"0030310",22,93,38,55
15,"0030310A",22,519,256,263
15,"0030314",22,119,53,66
15,"0030314A",22,668,279,389
15,"0030316",22,79,25,54
15,"0030316A",22,466,195,271
15,"0030318",22,122,32,90
15,"0030318A",22,681,307,374
15,"0030324",22,35,22,13
15,"0030324A",22,210,131,79
15,"0030328",22,130,45,85
15,"0030328A",22,591,233,358
15,"0030338",22,98,36,62
15,"0030338A",22,460,208,252
15,"0030343",22,64,38,26
15,"0030343A",22,338,212,126
15,"0030346",22,72,30,42
15,"0030346A",22,390,219,171
15,"0030348",22,68,31,37
15,"0030348A",22,376,174,202
15,"0030367",22,101,41,60
15,"0030367A",22,787,325,462
15,"0031210",22,94,40,54
15,"0031210A",22,517,253,264
15,"0031389",22,160,44,116
15,"0031389A",22,854,363,491
15,"0031478",22,130,56,74
15,"0031478A",22,792,358,434
15,"0031641",22,123,72,51
15,"0031641A",22,430,253,177
15,"0031935",22,93,37,56
15,"0031935A",22,384,194,190
15,"0031958",22,80,34,46
15,"0031958A",22,251,125,126
15,"0031960",22,157,74,83
15,"0031960A",22,622,322,300
15,"0032236",22,70,34,36
15,"0032236A",22,609,252,357
15,"0032360",22,104,47,57
15,"0032360A",22,419,252,167
15,"0032370",22,132,66,66
15,"0032370A",22,225,98,127
15,"0032442",22,81,23,58
15,"0032442A",22,391,130,261
15,"0032531",22,97,58,39
15,"0032531A",22,333,194,139
15,"0032532",22,86,35,51
15,"0032532A",22,468,221,247
15,"0032632",22,81,46,35
15,"0032632A",22,283,182,101
15,"0032750",22,111,59,52
15,"0032750A",22,374,197,177
15,"0032751",22,78,29,49
15,"0032751A",22,370,185,185
15,"0032762",22,81,36,45
15,"0032762A",22,327,206,121
15,"0032765",22,147,61,86
15,"0032765A",22,445,206,239
15,"0033161",22,31,9,22
15,"0033161A",22,214,95,119
15,"0033222",22,131,64,67
15,"0033222A",22,336,181,155
15,"0033491",22,52,23,29
15,"0033491A",22,221,154,67
15,"0033492",22,69,33,36
15,"0033492A",22,317,202,115
15,"0035652",22,45,21,24
15,"0035652A",22,302,149,153
15,"0035676",22,33,23,10
15,"0035676A",22,210,150,60
15,"0035677",22,150,74,76
15,"0035677A",22,592,350,242
15,"0035683",22,74,38,36
15,"0035683A",22,349,208,141
15,"0040137",22,67,37,30
15,"0040137A",22,140,98,42
15,"0040411",22,116,56,60
15,"0040411A",22,426,191,235
15,"0040412",22,119,49,70
15,"0040412A",22,436,238,198
15,"0040422",22,119,58,61
15,"0040422A",22,491,240,251
15,"0040427",22,154,53,101
15,"0040427A",22,637,321,316
15,"0040448",22,46,16,30
15,"0040448A",22,222,110,112
15,"0041240",22,83,28,55
15,"0041240A",22,153,63,90
15,"0041481",22,108,40,68
15,"0041481A",22,563,195,368
15,"0043510",22,158,77,81
15,"0043510A",22,462,205,257
15,"0043520",22,176,80,96
15,"0043520A",22,503,261,242
15,"0043557",22,112,58,54
15,"0043557A",22,311,186,125
15,"0043563",22,110,55,55
15,"0043563A",22,358,203,155
15,"0043569",22,93,41,52
15,"0043569A",22,321,141,180
15,"0043576",22,174,83,91
15,"0043576A",22,542,285,257
15,"0050020",22,112,49,63
15,"0050020A",22,338,189,149
15,"0050025",22,63,29,34
15,"0050025A",22,238,102,136
15,"0050030",22,42,21,21
15,"0050030A",22,152,78,74
15,"0050180",22,128,63,65
15,"0050180A",22,445,298,147
15,"0050185",22,111,62,49
15,"0050185A",22,309,205,104
15,"0050186",22,145,72,73
15,"0050186A",22,393,226,167
15,"0050187",22,147,86,61
15,"0050187A",22,429,302,127
15,"0050188",22,114,64,50
15,"0050188A",22,368,234,134
15,"0050190",22,99,56,43
15,"0050190A",22,321,183,138
15,"0050502",22,79,37,42
15,"0050502A",22,321,207,114
15,"0050505",22,36,12,24
15,"0050505A",22,265,146,119
15,"0050507",22,96,50,46
15,"0050507A",22,316,183,133
15,"0050509",22,71,40,31
15,"0050509A",22,303,227,76
15,"0050511",22,57,30,27
15,"0050511A",22,253,185,68
15,"0050512",22,46,25,21
15,"0050512A",22,223,137,86
15,"0050514",22,101,63,38
15,"0050514A",22,472,286,186
15,"0050518",22,89,46,43
15,"0050518A",22,409,220,189
15,"0050523",22,40,20,20
15,"0050523A",22,306,193,113
15,"0050524",22,73,49,24
15,"0050524A",22,425,297,128
15,"0050525",22,49,30,19
15,"0050525A",22,318,204,114
15,"0050532",22,58,28,30
15,"0050532A",22,183,117,66
15,"0050536",22,90,48,42
15,"0050536A",22,400,199,201
15,"0050538",22,114,59,55
15,"0050538A",22,294,178,116
15,"0050541",22,58,35,23
15,"0050541A",22,274,188,86
15,"0050542",22,98,31,67
15,"0050542A",22,410,221,189
15,"0050544",22,135,69,66
15,"0050544A",22,626,360,266
15,"0050548",22,40,18,22
15,"0050548A",22,226,134,92
15,"0050551",22,121,62,59
15,"0050551A",22,412,233,179
15,"0050560",22,15,9,6
15,"0050560A",22,117,85,32
15,"0050561",22,87,48,39
15,"0050561A",22,393,209,184
15,"0050573",22,48,32,16
15,"0050573A",22,154,103,51
15,"0050576",22,60,25,35
15,"0050576A",22,294,148,146
15,"0050579",22,39,21,18
15,"0050579A",22,214,142,72
15,"0050709",22,59,25,34
15,"0050709A",22,422,268,154
15,"0050731",22,70,40,30
15,"0050731A",22,358,208,150
15,"0050739",22,43,22,21
15,"0050739A",22,223,132,91
15,"0050741",22,57,26,31
15,"0050741A",22,396,206,190
15,"0050750",22,84,37,47
15,"0050750A",22,372,194,178
15,"0050751",22,42,24,18
15,"0050751A",22,156,75,81
15,"0050752",22,95,34,61
15,"0050752A",22,480,236,244
15,"0050765",22,106,44,62
15,"0050765A",22,660,346,314
15,"0050779",22,43,20,23
15,"0050779A",22,275,161,114
15,"0051180",22,102,44,58
15,"0051180A",22,425,204,221
15,"0051227",22,138,61,77
15,"0051227A",22,566,195,371
15,"0051313",22,80,36,44
15,"0051313A",22,251,141,110
15,"0051331",22,69,38,31
15,"0051331A",22,339,173,166
15,"0051332",22,72,26,46
15,"0051332A",22,342,168,174
15,"0052034",22,81,38,43
15,"0052034A",22,262,170,92
15,"0052070",22,62,30,32
15,"0052070A",22,313,209,104
15,"0052080",22,48,23,25
15,"0052080A",22,279,190,89
15,"0052110",22,31,19,12
15,"0052110A",22,168,106,62
15,"0052180",22,122,76,46
15,"0052180A",22,402,297,105
15,"0052182",22,139,69,70
15,"0052182A",22,382,232,150
15,"0052183",22,54,29,25
15,"0052183A",22,195,123,72
15,"0052184",22,84,49,35
15,"0052184A",22,265,174,91
15,"0052400",22,88,52,36
15,"0052400A",22,387,257,130
15,"0052490",22,77,39,38
15,"0052490A",22,208,151,57
15,"0053472",22,66,37,29
15,"0053472A",22,228,142,86
15,"7010091A",22,29,4,25
15,"7011134A",22,106,10,96
15,"7011152A",22,86,16,70
15,"7011153",22,21,7,14
15,"7011153A",22,205,86,119
15,"7011171A",22,38,19,19
15,"7011172A",22,42,12,30
15,"7011200A",22,14,3,11
15,"7011209",22,13,7,6
15,"7011209A",22,78,37,41
15,"7011290",22,12,4,8
15,"7011290A",22,178,38,140
15,"7011462A",22,125,20,105
15,"7011632A",22,38,22,16
15,"7011702A",22,22,1,21
15,"7011703A",22,66,6,60
15,"7011756A",22,51,3,48
15,"7011838A",22,16,3,13
15,"7011853",22,8,2,6
15,"7011853A",22,177,36,141
15,"7011983A",22,40,2,38
15,"7012010A",22,36,1,35
15,"7012042A",23,92,22,70
15,"7012049A",22,45,12,33
15,"7012052",22,15,3,12
15,"7012052A",22,165,62,103
15,"7012057A",22,11,2,9
15,"7012277",22,10,1,9
15,"7012277A",22,63,2,61
15,"7012382A",22,105,16,89
15,"7012400A",22,67,29,38
15,"7012586",22,16,10,6
15,"7012586A",22,108,72,36
15,"7012590",22,24,9,15
15,"7012590A",22,189,102,87
15,"7012594",22,21,14,7
15,"7012594A",22,109,65,44
15,"7012600",22,17,3,14
15,"7012600A",22,119,82,37
15,"7012603",22,8,1,7
15,"7012603A",22,112,63,49
15,"7012605A",22,37,24,13
15,"7012606A",22,28,12,16
15,"7012631A",22,17,1,16
15,"7012723A",22,19,5,14
15,"7012844A",22,25,5,20
15,"7012880A",23,85,21,64
15,"7013101A",22,8,4,4
15,"7013102A",22,17,3,14
15,"7013105A",22,16,4,12
15,"7013114",22,16,4,12
15,"7013114A",22,195,69,126
15,"7013182A",22,56,3,53
15,"7020285A",22,43,19,24
15,"7020292",22,18,9,9
15,"7020292A",22,176,81,95
15,"7021222A",22,55,12,43
15,"7021235A",22,33,10,23
15,"7021285A",23,29,11,18
15,"7021535A",22,68,15,53
15,"7021634A",22,20,6,14
15,"7021711",23,11,3,8
15,"7021711A",23,142,54,88
15,"7022013",22,21,15,6
15,"7022013A",22,184,104,80
15,"7022283A",22,77,27,50
15,"7022421A",22,12,6,6
15,"7022600A",22,11,3,8
15,"7022792A",22,48,13,35
15,"7022803",22,14,11,3
15,"7022803A",22,64,17,47
15,"7022806A",22,23,7,16
15,"7023245",22,20,11,9
15,"7023245A",22,137,70,67
15,"7030303A",22,90,27,63
15,"7030340A",22,99,15,84
15,"7030352A",22,147,67,80
15,"7030398A",22,59,34,25
15,"7031211A",22,173,70,103
15,"7032253A",22,19,10,9
15,"7032386",22,47,22,25
15,"7032386A",22,283,154,129
15,"7033221",22,9,4,5
15,"7033221A",22,99,71,28
15,"7033232A",22,37,19,18
15,"7035651A",22,73,26,47
15,"7040142A",22,15,8,7
15,"7041166A",22,74,13,61
15,"7041242A",22,12,3,9
15,"7041933A",22,104,8,96
15,"7042276A",22,13,1,12
15,"7043511",22,22,10,12
15,"7043511A",22,61,29,32
15,"7043512A",22,19,16,3
15,"7043561",22,23,5,18
15,"7043561A",22,162,60,102
15,"7043567",22,20,9,11
15,"7043567A",22,85,51,34
15,"7050501",22,8,5,3
15,"7050501A",22,110,74,36
15,"7050504A",22,13,11,2
15,"7050522A",22,35,18,17
15,"7050529",22,12,2,10
15,"7050529A",22,120,63,57
15,"7050555A",22,16,3,13
15,"7050557A",22,27,19,8
15,"7050563",22,11,8,3
15,"7050563A",22,59,36,23
15,"7050585",22,8,5,3
15,"7050585A",22,164,97,67
15,"7050734A",22,103,44,59
15,"7050749A",22,43,27,16
15,"7051293A",22,106,40,66
15,"7051294",22,50,25,25
15,"7051294A",22,171,95,76
15,"7051298",22,12,7,5
15,"7051298A",22,123,60,63
15,"7051492A",22,20,6,14
15,"7051494A",22,65,35,30
15,"7051704A",22,16,7,9
15,"7051715A",22,45,7,38
15,"7051732A",22,14,5,9
15,"7051739",22,9,2,7
15,"7051739A",22,98,38,60
15,"7052140A",22,117,49,68
15,"7052143A",22,74,21,53
15,"7052500A",22,91,22,69
15,"7052633A",22,48,6,42
15,"CNTYTOT",0,150637,55012,95625
15,"AD32_TOT",0,40710,2459,38251
15,"AD35_TOT",0,101379,50327,51052
15,"AD34_TOT",0,8548,2226,6322
15,"CD22_TOT",0,106844,52786,54058
15,"CD23_TOT",0,5353,2226,3127
15,"SD12_TOT",0,51923,5520,46403
15,"SD16_TOT",0,98714,49492,49222
15,"BE01_TOT",0,150637,55012,95625
15,"SOV_CD22",0,106844,52786,54058
15,"SOV_CD23",0,5353,2226,3127
16,"1117",22,20,11,9
16,"1117A",22,127,58,69
16,"1118",22,61,29,32
16,"1118A",22,258,118,140
16,"1204",22,62,31,31
16,"1204A",22,257,178,79
16,"1209",22,27,4,23
16,"1209A",22,226,78,148
16,"1210",22,520,203,317
16,"1210A",22,2188,1170,1018
16,"1211",22,13,2,11
16,"1211A",22,34,12,22
16,"1212",22,118,59,59
16,"1212A",22,295,145,150
16,"1213",22,59,28,31
16,"1213A",22,230,141,89
16,"1214",22,72,28,44
16,"1214A",22,177,105,72
16,"1215",22,59,21,38
16,"1215A",22,157,78,79
16,"1216",22,25,14,11
16,"1216A",22,35,18,17
16,"1217A",22,19,12,7
16,"1218",22,23,4,19
16,"1218A",22,139,27,112
16,"1222A",22,15,8,7
16,"1223",22,44,19,25
16,"1223A",22,324,146,178
16,"1224A",22,85,9,76
16,"1226",22,14,8,6
16,"1226A",22,120,70,50
16,"1309",22,30,5,25
16,"1309A",22,235,75,160
16,"1310",22,113,21,92
16,"1310A",22,782,284,498
16,"1316A",22,25,8,17
16,"1317A",22,22,3,19
16,"1320A",22,48,20,28
16,"1402A",22,12,1,11
16,"1403",22,140,66,74
16,"1403A",22,484,261,223
16,"1404A",22,28,1,27
16,"1405",22,39,17,22
16,"1405A",22,249,109,140
16,"1406",22,204,70,134
16,"1406A",22,1247,535,712
16,"1411",22,177,70,107
16,"1411A",22,909,374,535
16,"1412",22,54,14,40
16,"1412A",22,295,105,190
16,"1413",22,82,28,54
16,"1413A",22,603,270,333
16,"1414",22,21,6,15
16,"1414A",22,78,29,49
16,"1416",22,84,32,52
16,"1416A",22,372,232,140
16,"1417",22,51,28,23
16,"1417A",22,253,155,98
16,"1418",22,60,24,36
16,"1418A",22,332,170,162
16,"1419",22,86,40,46
16,"1419A",22,395,194,201
16,"1421A",22,12,2,10
16,"1422A",22,38,19,19
16,"1426",22,58,17,41
16,"1426A",22,292,100,192
16,"1503",22,20,2,18
16,"1503A",22,163,39,124
16,"1505",22,68,14,54
16,"1505A",22,603,171,432
16,"1509A",22,105,33,72
16,"1512",22,363,120,243
16,"1512A",22,2210,893,1317
16,"1513",22,32,14,18
16,"1513A",22,175,97,78
16,"1514",22,76,29,47
16,"1514A",22,371,160,211
16,"1515",22,66,29,37
16,"1515A",22,217,124,93
16,"1517",22,13,3,10
16,"1517A",22,223,103,120
16,"1526",22,15,4,11
16,"1526A",22,163,34,129
16,"1528",22,13,3,10
16,"1528A",22,124,46,78
16,"1529",22,13,2,11
16,"1529A",22,112,31,81
16,"1530",22,10,7,3
16,"1530A",22,57,9,48
16,"CNTYTOT",0,28009,8214,19795
16,"AD33_TOT",0,28009,8214,19795
16,"CD22_TOT",0,19055,8214,10841
16,"SD16_TOT",0,28009,8214,19795
16,"BE01_TOT",0,28009,8214,19795
16,"SOV_CD22",0,19055,8214,10841
17,"111",4,148,62,86
17,"111A",4,744,380,364
17,"113",4,115,51,64
17,"113A",4,1172,677,495
17,"116",4,220,89,131
17,"116A",4,1375,695,680
17,"121A",4,174,79,95
17,"122A",4,17,11,6
17,"123A",4,115,39,76
17,"126",4,101,45,56
17,"126A",4,716,330,386
17,"128A",4,27,16,11
17,"130A",4,15,7,8
17,"131A",4,82,36,46
17,"132A",4,33,20,13
17,"141",4,118,48,70
17,"141A",4,512,286,226
17,"211",4,145,58,87
17,"211A",4,864,524,340
17,"213",4,196,87,109
17,"213A",4,475,281,194
17,"215",4,84,40,44
17,"215A",4,371,203,168
17,"217",4,91,35,56
17,"217A",4,371,208,163
17,"218",4,146,70,76
17,"218A",4,703,425,278
17,"222A",4,12,1,11
17,"311",4,160,63,97
17,"311A",4,953,437,516
17,"341",4,133,57,76
17,"341A",4,807,446,361
17,"343A",4,12,5,7
17,"351",4,212,99,113
17,"351A",4,920,495,425
17,"354A",4,101,67,34
17,"361A",4,46,21,25
17,"381",4,175,65,110
17,"381A",4,1329,705,624
17,"390A",4,122,63,59
17,"391A",4,117,62,55
17,"411",4,108,46,62
17,"411A",4,1006,562,444
17,"413",4,59,23,36
17,"413A",4,486,297,189
17,"414",4,54,26,28
17,"414A",4,586,337,249
17,"421",4,58,26,32
17,"421A",4,689,326,363
17,"430",4,176,68,108
17,"430A",4,1246,712,534
17,"441",4,28,9,19
17,"441A",4,242,100,142
17,"442",4,130,62,68
17,"442A",4,514,255,259
17,"452A",4,75,38,37
17,"455A",4,165,103,62
17,"461A",4,54,27,27
17,"471A",4,23,15,8
17,"511A",4,60,28,32
17,"519",4,106,37,69
17,"519A",4,829,545,284
17,"520",4,246,108,138
17,"520A",4,1425,779,646
17,"530",4,57,25,32
17,"530A",4,658,366,292
17,"532",4,126,47,79
17,"532A",4,1058,585,473
17,"551A",4,97,62,35
17,"561",4,74,36,38
17,"561A",4,738,425,313
17,"571",4,109,56,53
17,"571A",4,749,446,303
17,"CNTYTOT",0,26269,13970,12299
17,"AD04_TOT",0,26269,13970,12299
17,"CD04_TOT",0,26269,13970,12299
17,"SD02_TOT",0,26269,13970,12299
17,"BE02_TOT",0,26269,13970,12299
17,"SOV_CD04",0,26269,13970,12299
18,"CP01",1,54,13,41
18,"CP01A",1,593,199,394
18,"MB02A",1,71,17,54
18,"MB03A",1,247,61,186
18,"CP04A",1,786,108,678
18,"CP05A",1,294,46,248
18,"CP09A",1,260,71,189
18,"MB06A",1,159,37,122
18,"MB42",1,9,6,3
18,"MB42A",1,142,52,90
18,"MB08A",1,166,47,119
18,"MB10A",1,143,38,105
18,"MB43A",1,152,41,111
18,"MB44A",1,126,27,99
18,"MB45A",1,122,24,98
18,"MB46",1,9,3,6
18,"MB46A",1,187,45,142
18,"CP07A",1,198,53,145
18,"MB47A",1,91,35,56
18,"MB48A",1,68,18,50
18,"MB49A",1,101,25,76
18,"MB50A",1,130,25,105
18,"MB22A",1,71,17,54
18,"MB32A",1,98,24,74
18,"CP11",1,53,3,50
18,"CP11A",1,680,114,566
18,"CP12",1,66,4,62
18,"CP12A",1,649,79,570
18,"CP13",1,13,2,11
18,"CP13A",1,656,92,564
18,"MB24A",1,42,7,35
18,"MB14A",1,140,38,102
18,"CP16",1,58,9,49
18,"CP16A",1,304,42,262
18,"MB33A",1,53,9,44
18,"MB17A",1,205,33,172
18,"MB25A",1,37,9,28
18,"MB26A",1,87,24,63
18,"CP18",1,13,2,11
18,"CP18A",1,791,148,643
18,"MB51A",1,109,35,74
18,"CP19",1,12,2,10
18,"CP19A",1,512,105,407
18,"MB27A",1,62,27,35
18,"CP20A",1,396,28,368
18,"MB39A",1,131,13,118
18,"MB40A",1,61,6,55
18,"CP21A",1,289,49,240
18,"MB36A",1,99,24,75
18,"MB37A",1,152,37,115
18,"CP23",1,23,6,17
18,"CP23A",1,296,58,238
18,"MB38A",1,58,20,38
18,"MB34A",1,33,8,25
18,"MB28A",1,46,10,36
18,"MB29A",1,23,4,19
18,"MB41A",1,87,9,78
18,"MB52A",1,178,37,141
18,"CP15",1,24,7,17
18,"CP15A",1,253,44,209
18,"MB30A",1,42,3,39
18,"MB54A",1,63,14,49
18,"MB55A",1,19,11,8
18,"MB56A",1,22,4,18
18,"CNTYTOT",0,11238,2234,9004
18,"AD01_TOT",0,11238,2234,9004
18,"CD01_TOT",0,11238,2234,9004
18,"SD01_TOT",0,11238,2234,9004
18,"BE01_TOT",0,11238,2234,9004
18,"SOV_CD01",0,11238,2234,9004
19,"0050002B",28,35,16,19
19,"0050003A",27,523,79,444
19,"0050003AA",27,717,251,466
19,"0050005A",27,1116,188,928
19,"0050005AA",27,1522,608,914
19,"0050014A",27,197,38,159
19,"0050014AA",27,341,134,207
19,"0070001A",32,202,68,134
19,"0070001AA",32,511,283,228
19,"0070002A",26,17,3,14
19,"0070002AA",26,47,23,24
19,"0070005A",32,250,100,150
19,"0070005AA",32,763,431,332
19,"0070006A",32,342,168,174
19,"0070006AA",32,893,600,293
19,"0070041B",32,42,14,28
19,"0070041BA",32,97,57,40
19,"0070041F",32,10,4,6
19,"0070041FA",32,10,4,6
19,"0070207AA",32,29,13,16
19,"0080004A",26,401,155,246
19,"0080004AA",26,1364,904,460
19,"0080007A",26,615,278,337
19,"0080007AA",26,2079,1415,664
19,"0080050A",26,809,325,484
19,"0080050AA",26,2373,1450,923
19,"0080054A",26,328,146,182
19,"0080054AA",26,835,504,331
19,"0080070A",26,500,189,311
19,"0080070AA",26,1814,1140,674
19,"0090006A",27,15,6,9
19,"0090006AA",27,18,13,5
19,"0090011BA",27,14,8,6
19,"0090026A",27,682,112,570
19,"0090026AA",27,1350,536,814
19,"0150003A",28,770,427,343
19,"0150003AA",28,2367,1753,614
19,"0150012A",28,647,383,264
19,"0150012AA",28,1996,1520,476
19,"0150016D",28,761,438,323
19,"0150016DA",28,1965,1444,521
19,"0150023A",28,506,287,219
19,"0150023AA",28,1296,1009,287
19,"0150025A",28,508,307,201
19,"0150025AA",28,1268,954,314
19,"0150032BA",28,11,10,1
19,"0150034A",28,545,325,220
19,"0150034AA",28,1690,1331,359
19,"0150042A",28,296,157,139
19,"0150042AA",28,841,635,206
19,"0150045A",28,492,265,227
19,"0150045AA",28,1423,1067,356
19,"0150049A",28,153,88,65
19,"0150049AA",28,537,393,144
19,"0150055A",28,59,27,32
19,"0150055AA",28,238,184,54
19,"0150065A",28,642,370,272
19,"0150065AA",28,1704,1262,442
19,"0150070A",28,106,47,59
19,"0150070AA",28,349,256,93
19,"0150071A",28,603,350,253
19,"0150071AA",28,1685,1277,408
19,"0150078A",28,145,82,63
19,"0150078AA",28,335,257,78
19,"0150079A",28,336,172,164
19,"0150079AA",28,957,659,298
19,"0150082A",28,531,347,184
19,"0150082AA",28,1124,910,214
19,"0150085A",28,184,105,79
19,"0150085AA",28,487,360,127
19,"0180002A",43,209,124,85
19,"0180002AA",43,424,305,119
19,"0200005A",28,665,511,154
19,"0200005AA",28,2471,2102,369
19,"0200015A",28,685,524,161
19,"0200015AA",28,1718,1498,220
19,"0200016A",28,735,404,331
19,"0200016AA",28,3127,2363,764
19,"0200018A",28,101,81,20
19,"0200018AA",28,315,276,39
19,"0200019A",28,340,243,97
19,"0200019AA",28,1170,1019,151
19,"0200025B",28,421,301,120
19,"0200025BA",28,1701,1411,290
19,"0200029A",28,254,189,65
19,"0200029AA",28,1078,909,169
19,"0200040A",28,901,477,424
19,"0200040AA",28,2516,1845,671
19,"0200046A",28,422,325,97
19,"0200046AA",28,1069,925,144
19,"0200064A",28,137,82,55
19,"0200064AA",28,399,354,45
19,"0200087A",28,773,573,200
19,"0200087AA",28,2511,2169,342
19,"0300001G",27,40,12,28
19,"0300001GA",27,63,30,33
19,"0300002A",27,51,11,40
19,"0300002AA",27,114,37,77
19,"0300002CA",27,15,4,11
19,"0300003A",27,17,2,15
19,"0300003AA",27,18,7,11
19,"0300012A",27,66,15,51
19,"0300012AA",27,99,32,67
19,"0300016A",23,19,6,13
19,"0300016AA",23,32,17,15
19,"0350007A",28,404,148,256
19,"0350007AA",28,1754,970,784
19,"0350011A",28,99,58,41
19,"0350011AA",28,257,172,85
19,"0350012A",28,614,259,355
19,"0350012AA",28,2311,1376,935
19,"0350023B",28,11,5,6
19,"0350023BA",28,31,20,11
19,"0350027A",28,832,411,421
19,"0350027AA",28,2320,1567,753
19,"0350030A",28,253,125,128
19,"0350030AA",28,890,562,328
19,"0350034A",28,465,197,268
19,"0350034AA",28,1700,1048,652
19,"0350038A",28,142,68,74
19,"0350038AA",28,720,447,273
19,"0350042A",28,471,234,237
19,"0350042AA",28,1359,890,469
19,"0350048A",28,285,131,154
19,"0350048AA",28,1251,798,453
19,"0350049A",28,58,22,36
19,"0350049AA",28,147,91,56
19,"0350054A",28,367,173,194
19,"0350054AA",28,1445,906,539
19,"0350061AA",28,14,12,2
19,"0350062B",28,380,140,240
19,"0350062BA",28,1762,1043,719
19,"0350102B",28,70,27,43
19,"0350102BA",28,264,157,107
19,"0350106A",28,31,14,17
19,"0350106AA",28,98,59,39
19,"0400001A",45,672,322,350
19,"0400001AA",45,1538,904,634
19,"0400004A",45,779,379,400
19,"0400004AA",45,1912,1130,782
19,"0400010A",45,163,94,69
19,"0400010AA",45,372,249,123
19,"0450008A",43,215,174,41
19,"0450008AA",43,664,596,68
19,"0450009A",43,10,5,5
19,"0450009AA",43,16,11,5
19,"0450010A",43,387,286,101
19,"0450010AA",43,873,738,135
19,"0450012A",43,195,139,56
19,"0450012AA",43,560,476,84
19,"0500002A",42,392,216,176
19,"0500002AA",42,674,410,264
19,"0520004A",38,282,143,139
19,"0520004AA",38,620,461,159
19,"0520008A",31,49,27,22
19,"0520008AA",31,77,42,35
19,"0520010A",31,142,65,77
19,"0520010AA",31,338,247,91
19,"0520022A",31,28,17,11
19,"0520022AA",31,43,33,10
19,"0520024A",31,497,263,234
19,"0520024AA",31,843,622,221
19,"0520025A",31,453,239,214
19,"0520025AA",31,1196,883,313
19,"0520027A",31,123,55,68
19,"0520027AA",31,191,130,61
19,"0550001A",31,295,153,142
19,"0550001AA",31,643,434,209
19,"0550011A",31,579,260,319
19,"0550011AA",31,1462,919,543
19,"0550016A",31,676,382,294
19,"0550016AA",31,1476,1063,413
19,"0550019A",31,47,25,22
19,"0550019AA",31,82,67,15
19,"0550020A",31,286,156,130
19,"0550020AA",31,525,373,152
19,"0550021A",31,177,89,88
19,"0550021AA",31,414,271,143
19,"0550024A",31,94,57,37
19,"0550024AA",31,234,165,69
19,"0550025B",31,713,361,352
19,"0550025BA",31,1456,996,460
19,"0550026A",31,34,20,14
19,"0550026AA",31,96,69,27
19,"0550030A",31,823,369,454
19,"0550030AA",31,2067,1307,760
19,"0550073A",31,760,390,370
19,"0550073AA",31,1610,1066,544
19,"0600008B",31,447,279,168
19,"0600008BA",31,1199,909,290
19,"0600014A",31,456,241,215
19,"0600014AA",31,1183,824,359
19,"0600019A",31,613,332,281
19,"0600019AA",31,1372,967,405
19,"0600029C",31,323,186,137
19,"0600029CA",31,722,534,188
19,"0600034A",31,549,325,224
19,"0600034AA",31,1238,922,316
19,"0600035A",31,494,300,194
19,"0600035AA",31,1133,812,321
19,"0600036A",31,443,267,176
19,"0600036AA",31,1018,737,281
19,"0600037A",31,545,314,231
19,"0600037AA",31,1149,820,329
19,"0600038A",31,489,280,209
19,"0600038AA",31,1033,758,275
19,"0600039A",31,535,285,250
19,"0600039AA",31,1006,746,260
19,"0600046AA",31,28,21,7
19,"0600054A",31,558,318,240
19,"0600054AA",31,1174,850,324
19,"0600063A",31,46,25,21
19,"0600063AA",31,46,37,9
19,"0670010A",31,320,196,124
19,"0670010AA",31,620,439,181
19,"0670141B",31,393,249,144
19,"0670141BA",31,924,717,207
19,"0670142A",31,294,185,109
19,"0670142AA",31,553,425,128
19,"0670144A",31,273,160,113
19,"0670144AA",31,532,369,163
19,"0670145B",31,18,9,9
19,"0670145BA",31,10,7,3
19,"0700001A",42,443,292,151
19,"0700001AA",42,677,524,153
19,"0700002A",42,443,275,168
19,"0700002AA",42,711,543,168
19,"0700005E",42,9,4,5
19,"0700007B",42,580,372,208
19,"0700007BA",42,1022,782,240
19,"0700008A",42,372,239,133
19,"0700008AA",42,685,544,141
19,"0700010A",42,433,262,171
19,"0700010AA",42,797,606,191
19,"0700018A",42,323,222,101
19,"0700018AA",42,578,426,152
19,"0750007A",42,174,111,63
19,"0750007AA",42,347,241,106
19,"0750009A",42,545,255,290
19,"0750009AA",42,1509,972,537
19,"0750010A",42,300,163,137
19,"0750010AA",42,702,490,212
19,"0750012A",44,378,241,137
19,"0750012AA",44,715,528,187
19,"0750014A",42,509,269,240
19,"0750014AA",42,997,673,324
19,"0750019A",42,556,356,200
19,"0750019AA",42,1231,910,321
19,"0750021A",42,417,198,219
19,"0750021AA",42,1087,658,429
19,"0750024A",42,488,243,245
19,"0750024AA",42,1197,797,400
19,"0750026A",42,214,136,78
19,"0750026AA",42,463,354,109
19,"0750029C",44,191,102,89
19,"0750029CA",44,424,311,113
19,"0750031C",44,113,79,34
19,"0750031CA",44,205,160,45
19,"0750033A",42,772,404,368
19,"0750033AA",42,1612,1097,515
19,"0750035A",42,496,290,206
19,"0750035AA",42,873,654,219
19,"0750042A",42,521,239,282
19,"0750042AA",42,1317,858,459
19,"0750043A",42,517,227,290
19,"0750043AA",42,1309,794,515
19,"0750055A",42,136,70,66
19,"0750055AA",42,320,237,83
19,"0750057A",44,88,40,48
19,"0750057AA",44,212,141,71
19,"0750058A",44,136,80,56
19,"0750058AA",44,279,194,85
19,"0750060A",44,301,183,118
19,"0750060AA",44,619,480,139
19,"0750076A",42,297,157,140
19,"0750076AA",42,707,438,269
19,"0800002A",42,391,269,122
19,"0800002AA",42,676,552,124
19,"0800003A",42,516,340,176
19,"0800003AA",42,767,592,175
19,"0800005A",42,562,375,187
19,"0800005AA",42,781,620,161
19,"0800007A",42,547,337,210
19,"0800007AA",42,971,778,193
19,"0800010A",42,66,52,14
19,"0800010AA",42,128,102,26
19,"0800013A",42,424,283,141
19,"0800013AA",42,644,496,148
19,"0800017B",42,36,25,11
19,"0800017BA",42,49,36,13
19,"0800021A",42,319,235,84
19,"0800021AA",42,583,468,115
19,"0900001BA",36,13,2,11
19,"0900002A",36,772,293,479
19,"0900002AA",36,1733,1015,718
19,"0900004A",36,802,139,663
19,"0900004AA",36,2077,926,1151
19,"0900010A",36,601,100,501
19,"0900010AA",36,1243,538,705
19,"0900023A",36,594,238,356
19,"0900023AA",36,1738,1236,502
19,"0900026A",36,714,275,439
19,"0900026AA",36,1655,1048,607
19,"0900030A",36,626,258,368
19,"0900030AA",36,1286,811,475
19,"0900033BA",36,10,6,4
19,"0900038AA",36,11,5,6
19,"0900047A",36,625,179,446
19,"0900047AA",36,1279,735,544
19,"0930001A",42,217,87,130
19,"0930001AA",42,643,408,235
19,"0940005A",31,103,19,84
19,"0940005AA",31,298,161,137
19,"0950003A",30,126,71,55
19,"0950003AA",30,553,374,179
19,"0950008A",30,752,253,499
19,"0950008AA",30,2151,1267,884
19,"0950009A",30,478,158,320
19,"0950009AA",30,1322,719,603
19,"0950014A",30,792,451,341
19,"0950014AA",30,3357,2524,833
19,"0950027A",30,508,232,276
19,"0950027AA",30,1421,991,430
19,"0950029A",30,273,102,171
19,"0950029AA",30,698,476,222
19,"0950031A",30,450,212,238
19,"0950031AA",30,2030,1478,552
19,"0950042A",30,754,363,391
19,"0950042AA",30,2006,1473,533
19,"0950132A",30,353,183,170
19,"0950132AA",30,1422,1055,367
19,"0950136A",30,410,98,312
19,"0950136AA",30,1323,691,632
19,"0950138B",30,701,271,430
19,"0950138BA",30,2267,1289,978
19,"0950141B",30,401,115,286
19,"0950141BA",30,1142,630,512
19,"0950142A",30,419,235,184
19,"0950142AA",30,1169,891,278
19,"0950152A",30,43,23,20
19,"0950152AA",30,143,98,45
19,"0950156A",30,733,351,382
19,"0950156AA",30,2427,1685,742
19,"0950166C",30,415,229,186
19,"0950166CA",30,1745,1300,445
19,"0950168A",30,630,361,269
19,"0950168AA",30,1855,1407,448
19,"0950172A",30,372,207,165
19,"0950172AA",30,1342,914,428
19,"0950174A",30,343,175,168
19,"0950174AA",30,1158,819,339
19,"0950178A",30,776,459,317
19,"0950178AA",30,2826,2222,604
19,"0950189A",30,425,211,214
19,"0950189AA",30,1429,1055,374
19,"0950190A",30,681,380,301
19,"0950190AA",30,2586,1880,706
19,"0950200A",30,123,61,62
19,"0950200AA",30,411,317,94
19,"1000001A",26,669,208,461
19,"1000001AA",26,2040,1190,850
19,"1000009A",26,124,52,72
19,"1000009AA",26,332,225,107
19,"1000011A",26,446,206,240
19,"1000011AA",26,989,659,330
19,"1000015A",26,560,202,358
19,"1000015AA",26,1208,754,454
19,"1000016A",26,814,362,452
19,"1000016AA",26,2737,1788,949
19,"1000033A",26,365,125,240
19,"1000033AA",26,1257,733,524
19,"1020007AA",27,20,7,13
19,"1020017A",27,40,10,30
19,"1020017AA",27,155,59,96
19,"1020192AA",29,16,9,7
19,"1020244A",27,265,90,175
19,"1020244AA",27,586,325,261
19,"1030003A",44,447,331,116
19,"1030003AA",44,996,819,177
19,"1030004A",44,367,267,100
19,"1030004AA",44,975,843,132
19,"1030010A",44,287,235,52
19,"1030010AA",44,954,866,88
19,"1030013A",44,399,236,163
19,"1030013AA",44,953,688,265
19,"1030014A",44,378,292,86
19,"1030014AA",44,1038,905,133
19,"1030027A",44,457,251,206
19,"1030027AA",44,1352,998,354
19,"1030032A",44,655,356,299
19,"1030032AA",44,1658,1237,421
19,"1030039A",44,468,279,189
19,"1030039AA",44,1193,886,307
19,"1030043A",44,549,320,229
19,"1030043AA",44,1380,1054,326
19,"1030044A",44,641,353,288
19,"1030044AA",44,1560,1156,404
19,"1030045A",44,628,426,202
19,"1030045AA",44,1063,853,210
19,"1030048A",44,197,120,77
19,"1030048AA",44,549,431,118
19,"1030053A",44,459,367,92
19,"1030053AA",44,1667,1532,135
19,"1030062A",44,440,248,192
19,"1030062AA",44,1240,861,379
19,"1030071A",44,358,191,167
19,"1030071AA",44,1115,821,294
19,"1030077A",44,287,179,108
19,"1030077AA",44,763,557,206
19,"1030106A",44,450,394,56
19,"1030106AA",44,1686,1551,135
19,"1030109A",44,262,158,104
19,"1030109AA",44,835,655,180
19,"1030110A",44,106,95,11
19,"1030110AA",44,188,172,16
19,"1030111A",44,441,370,71
19,"1030111AA",44,1563,1453,110
19,"1030112A",44,465,281,184
19,"1030112AA",44,851,647,204
19,"1030117A",44,395,330,65
19,"1030117AA",44,1044,902,142
19,"1030119A",44,55,36,19
19,"1030119AA",44,142,111,31
19,"1030120C",44,441,253,188
19,"1030120CA",44,1272,914,358
19,"1030122A",44,13,9,4
19,"1030122AA",44,13,12,1
19,"1030122B",44,57,40,17
19,"1030122BA",44,37,30,7
19,"1040001A",27,584,186,398
19,"1040001AA",27,1029,554,475
19,"1040003A",27,692,177,515
19,"1040003AA",27,1389,750,639
19,"1040005A",27,55,7,48
19,"1040005AA",27,69,30,39
19,"1040012A",27,21,9,12
19,"1040012AA",27,42,21,21
19,"1040014B",27,85,16,69
19,"1040014BA",27,122,65,57
19,"1040017B",27,1309,352,957
19,"1040017BA",27,1988,1048,940
19,"1040018A",27,503,172,331
19,"1040018AA",27,904,505,399
19,"1040030A",27,256,61,195
19,"1040030AA",27,396,204,192
19,"1040035A",27,117,24,93
19,"1040035AA",27,190,48,142
19,"1040042A",27,822,165,657
19,"1040042AA",27,1343,624,719
19,"1060001A",36,47,26,21
19,"1060001AA",36,197,157,40
19,"1070004A",45,556,245,311
19,"1070004AA",45,1296,795,501
19,"1070021A",45,391,175,216
19,"1070021AA",45,1222,712,510
19,"1070023C",45,495,210,285
19,"1070023CA",45,1545,854,691
19,"1070024A",45,746,322,424
19,"1070024AA",45,2562,1525,1037
19,"1070029A",45,618,286,332
19,"1070029AA",45,2060,1224,836
19,"1070034A",45,181,72,109
19,"1070034AA",45,547,321,226
19,"1070037A",45,575,279,296
19,"1070037AA",45,2037,1192,845
19,"1070040A",45,715,314,401
19,"1070040AA",45,2343,1324,1019
19,"1070057A",45,587,273,314
19,"1070057AA",45,2465,1429,1036
19,"1070061A",45,700,326,374
19,"1070061AA",45,2238,1387,851
19,"1100002AA",31,40,23,17
19,"1100004A",31,773,417,356
19,"1100004AA",31,1252,885,367
19,"1100005A",31,137,82,55
19,"1100005AA",31,316,242,74
19,"1100007A",31,725,367,358
19,"1100007AA",31,1263,911,352
19,"1100025A",31,13,5,8
19,"1100025AA",31,17,12,5
19,"1100028A",31,580,233,347
19,"1100028AA",31,1074,687,387
19,"1100076A",31,156,68,88
19,"1100076AA",31,194,127,67
19,"1100081A",31,235,99,136
19,"1100081AA",31,474,335,139
19,"1100084A",31,97,49,48
19,"1100084AA",31,192,125,67
19,"1100085A",31,19,9,10
19,"1100085AA",31,43,26,17
19,"1100086A",31,700,306,394
19,"1100086AA",31,1190,718,472
19,"1150006A",27,224,78,146
19,"1150006AA",27,640,371,269
19,"1150012A",32,247,107,140
19,"1150012AA",32,609,381,228
19,"1250001A",28,14,6,8
19,"1250001AA",28,41,18,23
19,"1250005A",31,20,4,16
19,"1250005AA",31,53,16,37
19,"1250021A",31,17,8,9
19,"1250021AA",31,24,16,8
19,"1250083A",31,18,2,16
19,"1250083AA",31,91,53,38
19,"1300006A",28,77,45,32
19,"1300006AA",28,214,151,63
19,"1300009A",28,390,205,185
19,"1300009AA",28,1293,999,294
19,"1300012A",28,298,234,64
19,"1300012AA",28,948,822,126
19,"1300018A",28,504,221,283
19,"1300018AA",28,1799,1177,622
19,"1300020A",28,51,19,32
19,"1300020AA",28,202,127,75
19,"1300021A",28,302,172,130
19,"1300021AA",28,1058,800,258
19,"1300023C",28,851,488,363
19,"1300023CA",28,2296,1681,615
19,"1300027A",28,608,293,315
19,"1300027AA",28,1858,1200,658
19,"1300030B",28,253,153,100
19,"1300030BA",28,1464,1200,264
19,"1300037B",28,12,5,7
19,"1300037BA",28,40,18,22
19,"1300042B",28,776,352,424
19,"1300042BA",28,2554,1646,908
19,"1430002A",42,189,149,40
19,"1430002AA",42,187,155,32
19,"1430033A",42,340,250,90
19,"1430033AA",42,617,513,104
19,"1430034A",42,561,366,195
19,"1430034AA",42,978,757,221
19,"1430036A",42,297,179,118
19,"1430036AA",42,679,543,136
19,"1450003A",43,510,374,136
19,"1450003AA",43,1241,1013,228
19,"1450006A",43,255,176,79
19,"1450006AA",43,409,331,78
19,"1450007B",43,359,265,94
19,"1450007BA",43,799,668,131
19,"1450007D",43,31,14,17
19,"1450007DA",43,56,47,9
19,"1450008A",43,323,233,90
19,"1450008AA",43,597,474,123
19,"1450010A",43,12,9,3
19,"1450010AA",43,21,19,2
19,"1450010C",43,96,75,21
19,"1450010CA",43,292,250,42
19,"1450013A",43,144,118,26
19,"1450013AA",43,235,194,41
19,"1450017E",43,23,11,12
19,"1450017EA",43,51,39,12
19,"1450018A",43,89,70,19
19,"1450018AA",43,184,154,30
19,"1450022B",43,354,260,94
19,"1450022BA",43,800,660,140
19,"1450024A",43,379,303,76
19,"1450024AA",43,1155,994,161
19,"1450027A",43,369,261,108
19,"1450027AA",43,836,676,160
19,"1450030D",43,22,20,2
19,"1450030DA",43,78,66,12
19,"1450031A",43,82,62,20
19,"1450031AA",43,223,176,47
19,"1450031D",43,14,12,2
19,"1450031DA",43,40,25,15
19,"1450036B",43,213,138,75
19,"1450036BA",43,432,344,88
19,"1450037A",43,43,37,6
19,"1450037AA",43,108,100,8
19,"1450042A",43,284,194,90
19,"1450042AA",43,617,487,130
19,"1450044B",43,17,10,7
19,"1450044BA",43,39,32,7
19,"1450045A",43,237,184,53
19,"1450045AA",43,590,529,61
19,"1450046A",43,184,125,59
19,"1450046AA",43,324,264,60
19,"1450052A",43,162,116,46
19,"1450052AA",43,319,247,72
19,"1450055A",43,193,131,62
19,"1450055AA",43,308,241,67
19,"1450071A",43,224,139,85
19,"1450071AA",43,417,341,76
19,"1450092A",43,10,4,6
19,"1450092AA",43,11,10,1
19,"1450113A",43,426,348,78
19,"1450113AA",43,1021,850,171
19,"1450133A",43,422,312,110
19,"1450133AA",43,883,747,136
19,"1450136A",43,319,226,93
19,"1450136AA",43,655,543,112
19,"1450137C",43,154,104,50
19,"1450137CA",43,292,228,64
19,"1450137G",43,11,4,7
19,"1450137GA",43,23,15,8
19,"1450141B",43,59,38,21
19,"1450141BA",43,88,74,14
19,"1450142C",43,36,21,15
19,"1450142CA",43,50,39,11
19,"1450145A",43,235,172,63
19,"1450145AA",43,467,401,66
19,"1450149A",43,92,60,32
19,"1450149AA",43,155,115,40
19,"1450149E",43,24,17,7
19,"1450149EA",43,40,38,2
19,"1450150A",43,26,19,7
19,"1450150AA",43,57,50,7
19,"1450151CA",43,18,15,3
19,"1450152A",43,422,299,123
19,"1450152AA",43,995,849,146
19,"1450161A",43,75,59,16
19,"1450161AA",43,170,150,20
19,"1450163A",43,476,325,151
19,"1450163AA",43,870,712,158
19,"1450305B",43,72,41,31
19,"1450305BA",43,118,92,26
19,"1500001A",31,74,38,36
19,"1500001AA",31,166,128,38
19,"1500004A",31,422,197,225
19,"1500004AA",31,935,567,368
19,"1500005A",31,684,338,346
19,"1500005AA",31,1345,911,434
19,"1500009A",31,795,342,453
19,"1500009AA",31,1336,874,462
19,"1500025A",31,168,79,89
19,"1500025AA",31,274,172,102
19,"1500027A",31,697,285,412
19,"1500027AA",31,1473,914,559
19,"1500027E",31,33,17,16
19,"1500027EA",31,90,69,21
19,"1500036A",31,746,290,456
19,"1500036AA",31,1620,971,649
19,"1500057A",31,590,286,304
19,"1500057AA",31,969,670,299
19,"1500074A",31,538,200,338
19,"1500074AA",31,1110,579,531
19,"1500079A",31,407,219,188
19,"1500079AA",31,783,498,285
19,"1500082A",31,234,108,126
19,"1500082AA",31,524,318,206
19,"1500087D",31,626,290,336
19,"1500087DA",31,1304,863,441
19,"1500090C",31,67,22,45
19,"1500090CA",31,135,90,45
19,"1500092A",31,378,221,157
19,"1500092AA",31,750,521,229
19,"1500093B",31,145,89,56
19,"1500093BA",31,272,188,84
19,"1550001A",42,492,336,156
19,"1550001AA",42,951,749,202
19,"1550004A",42,561,395,166
19,"1550004AA",42,753,569,184
19,"1550009A",42,583,414,169
19,"1550009AA",42,766,633,133
19,"1600002A",36,450,297,153
19,"1600002AA",36,1824,1486,338
19,"1600035A",36,61,35,26
19,"1600035AA",36,259,193,66
19,"1680002A",43,687,367,320
19,"1680002AA",43,1385,893,492
19,"1680004A",43,837,444,393
19,"1680004AA",43,1977,1323,654
19,"1750001A",27,497,94,403
19,"1750001AA",27,734,296,438
19,"1750012AA",27,18,4,14
19,"1750052A",27,37,9,28
19,"1750052AA",27,169,59,110
19,"1750052GA",27,12,6,6
19,"1750056A",27,393,69,324
19,"1750056AA",27,772,256,516
19,"1750061D",27,10,2,8
19,"1750061DA",27,46,10,36
19,"1770001B",27,42,14,28
19,"1770001BA",27,82,53,29
19,"1770004A",27,229,58,171
19,"1770004AA",27,663,262,401
19,"1770007A",27,21,10,11
19,"1770007AA",27,53,40,13
19,"1770009A",27,13,1,12
19,"1770009AA",27,28,14,14
19,"1770009D",27,10,1,9
19,"1770009DA",27,15,7,8
19,"1770015A",27,94,28,66
19,"1770015AA",27,306,139,167
19,"1770016AA",27,20,4,16
19,"1770017B",27,72,26,46
19,"1770017BA",27,130,54,76
19,"1770019D",27,64,21,43
19,"1770019DA",27,177,91,86
19,"1770070AA",27,10,7,3
19,"1770072A",27,184,84,100
19,"1770072AA",27,470,266,204
19,"1780001A",38,632,214,418
19,"1780001AA",38,2035,991,1044
19,"1780003A",38,439,165,274
19,"1780003AA",38,1312,693,619
19,"1780008B",38,748,267,481
19,"1780008BA",38,2385,1274,1111
19,"1780021A",38,445,147,298
19,"1780021AA",38,1318,644,674
19,"1780063A",38,808,333,475
19,"1780063AA",38,2066,1199,867
19,"1780067B",38,760,273,487
19,"1780067BA",38,2034,1129,905
19,"1780072A",38,803,366,437
19,"1780072AA",38,1949,1219,730
19,"1780077A",38,450,136,314
19,"1780077AA",38,1461,645,816
19,"1780087A",38,484,195,289
19,"1780087AA",38,1360,720,640
19,"1800020B",44,148,107,41
19,"1800020BA",44,385,301,84
19,"1800021A",44,145,101,44
19,"1800021AA",44,397,318,79
19,"1850001A",42,306,146,160
19,"1850001AA",42,815,553,262
19,"1850008A",38,134,72,62
19,"1850008AA",38,313,225,88
19,"1850012B",42,579,333,246
19,"1850012BA",42,1123,792,331
19,"1850015C",42,579,280,299
19,"1850015CA",42,1175,829,346
19,"1850017A",42,541,246,295
19,"1850017AA",42,1230,821,409
19,"1850024A",42,557,266,291
19,"1850024AA",42,1463,1063,400
19,"1850027A",42,203,112,91
19,"1850027AA",42,442,324,118
19,"1850029A",42,431,213,218
19,"1850029AA",42,1027,645,382
19,"1850030A",42,358,158,200
19,"1850030AA",42,860,560,300
19,"1850033A",42,828,419,409
19,"1850033AA",42,1802,1189,613
19,"1850040A",42,640,334,306
19,"1850040AA",42,1460,966,494
19,"1850041A",42,234,91,143
19,"1850041AA",42,586,380,206
19,"1850045A",38,521,251,270
19,"1850045AA",38,1225,841,384
19,"1850048AA",42,30,24,6
19,"1850049A",38,10,6,4
19,"1850049AA",38,16,15,1
19,"1850050A",42,510,242,268
19,"1850050AA",42,1245,796,449
19,"1850051A",42,739,361,378
19,"1850051AA",42,1580,1067,513
19,"1850054A",42,41,11,30
19,"1850054AA",42,83,57,26
19,"1850057A",42,575,305,270
19,"1850057AA",42,1208,850,358
19,"1850062D",42,317,148,169
19,"1850062DA",42,674,429,245
19,"1850065A",38,702,345,357
19,"1850065AA",38,1621,1043,578
19,"1850073B",42,273,104,169
19,"1850073BA",42,727,456,271
19,"1850074A",38,126,65,61
19,"1850074AA",38,305,212,93
19,"1850076A",42,38,19,19
19,"1850076AA",42,99,69,30
19,"1850076B",42,348,141,207
19,"1850076BA",42,1077,668,409
19,"1850079A",42,255,92,163
19,"1850079AA",42,571,354,217
19,"1850081A",42,511,234,277
19,"1850081AA",42,1186,754,432
19,"1850083B",42,26,12,14
19,"1850083BA",42,61,35,26
19,"1850089A",42,344,170,174
19,"1850089AA",42,691,483,208
19,"1850100A",42,423,183,240
19,"1850100AA",42,1028,622,406
19,"1850106A",38,282,165,117
19,"1850106AA",38,588,417,171
19,"1850124B",38,34,18,16
19,"1850124BA",38,92,58,34
19,"1850138E",42,46,24,22
19,"1850138EA",42,83,66,17
19,"1850151A",42,349,129,220
19,"1850151AA",42,877,530,347
19,"1900001A",31,339,216,123
19,"1900001AA",31,672,491,181
19,"1900002A",31,43,19,24
19,"1900002AA",31,117,91,26
19,"1900004C",31,41,16,25
19,"1900004CA",31,97,57,40
19,"1900005A",31,158,84,74
19,"1900005AA",31,491,353,138
19,"1900012A",31,301,129,172
19,"1900012AA",31,805,507,298
19,"1900013B",31,405,169,236
19,"1900013BA",31,1212,760,452
19,"1900015A",31,84,45,39
19,"1900015AA",31,190,138,52
19,"1900015C",31,102,59,43
19,"1900015CA",31,302,219,83
19,"1900017A",31,135,71,64
19,"1900017AA",31,299,212,87
19,"1900018A",31,32,17,15
19,"1900018AA",31,120,86,34
19,"1900023A",31,440,216,224
19,"1900023AA",31,1086,768,318
19,"1900024A",31,97,53,44
19,"1900024AA",31,349,239,110
19,"1900025A",31,136,84,52
19,"1900025AA",31,386,288,98
19,"1900030B",31,51,28,23
19,"1900030BA",31,133,91,42
19,"1900039A",31,72,34,38
19,"1900039AA",31,223,152,71
19,"1940001A",31,269,171,98
19,"1940001AA",31,539,429,110
19,"1940007A",31,128,44,84
19,"1940007AA",31,267,147,120
19,"1940011A",31,467,194,273
19,"1940011AA",31,1463,926,537
19,"1940013A",31,419,185,234
19,"1940013AA",31,1010,604,406
19,"1940019A",31,392,215,177
19,"1940019AA",31,811,569,242
19,"1960001A",43,67,40,27
19,"1960001AA",43,94,66,28
19,"1960003A",43,329,225,104
19,"1960003AA",43,497,396,101
19,"1960008A",43,314,201,113
19,"1960008AA",43,556,413,143
19,"1960009A",43,11,5,6
19,"1960009AA",43,29,18,11
19,"1960010A",43,277,206,71
19,"1960010AA",43,508,409,99
19,"2020004A",28,54,32,22
19,"2020004AA",28,279,174,105
19,"2020006A",28,288,178,110
19,"2020006AA",28,819,603,216
19,"2020012A",28,559,296,263
19,"2020012AA",28,1663,1173,490
19,"2040004A",28,229,108,121
19,"2040004AA",28,735,488,247
19,"2040008A",28,485,260,225
19,"2040008AA",28,1081,754,327
19,"2040010A",28,166,76,90
19,"2040010AA",28,549,387,162
19,"2040012A",28,515,239,276
19,"2040012AA",28,1602,1053,549
19,"2040015A",28,86,37,49
19,"2040015AA",28,399,230,169
19,"2040021A",28,233,119,114
19,"2040021AA",28,862,596,266
19,"2040030A",28,207,95,112
19,"2040030AA",28,619,446,173
19,"2050001FA",38,22,5,17
19,"2050048A",38,111,26,85
19,"2050048AA",38,251,130,121
19,"2080005A",43,694,336,358
19,"2080005AA",43,2143,1422,721
19,"2100001A",31,602,285,317
19,"2100001AA",31,1266,843,423
19,"2100005B",31,95,52,43
19,"2100005BA",31,183,100,83
19,"2100007A",31,61,28,33
19,"2100007AA",31,110,73,37
19,"2100011A",31,572,377,195
19,"2100011AA",31,944,682,262
19,"2100013A",31,302,191,111
19,"2100013AA",31,567,399,168
19,"2100017A",31,94,55,39
19,"2100017AA",31,314,232,82
19,"2100021A",31,452,264,188
19,"2100021AA",31,861,630,231
19,"2100024B",31,84,44,40
19,"2100024BA",31,149,103,46
19,"2100029A",31,399,247,152
19,"2100029AA",31,669,490,179
19,"2100033B",31,332,197,135
19,"2100033BA",31,568,370,198
19,"2100034E",31,23,16,7
19,"2100034EA",31,64,46,18
19,"2100038A",31,33,17,16
19,"2100038AA",31,72,56,16
19,"2100039A",31,197,105,92
19,"2100039AA",31,401,256,145
19,"2100040A",31,378,210,168
19,"2100040AA",31,792,534,258
19,"2100042C",31,128,76,52
19,"2100042CA",31,281,196,85
19,"2100047A",31,635,308,327
19,"2100047AA",31,1514,1002,512
19,"2100052A",31,26,16,10
19,"2100052AA",31,98,59,39
19,"2100053B",31,211,126,85
19,"2100053BA",31,374,247,127
19,"2100054A",31,158,101,57
19,"2100054AA",31,286,213,73
19,"2100101A",31,395,215,180
19,"2100101AA",31,932,618,314
19,"2100103A",31,426,217,209
19,"2100103AA",31,931,585,346
19,"2100107D",31,24,17,7
19,"2100107DA",31,93,65,28
19,"2100112A",31,198,91,107
19,"2100112AA",31,578,364,214
19,"2100116A",31,170,108,62
19,"2100116AA",31,298,218,80
19,"2100118B",31,25,9,16
19,"2100118BA",31,79,47,32
19,"2100121A",31,662,397,265
19,"2100121AA",31,1156,853,303
19,"2100122A",31,585,374,211
19,"2100122AA",31,956,685,271
19,"2250005A",36,677,375,302
19,"2250005AA",36,1866,1331,535
19,"2250011A",36,940,434,506
19,"2250011AA",36,2761,1902,859
19,"2250020A",36,753,362,391
19,"2250020AA",36,2305,1611,694
19,"2300001A",42,37,29,8
19,"2300001AA",42,66,54,12
19,"2300005A",42,454,348,106
19,"2300005AA",42,672,559,113
19,"2300007A",42,102,67,35
19,"2300007AA",42,146,116,30
19,"2300008A",42,370,260,110
19,"2300008AA",42,605,503,102
19,"2300009A",42,308,225,83
19,"2300009AA",42,508,403,105
19,"2300013A",42,411,309,102
19,"2300013AA",42,703,604,99
19,"2300016A",42,316,240,76
19,"2300016AA",42,572,493,79
19,"2300019A",42,215,160,55
19,"2300019AA",42,463,394,69
19,"2300021A",42,161,107,54
19,"2300021AA",42,288,216,72
19,"2300040A",42,449,312,137
19,"2300040AA",42,787,643,144
19,"2300042A",42,310,216,94
19,"2300042AA",42,415,319,96
19,"2300046A",42,323,239,84
19,"2300046AA",42,620,502,118
19,"2300050A",42,320,233,87
19,"2300050AA",42,500,410,90
19,"2350021A",28,24,13,11
19,"2350021AA",28,78,54,24
19,"2350024A",31,200,55,145
19,"2350024AA",31,369,203,166
19,"2350024E",31,14,2,12
19,"2350024EA",31,29,11,18
19,"2350025A",31,20,6,14
19,"2350025AA",31,25,14,11
19,"2350026B",28,49,15,34
19,"2350026BA",28,216,116,100
19,"2350026C",28,26,5,21
19,"2350026CA",28,86,47,39
19,"2350028B",35,22,14,8
19,"2350028BA",35,115,81,34
19,"2350029A",35,24,9,15
19,"2350029AA",35,77,48,29
19,"2350030A",28,49,20,29
19,"2350030AA",28,194,125,69
19,"2350031BA",31,14,7,7
19,"2350032A",28,12,5,7
19,"2350032AA",28,37,25,12
19,"2500002A",43,302,259,43
19,"2500002AA",43,1033,926,107
19,"2500003A",43,471,218,253
19,"2500003AA",43,1483,1017,466
19,"2500005A",43,310,266,44
19,"2500005AA",43,863,766,97
19,"2500009A",43,457,351,106
19,"2500009AA",43,1212,1068,144
19,"2500010A",43,608,286,322
19,"2500010AA",43,1962,1301,661
19,"2500018A",43,675,416,259
19,"2500018AA",43,1691,1185,506
19,"2500020A",43,654,454,200
19,"2500020AA",43,1639,1267,372
19,"2500041A",43,574,367,207
19,"2500041AA",43,1428,1138,290
19,"2500043A",43,596,338,258
19,"2500043AA",43,2182,1477,705
19,"2500052A",43,628,378,250
19,"2500052AA",43,2022,1386,636
19,"2550002A",30,631,226,405
19,"2550002AA",30,2033,1232,801
19,"2550002CA",30,19,14,5
19,"2550004A",30,638,215,423
19,"2550004AA",30,1788,1035,753
19,"2550007A",30,722,260,462
19,"2550007AA",30,1842,1098,744
19,"2550021A",30,599,219,380
19,"2550021AA",30,1888,1247,641
19,"2550028A",30,626,202,424
19,"2550028AA",30,1605,853,752
19,"2550035A",30,641,196,445
19,"2550035AA",30,1785,1024,761
19,"2550038A",30,630,201,429
19,"2550038AA",30,1275,706,569
19,"2550039A",30,583,169,414
19,"2550039AA",30,2072,1104,968
19,"2550046A",30,690,212,478
19,"2550046AA",30,1576,733,843
19,"2550049A",30,802,292,510
19,"2550049AA",30,2228,1360,868
19,"2550052A",30,660,165,495
19,"2550052AA",30,1947,928,1019
19,"2550057A",30,63,27,36
19,"2550057AA",30,186,112,74
19,"2550057B",30,829,277,552
19,"2550057BA",30,2073,1291,782
19,"2550058A",30,606,132,474
19,"2550058AA",30,1588,733,855
19,"2550074A",30,700,221,479
19,"2550074AA",30,1717,944,773
19,"2550077A",30,776,353,423
19,"2550077AA",30,1709,1050,659
19,"2550078B",30,702,311,391
19,"2550078BA",30,1458,916,542
19,"2550080B",30,736,318,418
19,"2550080BA",30,2061,1305,756
19,"2550084A",30,540,173,367
19,"2550084AA",30,1376,763,613
19,"2550089A",30,490,162,328
19,"2550089AA",30,860,479,381
19,"2550097A",30,424,189,235
19,"2550097AA",30,1084,691,393
19,"2550100A",30,479,203,276
19,"2550100AA",30,1084,682,402
19,"2550115A",30,633,310,323
19,"2550115AA",30,1692,1170,522
19,"2550116A",30,628,281,347
19,"2550116AA",30,1636,1073,563
19,"2550118A",30,540,205,335
19,"2550118AA",30,1255,730,525
19,"2550123A",30,570,248,322
19,"2550123AA",30,1348,833,515
19,"2550127A",30,643,212,431
19,"2550127AA",30,1697,870,827
19,"2550130A",30,760,249,511
19,"2550130AA",30,1900,1183,717
19,"2550132A",30,411,140,271
19,"2550132AA",30,1196,678,518
19,"2550148A",30,76,25,51
19,"2550148AA",30,152,84,68
19,"2550150A",30,784,201,583
19,"2550150AA",30,1629,792,837
19,"2550155A",30,637,212,425
19,"2550155AA",30,1814,1088,726
19,"2550172A",30,603,170,433
19,"2550172AA",30,1631,844,787
19,"2600002A",31,586,156,430
19,"2600002AA",31,1332,714,618
19,"2600007A",31,200,55,145
19,"2600007AA",31,405,180,225
19,"2600009C",28,501,114,387
19,"2600009CA",28,1061,450,611
19,"2600010A",31,319,88,231
19,"2600010AA",31,680,335,345
19,"2600011B",31,52,17,35
19,"2600011BA",31,92,49,43
19,"2600012A",31,60,28,32
19,"2600012AA",31,146,95,51
19,"2600016B",31,65,21,44
19,"2600016BA",31,89,49,40
19,"2600019A",31,106,35,71
19,"2600019AA",31,240,139,101
19,"2600022B",31,603,195,408
19,"2600022BA",31,1124,640,484
19,"2600023B",31,131,31,100
19,"2600023BA",31,242,98,144
19,"2600026A",31,353,123,230
19,"2600026AA",31,805,482,323
19,"2600028A",31,447,166,281
19,"2600028AA",31,1031,552,479
19,"2600031B",31,15,6,9
19,"2600031BA",31,29,20,9
19,"2600040A",31,769,296,473
19,"2600040AA",31,1791,997,794
19,"2600044A",31,16,3,13
19,"2600044AA",31,32,15,17
19,"2600046A",31,65,14,51
19,"2600046AA",31,84,33,51
19,"2600050A",28,60,17,43
19,"2600050AA",28,109,37,72
19,"2600052A",28,253,78,175
19,"2600052AA",28,677,281,396
19,"2600058D",31,272,88,184
19,"2600058DA",31,505,266,239
19,"2600059A",31,339,105,234
19,"2600059AA",31,598,313,285
19,"2600062A",28,194,55,139
19,"2600062AA",28,399,168,231
19,"2600065B",31,159,42,117
19,"2600065BA",31,301,116,185
19,"2600068A",28,369,109,260
19,"2600068AA",28,828,463,365
19,"2600088A",28,283,68,215
19,"2600088AA",28,584,254,330
19,"2600097A",31,314,133,181
19,"2600097AA",31,673,423,250
19,"2600104A",28,209,51,158
19,"2600104AA",28,459,168,291
19,"2600106A",31,1022,386,636
19,"2600106AA",31,2055,1219,836
19,"2600106C",31,29,14,15
19,"2600106CA",31,51,38,13
19,"2600107AA",31,28,19,9
19,"2600108A",31,291,97,194
19,"2600108AA",31,590,350,240
19,"2610001AA",27,33,9,24
19,"2620001A",27,155,27,128
19,"2620001AA",27,353,168,185
19,"2630001AA",38,10,1,9
19,"2630001B",38,27,3,24
19,"2630001BA",38,150,63,87
19,"2630010A",38,24,10,14
19,"2630010AA",38,100,54,46
19,"2630036A",38,581,313,268
19,"2630036AA",38,1328,921,407
19,"2630049A",38,629,260,369
19,"2630049AA",38,2058,1172,886
19,"2630062A",38,369,191,178
19,"2630062AA",38,693,487,206
19,"2630063A",38,429,215,214
19,"2630063AA",38,1043,666,377
19,"2630084A",38,445,188,257
19,"2630084AA",38,1794,993,801
19,"2630097A",38,140,59,81
19,"2630097AA",38,360,224,136
19,"2630159A",38,694,286,408
19,"2630159AA",38,2425,1348,1077
19,"2630172A",38,202,77,125
19,"2630172AA",38,795,384,411
19,"2630192A",38,689,317,372
19,"2630192AA",38,1881,1156,725
19,"2630195A",38,387,180,207
19,"2630195AA",38,1088,681,407
19,"2630199A",38,312,107,205
19,"2630199AA",38,1218,620,598
19,"2650007A",45,575,299,276
19,"2650007AA",45,1332,869,463
19,"2650013A",45,470,257,213
19,"2650013AA",45,1030,632,398
19,"2700004A",43,641,413,228
19,"2700004AA",43,1573,1245,328
19,"2700013A",43,225,181,44
19,"2700013AA",43,602,503,99
19,"2700014A",43,639,406,233
19,"2700014AA",43,1461,1149,312
19,"2700019A",43,527,326,201
19,"2700019AA",43,1125,849,276
19,"2700023CA",43,12,10,2
19,"2700024A",43,87,59,28
19,"2700024AA",43,188,146,42
19,"2700025A",43,731,398,333
19,"2700025AA",43,1785,1243,542
19,"2700025BA",43,17,12,5
19,"2700027A",43,299,212,87
19,"2700027AA",43,455,382,73
19,"2700028A",43,56,43,13
19,"2700028AA",43,152,115,37
19,"2700030A",43,587,409,178
19,"2700030AA",43,1072,835,237
19,"2700033IA",43,18,13,5
19,"2700039A",43,533,234,299
19,"2700039AA",43,1892,1256,636
19,"2700047A",43,413,261,152
19,"2700047AA",43,994,750,244
19,"2700050A",43,68,36,32
19,"2700050AA",43,274,207,67
19,"2700051A",43,68,49,19
19,"2700051AA",43,132,104,28
19,"2700051B",43,9,7,2
19,"2700051BA",43,16,11,5
19,"2700051C",43,38,28,10
19,"2700051CA",43,59,43,16
19,"2700052A",43,682,419,263
19,"2700052AA",43,1498,1140,358
19,"2700058A",43,40,35,5
19,"2700058AA",43,166,154,12
19,"2700091A",43,32,18,14
19,"2700091AA",43,91,61,30
19,"2700092A",43,267,208,59
19,"2700092AA",43,1181,1060,121
19,"2700095A",43,473,272,201
19,"2700095AA",43,1538,1115,423
19,"2700101A",43,183,125,58
19,"2700101AA",43,414,297,117
19,"2700106A",43,722,550,172
19,"2700106AA",43,1188,956,232
19,"2750009A",36,946,494,452
19,"2750009AA",36,3202,2184,1018
19,"2750019A",36,684,354,330
19,"2750019AA",36,2475,1796,679
19,"2750028A",36,866,433,433
19,"2750028AA",36,2638,1838,800
19,"2780002A",32,262,111,151
19,"2780002AA",32,738,423,315
19,"2850006A",42,597,412,185
19,"2850006AA",42,1279,1008,271
19,"2850008A",42,509,350,159
19,"2850008AA",42,1043,860,183
19,"2850011A",42,507,357,150
19,"2850011AA",42,1120,891,229
19,"2850012A",42,344,231,113
19,"2850012AA",42,704,581,123
19,"2850017A",42,558,399,159
19,"2850017AA",42,1178,938,240
19,"2850025A",42,445,296,149
19,"2850025AA",42,1014,812,202
19,"2850029A",42,388,272,116
19,"2850029AA",42,935,743,192
19,"2930017AA",31,14,7,7
19,"2930017DA",31,16,9,7
19,"2930019BA",31,16,9,7
19,"2950001A",43,485,429,56
19,"2950001AA",43,1428,1341,87
19,"2950010A",43,486,428,58
19,"2950010AA",43,1516,1412,104
19,"2950016A",43,296,257,39
19,"2950016AA",43,861,798,63
19,"2950024A",43,271,228,43
19,"2950024AA",43,956,888,68
19,"2950025A",43,691,511,180
19,"2950025AA",43,1413,1186,227
19,"2950028B",43,39,34,5
19,"2950028BA",43,142,120,22
19,"2950030A",43,390,308,82
19,"2950030AA",43,1011,875,136
19,"2950032A",43,698,556,142
19,"2950032AA",43,1670,1430,240
19,"2950033A",43,208,129,79
19,"2950033AA",43,479,361,118
19,"2950038B",43,424,352,72
19,"2950038BA",43,796,705,91
19,"2950042A",43,721,597,124
19,"2950042AA",43,1555,1397,158
19,"2950045A",43,714,566,148
19,"2950045AA",43,1440,1280,160
19,"2950048A",43,406,255,151
19,"2950048AA",43,913,722,191
19,"2950061A",43,281,193,88
19,"2950061AA",43,673,509,164
19,"2950063A",43,213,181,32
19,"2950063AA",43,690,627,63
19,"2950065A",43,415,277,138
19,"2950065AA",43,990,810,180
19,"2950073A",43,187,166,21
19,"2950073AA",43,593,545,48
19,"2950074A",43,258,178,80
19,"2950074AA",43,670,509,161
19,"2950078A",43,432,308,124
19,"2950078AA",43,892,771,121
19,"2950084A",43,531,425,106
19,"2950084AA",43,1825,1563,262
19,"2950086A",43,309,228,81
19,"2950086AA",43,908,762,146
19,"2950090A",43,38,31,7
19,"2950090AA",43,134,122,12
19,"2950095A",43,320,271,49
19,"2950095AA",43,1055,961,94
19,"2950098A",43,30,23,7
19,"2950098AA",43,141,125,16
19,"2950099A",43,105,95,10
19,"2950099AA",43,253,230,23
19,"2950100A",43,60,39,21
19,"2950100AA",43,119,73,46
19,"2950141A",43,326,251,75
19,"2950141AA",43,743,657,86
19,"2950142AA",43,15,12,3
19,"2950146B",43,19,13,6
19,"2950146BA",43,42,32,10
19,"2950149B",43,345,261,84
19,"2950149BA",43,873,723,150
19,"2950152A",43,645,572,73
19,"2950152AA",43,2005,1881,124
19,"3000003A",31,229,130,99
19,"3000003AA",31,291,211,80
19,"3000004C",31,29,22,7
19,"3000004CA",31,87,60,27
19,"3000008A",31,8,1,7
19,"3000008AA",31,18,15,3
19,"3080001A",28,143,47,96
19,"3080001AA",28,603,388,215
19,"3150021A",28,422,148,274
19,"3150021AA",28,1529,791,738
19,"3150023A",28,793,376,417
19,"3150023AA",28,3387,2145,1242
19,"3150040A",28,193,72,121
19,"3150040AA",28,752,447,305
19,"3150041A",28,48,14,34
19,"3150041AA",28,204,127,77
19,"3150060D",28,52,20,32
19,"3150060DA",28,114,78,36
19,"3150064A",28,838,329,509
19,"3150064AA",28,3184,2094,1090
19,"3150064D",28,9,5,4
19,"3150064DA",28,45,18,27
19,"3200001A",28,641,252,389
19,"3200001AA",28,2193,1489,704
19,"3200008A",28,275,120,155
19,"3200008AA",28,949,625,324
19,"3200018A",28,741,288,453
19,"3200018AA",28,2058,1413,645
19,"3230003A",38,781,238,543
19,"3230003AA",38,1826,783,1043
19,"3230009A",38,76,13,63
19,"3230009AA",38,213,90,123
19,"3300002A",38,683,254,429
19,"3300002AA",38,1320,761,559
19,"3300007A",38,641,219,422
19,"3300007AA",38,1606,870,736
19,"3300010A",38,303,106,197
19,"3300010AA",38,808,479,329
19,"3300016A",38,478,182,296
19,"3300016AA",38,1325,726,599
19,"3300016B",38,10,1,9
19,"3300016BA",38,37,15,22
19,"3300022A",38,775,332,443
19,"3300022AA",38,1396,773,623
19,"3300026A",38,547,189,358
19,"3300026AA",38,2048,1053,995
19,"3300029A",38,490,198,292
19,"3300029AA",38,1351,806,545
19,"3300042A",38,598,248,350
19,"3300042AA",38,2245,1232,1013
19,"3300043A",38,65,26,39
19,"3300043AA",38,162,118,44
19,"3300044A",38,396,148,248
19,"3300044AA",38,995,548,447
19,"3300070A",38,290,122,168
19,"3300070AA",38,538,349,189
19,"3300072A",38,568,277,291
19,"3300072AA",38,1291,862,429
19,"3330001A",31,73,48,25
19,"3330001AA",31,175,102,73
19,"3330003A",31,451,240,211
19,"3330003AA",31,1028,753,275
19,"3330004A",31,425,240,185
19,"3330004AA",31,758,533,225
19,"3330005B",31,32,19,13
19,"3330005BA",31,61,42,19
19,"3330008A",31,182,99,83
19,"3330008AA",31,390,291,99
19,"3330011A",31,216,132,84
19,"3330011AA",31,528,403,125
19,"3330015A",31,187,91,96
19,"3330015AA",31,415,313,102
19,"3330018A",31,599,359,240
19,"3330018AA",31,1256,941,315
19,"3330022C",31,57,27,30
19,"3330022CA",31,108,81,27
19,"3330025A",31,228,138,90
19,"3330025AA",31,541,389,152
19,"3330030A",31,97,41,56
19,"3330030AA",31,206,148,58
19,"3330031A",31,57,35,22
19,"3330031AA",31,80,61,19
19,"3330032A",31,46,28,18
19,"3330032AA",31,87,57,30
19,"3330033A",31,716,409,307
19,"3330033AA",31,1191,859,332
19,"3350001A",44,232,115,117
19,"3350001AA",44,443,292,151
19,"3400003B",31,497,229,268
19,"3400003BA",31,1022,633,389
19,"3400004A",31,971,346,625
19,"3400004AA",31,2314,1329,985
19,"3400010A",31,1018,259,759
19,"3400010AA",31,2010,953,1057
19,"3400011B",31,864,291,573
19,"3400011BA",31,2479,1455,1024
19,"3400014A",31,158,50,108
19,"3400014AA",31,348,189,159
19,"3400016A",31,84,25,59
19,"3400016AA",31,239,141,98
19,"3400018B",31,39,9,30
19,"3400018BA",31,135,67,68
19,"3400021A",31,75,16,59
19,"3400021AA",31,178,102,76
19,"3400037A",31,63,24,39
19,"3400037AA",31,235,153,82
19,"3400050A",31,906,217,689
19,"3400050AA",31,2364,1064,1300
19,"3400053B",31,136,49,87
19,"3400053BA",31,267,140,127
19,"3450003A",44,663,279,384
19,"3450003AA",44,1557,984,573
19,"3450010A",42,631,241,390
19,"3450010AA",42,1493,908,585
19,"3450012A",44,697,302,395
19,"3450012AA",44,1574,1032,542
19,"3450019A",42,312,128,184
19,"3450019AA",42,920,550,370
19,"3450020A",44,241,78,163
19,"3450020AA",44,612,419,193
19,"3450021A",42,489,195,294
19,"3450021AA",42,1325,755,570
19,"3450023A",42,533,192,341
19,"3450023AA",42,1331,724,607
19,"3450025D",44,19,11,8
19,"3450025DA",44,48,32,16
19,"3450031A",44,310,144,166
19,"3450031AA",44,986,692,294
19,"3450042A",44,765,417,348
19,"3450042AA",44,2147,1503,644
19,"3450045A",44,672,349,323
19,"3450045AA",44,1595,1059,536
19,"3450046A",44,822,396,426
19,"3450046AA",44,2165,1522,643
19,"3450049A",44,188,87,101
19,"3450049AA",44,429,308,121
19,"3450054A",42,687,267,420
19,"3450054AA",42,1493,931,562
19,"3450059A",42,767,266,501
19,"3450059AA",42,2366,1319,1047
19,"3450064A",42,686,239,447
19,"3450064AA",42,1759,1032,727
19,"3450070A",42,435,213,222
19,"3450070AA",42,936,608,328
19,"3450071AA",44,14,6,8
19,"3450072A",42,586,329,257
19,"3450072AA",42,1351,915,436
19,"3450073A",42,668,373,295
19,"3450073AA",42,1677,1127,550
19,"3450078A",42,107,43,64
19,"3450078AA",42,313,195,118
19,"3450081A",45,234,113,121
19,"3450081AA",45,689,425,264
19,"3450084A",45,31,8,23
19,"3450084AA",45,45,19,26
19,"3550001A",27,57,26,31
19,"3550001AA",27,104,65,39
19,"3550005A",27,684,399,285
19,"3550005AA",27,1288,862,426
19,"3550011B",27,286,150,136
19,"3550011BA",27,681,456,225
19,"3550014A",27,480,214,266
19,"3550014AA",27,948,553,395
19,"3550019A",27,694,367,327
19,"3550019AA",27,1456,961,495
19,"3550022A",27,271,145,126
19,"3550022AA",27,455,281,174
19,"3550025A",27,654,326,328
19,"3550025AA",27,1358,928,430
19,"3550026A",27,723,338,385
19,"3550026AA",27,1256,724,532
19,"3550027A",27,187,107,80
19,"3550027AA",27,412,318,94
19,"3550028A",27,536,295,241
19,"3550028AA",27,972,670,302
19,"3550036A",27,298,140,158
19,"3550036AA",27,487,325,162
19,"3550038A",27,323,117,206
19,"3550038AA",27,628,364,264
19,"3550042A",27,663,363,300
19,"3550042AA",27,1505,1081,424
19,"3550054A",27,787,415,372
19,"3550054AA",27,1590,1075,515
19,"3550058A",27,588,153,435
19,"3550058AA",27,1475,638,837
19,"3550061A",27,904,315,589
19,"3550061AA",27,2137,1156,981
19,"3550065B",27,72,15,57
19,"3550065BA",27,167,63,104
19,"3550065HA",27,17,3,14
19,"3550068A",27,566,224,342
19,"3550068AA",27,1241,729,512
19,"3550069A",27,331,117,214
19,"3550069AA",27,793,456,337
19,"3550076A",27,515,264,251
19,"3550076AA",27,1238,805,433
19,"3550080A",27,766,268,498
19,"3550080AA",27,1842,977,865
19,"3550084A",27,535,177,358
19,"3550084AA",27,992,523,469
19,"3550090A",27,969,374,595
19,"3550090AA",27,2117,1278,839
19,"3550094A",27,797,274,523
19,"3550094AA",27,1928,1071,857
19,"3550098A",27,611,348,263
19,"3550098AA",27,1555,1025,530
19,"3550099A",27,706,388,318
19,"3550099AA",27,1398,958,440
19,"3550119A",27,936,259,677
19,"3550119AA",27,1969,958,1011
19,"3550133A",27,691,281,410
19,"3550133AA",27,1378,748,630
19,"3550138A",27,233,91,142
19,"3550138AA",27,540,339,201
19,"3550140A",27,577,283,294
19,"3550140AA",27,1351,862,489
19,"3550145A",27,147,67,80
19,"3550145AA",27,292,188,104
19,"3550151A",27,437,184,253
19,"3550151AA",27,1047,625,422
19,"3650001A",43,641,365,276
19,"3650001AA",43,1590,1121,469
19,"3650004A",43,512,313,199
19,"3650004AA",43,1109,770,339
19,"3650005B",43,55,40,15
19,"3650005BA",43,108,81,27
19,"3650015A",43,504,271,233
19,"3650015AA",43,1224,830,394
19,"3650018B",43,493,233,260
19,"3650018BA",43,1250,860,390
19,"3650022A",43,453,225,228
19,"3650022AA",43,1072,697,375
19,"3670001A",43,486,305,181
19,"3670001AA",43,886,696,190
19,"3670002A",43,499,325,174
19,"3670002AA",43,903,720,183
19,"3670013A",43,501,351,150
19,"3670013AA",43,914,683,231
19,"3680001A",27,262,31,231
19,"3680001AA",27,552,170,382
19,"3700001A",27,464,179,285
19,"3700001AA",27,674,404,270
19,"3700004AA",27,13,7,6
19,"3700041A",27,247,99,148
19,"3700041AA",27,365,204,161
19,"3700042A",27,38,14,24
19,"3700042AA",27,44,29,15
19,"3700042D",27,31,6,25
19,"3700042DA",27,73,21,52
19,"3700044C",27,99,47,52
19,"3700044CA",27,181,122,59
19,"3700049A",27,130,62,68
19,"3700049AA",27,239,131,108
19,"3700050A",27,461,222,239
19,"3700050AA",27,654,440,214
19,"3750003A",23,10,3,7
19,"3750003AA",23,28,20,8
19,"3750005A",23,110,16,94
19,"3750005AA",23,347,124,223
19,"3750014AA",28,80,30,50
19,"3800001A",36,367,156,211
19,"3800001AA",36,1066,676,390
19,"3800007A",36,409,190,219
19,"3800007AA",36,1223,770,453
19,"3800012A",36,454,161,293
19,"3800012AA",36,1012,612,400
19,"3800020B",36,402,162,240
19,"3800020BA",36,1035,672,363
19,"3800022A",36,528,187,341
19,"3800022AA",36,1419,899,520
19,"3850001A",44,352,256,96
19,"3850001AA",44,562,470,92
19,"3850007A",42,1023,771,252
19,"3850007AA",42,2560,2175,385
19,"3850008A",44,386,284,102
19,"3850008AA",44,910,761,149
19,"3850011A",44,489,312,177
19,"3850011AA",44,1234,995,239
19,"3850015A",44,72,50,22
19,"3850015AA",44,152,120,32
19,"3850016A",44,298,200,98
19,"3850016AA",44,690,534,156
19,"3850017B",44,301,210,91
19,"3850017BA",44,602,485,117
19,"3850020A",44,494,337,157
19,"3850020AA",44,1162,914,248
19,"3850026A",44,531,342,189
19,"3850026AA",44,1241,997,244
19,"3850035A",44,168,102,66
19,"3850035AA",44,408,307,101
19,"3850035FA",44,35,26,9
19,"3850037A",44,582,400,182
19,"3850037AA",44,1139,911,228
19,"3850040A",42,530,373,157
19,"3850040AA",42,1152,952,200
19,"3850045CA",42,22,17,5
19,"3850046A",42,420,325,95
19,"3850046AA",42,840,685,155
19,"3850051A",42,619,275,344
19,"3850051AA",42,2141,1433,708
19,"3850058A",44,335,237,98
19,"3850058AA",44,650,508,142
19,"3850059A",44,331,230,101
19,"3850059AA",44,746,555,191
19,"3850068B",44,303,239,64
19,"3850068BA",44,580,485,95
19,"3850072A",42,1133,824,309
19,"3850072AA",42,3184,2592,592
19,"3850075A",44,590,337,253
19,"3850075AA",44,2202,1641,561
19,"3850092A",44,497,320,177
19,"3850092AA",44,1242,996,246
19,"3850097B",44,484,341,143
19,"3850097BA",44,1117,881,236
19,"3850101A",44,386,231,155
19,"3850101AA",44,952,751,201
19,"3850103A",44,435,268,167
19,"3850103AA",44,1277,982,295
19,"3850108A",44,525,330,195
19,"3850108AA",44,1752,1296,456
19,"3850110C",44,529,346,183
19,"3850110CA",44,1453,1098,355
19,"3850119A",44,467,299,168
19,"3850119AA",44,1291,1016,275
19,"3850120A",44,520,364,156
19,"3850120AA",44,1335,1126,209
19,"3850134A",44,455,324,131
19,"3850134AA",44,921,776,145
19,"3850150A",42,500,368,132
19,"3850150AA",42,1283,1119,164
19,"3850151A",42,510,363,147
19,"3850151AA",42,977,726,251
19,"3850158A",42,822,620,202
19,"3850158AA",42,2195,1841,354
19,"3850159A",42,538,383,155
19,"3850159AA",42,1087,911,176
19,"3850161A",44,610,393,217
19,"3850161AA",44,2330,1821,509
19,"3850163A",42,177,107,70
19,"3850163AA",42,586,473,113
19,"3850164A",42,50,33,17
19,"3850164AA",42,100,79,21
19,"3850166A",42,651,487,164
19,"3850166AA",42,1026,836,190
19,"3850170A",42,374,245,129
19,"3850170AA",42,874,696,178
19,"3850180A",44,434,318,116
19,"3850180AA",44,755,624,131
19,"3850181A",42,334,238,96
19,"3850181AA",42,803,632,171
19,"3850185A",42,552,402,150
19,"3850185AA",42,1038,843,195
19,"3850210A",42,909,645,264
19,"3850210AA",42,3422,2848,574
19,"3850217A",42,683,469,214
19,"3850217AA",42,2382,1969,413
19,"3850223A",42,677,380,297
19,"3850223AA",42,2566,1917,649
19,"3850229A",42,553,377,176
19,"3850229AA",42,1710,1456,254
19,"3850247A",42,441,303,138
19,"3850247AA",42,1272,1074,198
19,"3850248A",42,678,453,225
19,"3850248AA",42,1863,1458,405
19,"3850255A",42,837,367,470
19,"3850255AA",42,3859,2493,1366
19,"3850270A",42,934,540,394
19,"3850270AA",42,2859,2102,757
19,"3850275A",42,770,393,377
19,"3850275AA",42,2750,1906,844
19,"3850280A",42,586,240,346
19,"3850280AA",42,2914,1584,1330
19,"3850286A",42,397,276,121
19,"3850286AA",42,989,826,163
19,"3850287A",42,773,499,274
19,"3850287AA",42,1855,1293,562
19,"3850294A",42,959,458,501
19,"3850294AA",42,3132,1938,1194
19,"3850305A",42,660,357,303
19,"3850305AA",42,2108,1423,685
19,"3850316A",42,385,170,215
19,"3850316AA",42,1190,710,480
19,"3850334B",42,328,220,108
19,"3850334BA",42,367,254,113
19,"3850352A",42,530,230,300
19,"3850352AA",42,2068,1273,795
19,"3850372A",44,607,274,333
19,"3850372AA",44,1376,873,503
19,"3850374B",44,581,266,315
19,"3850374BA",44,1435,981,454
19,"3850400A",44,313,227,86
19,"3850400AA",44,777,606,171
19,"3850415A",44,421,309,112
19,"3850415AA",44,820,633,187
19,"3850416A",42,612,415,197
19,"3850416AA",42,2016,1626,390
19,"3850419A",42,629,339,290
19,"3850419AA",42,1860,1357,503
19,"3850420A",42,362,247,115
19,"3850420AA",42,756,603,153
19,"3850422A",44,20,11,9
19,"3850422AA",44,94,66,28
19,"3850539A",42,447,200,247
19,"3850539AA",42,1860,1294,566
19,"3850541A",42,674,257,417
19,"3850541AA",42,2348,1478,870
19,"3850547A",44,494,301,193
19,"3850547AA",44,1181,896,285
19,"3850549A",44,476,269,207
19,"3850549AA",44,1760,1304,456
19,"3850555A",44,537,338,199
19,"3850555AA",44,1260,943,317
19,"3850558A",44,489,307,182
19,"3850558AA",44,1500,1143,357
19,"3850564B",44,659,386,273
19,"3850564BA",44,2320,1759,561
19,"3850568A",44,536,326,210
19,"3850568AA",44,1635,1217,418
19,"3850572A",44,56,34,22
19,"3850572AA",44,169,129,40
19,"3850593A",42,589,436,153
19,"3850593AA",42,1319,1120,199
19,"3850603A",44,63,40,23
19,"3850603AA",44,197,144,53
19,"3850611D",42,568,384,184
19,"3850611DA",42,998,808,190
19,"3850631A",44,865,348,517
19,"3850631AA",44,2769,1760,1009
19,"3850634A",42,88,55,33
19,"3850634AA",42,310,237,73
19,"3850636A",44,835,365,470
19,"3850636AA",44,2621,1679,942
19,"3850639B",42,662,258,404
19,"3850639BA",42,2162,1430,732
19,"3850649A",42,536,213,323
19,"3850649AA",42,2037,1283,754
19,"3850650A",42,198,75,123
19,"3850650AA",42,569,342,227
19,"3850660A",44,457,310,147
19,"3850660AA",44,1086,825,261
19,"3850680A",42,255,113,142
19,"3850680AA",42,985,619,366
19,"3850687A",44,317,258,59
19,"3850687AA",44,496,439,57
19,"3850702A",42,496,324,172
19,"3850702AA",42,899,725,174
19,"3900005C",38,47,24,23
19,"3900005CA",38,98,74,24
19,"3900006A",38,387,192,195
19,"3900006AA",38,802,605,197
19,"3900007B",38,56,28,28
19,"3900007BA",38,87,73,14
19,"3900008A",38,452,254,198
19,"3900008AA",38,838,644,194
19,"3900060B",38,23,13,10
19,"3900060BA",38,32,27,5
19,"3900061A",38,63,37,26
19,"3900061AA",38,112,81,31
19,"3900061C",38,25,17,8
19,"3900061CA",38,77,51,26
19,"3900062A",38,101,75,26
19,"3900062AA",38,223,184,39
19,"3900064A",38,373,188,185
19,"3900064AA",38,862,647,215
19,"3900066A",38,426,235,191
19,"3900066AA",38,934,705,229
19,"3900068A",38,25,16,9
19,"3900068AA",38,48,40,8
19,"3900070A",38,349,174,175
19,"3900070AA",38,988,721,267
19,"3900071A",38,82,48,34
19,"3900071AA",38,192,161,31
19,"3900076A",38,173,114,59
19,"3900076AA",38,484,333,151
19,"3900083A",38,372,250,122
19,"3900083AA",38,692,547,145
19,"3990001A",44,376,229,147
19,"3990001AA",44,729,586,143
19,"3990003A",44,436,308,128
19,"3990003AA",44,907,751,156
19,"3990009A",44,271,178,93
19,"3990009AA",44,686,543,143
19,"3990015A",44,615,439,176
19,"3990015AA",44,1213,1030,183
19,"3990017A",44,570,397,173
19,"3990017AA",44,1251,1009,242
19,"3990022A",44,26,19,7
19,"3990022AA",44,67,61,6
19,"3990028A",44,374,248,126
19,"3990028AA",44,849,686,163
19,"3990030A",44,327,219,108
19,"3990030AA",44,518,432,86
19,"3990061A",44,595,415,180
19,"3990061AA",44,1183,980,203
19,"3990063A",44,591,429,162
19,"3990063AA",44,1170,968,202
19,"3990065A",44,559,414,145
19,"3990065AA",44,1175,1021,154
19,"4050002A",32,478,216,262
19,"4050002AA",32,1212,783,429
19,"4050051A",32,531,288,243
19,"4050051AA",32,1342,887,455
19,"4050059B",32,546,278,268
19,"4050059BA",32,1421,931,490
19,"4060001A",32,231,101,130
19,"4060001AA",32,562,370,192
19,"4060001C",32,11,6,5
19,"4060001CA",32,64,44,20
19,"4060002AA",32,9,5,4
19,"4060005A",32,34,23,11
19,"4060005AA",32,113,84,29
19,"4060012A",32,46,20,26
19,"4060012AA",32,109,62,47
19,"4100017A",36,984,423,561
19,"4100017AA",36,3645,2325,1320
19,"4100019A",36,722,353,369
19,"4100019AA",36,2913,1912,1001
19,"4100026A",36,712,345,367
19,"4100026AA",36,3128,2070,1058
19,"4100040A",36,814,402,412
19,"4100040AA",36,3157,2248,909
19,"4100061A",36,946,464,482
19,"4100061AA",36,3441,2264,1177
19,"4150050A",36,1246,726,520
19,"4150050AA",36,3724,2849,875
19,"4200005A",42,339,242,97
19,"4200005AA",42,659,515,144
19,"4200008A",42,442,284,158
19,"4200008AA",42,1018,792,226
19,"4200011A",42,352,252,100
19,"4200011AA",42,811,656,155
19,"4200015A",42,528,356,172
19,"4200015AA",42,946,758,188
19,"4400001A",31,681,299,382
19,"4400001AA",31,1827,1288,539
19,"4400004A",28,251,102,149
19,"4400004AA",28,726,440,286
19,"4400008A",28,276,107,169
19,"4400008AA",28,982,584,398
19,"4400019A",31,23,13,10
19,"4400019AA",31,88,61,27
19,"4400028AA",28,12,6,6
19,"4400033A",31,597,284,313
19,"4400033AA",31,1561,1038,523
19,"4400037A",31,964,503,461
19,"4400037AA",31,2252,1615,637
19,"4400061A",31,724,383,341
19,"4400061AA",31,1848,1378,470
19,"4400063A",31,474,298,176
19,"4400063AA",31,1048,768,280
19,"4400069A",31,539,228,311
19,"4400069AA",31,1564,1015,549
19,"4400070AA",31,14,8,6
19,"4450003A",38,335,227,108
19,"4450003AA",38,805,649,156
19,"4450004A",38,592,369,223
19,"4450004AA",38,1718,1338,380
19,"4450005A",38,477,299,178
19,"4450005AA",38,1140,877,263
19,"4450010A",38,189,100,89
19,"4450010AA",38,831,535,296
19,"4450014C",38,70,43,27
19,"4450014CA",38,244,170,74
19,"4450015D",38,27,18,9
19,"4450015DA",38,47,36,11
19,"4450017A",38,532,308,224
19,"4450017AA",38,1302,1004,298
19,"4450025A",38,461,244,217
19,"4450025AA",38,1513,1050,463
19,"4450031A",38,282,187,95
19,"4450031AA",38,509,404,105
19,"4450032A",38,570,364,206
19,"4450032AA",38,1216,965,251
19,"4450036A",38,480,293,187
19,"4450036AA",38,1109,870,239
19,"4450042A",38,560,387,173
19,"4450042AA",38,889,721,168
19,"4450074A",38,389,212,177
19,"4450074AA",38,1225,822,403
19,"4450093A",38,244,151,93
19,"4450093AA",38,795,608,187
19,"4500001A",28,209,101,108
19,"4500001AA",28,520,387,133
19,"4500004A",28,160,99,61
19,"4500004AA",28,361,275,86
19,"4500006A",28,208,97,111
19,"4500006AA",28,469,318,151
19,"4500007A",28,378,212,166
19,"4500007AA",28,821,577,244
19,"4500008A",28,77,33,44
19,"4500008AA",28,226,169,57
19,"4500009A",28,351,192,159
19,"4500009AA",28,1784,1270,514
19,"4500014A",28,166,86,80
19,"4500014AA",28,410,284,126
19,"4500015A",28,346,200,146
19,"4500015AA",28,1490,1120,370
19,"4500016A",28,220,119,101
19,"4500016AA",28,790,578,212
19,"4500021A",28,216,115,101
19,"4500021AA",28,615,462,153
19,"4500022A",28,127,69,58
19,"4500022AA",28,494,324,170
19,"4500023A",28,37,17,20
19,"4500023AA",28,144,106,38
19,"4500023B",28,49,36,13
19,"4500023BA",28,216,152,64
19,"4500024A",28,32,16,16
19,"4500024AA",28,137,95,42
19,"4500026A",28,308,179,129
19,"4500026AA",28,1039,786,253
19,"4500032A",28,73,34,39
19,"4500032AA",28,214,172,42
19,"4500034A",28,468,260,208
19,"4500034AA",28,1291,981,310
19,"4500035A",28,125,81,44
19,"4500035AA",28,474,360,114
19,"4500039A",28,46,21,25
19,"4500039AA",28,101,74,27
19,"4500040A",28,225,150,75
19,"4500040AA",28,305,217,88
19,"4500042A",28,372,217,155
19,"4500042AA",28,1145,833,312
19,"4500052A",28,135,56,79
19,"4500052AA",28,435,321,114
19,"4500090A",28,194,129,65
19,"4500090AA",28,441,357,84
19,"4610017B",28,75,29,46
19,"4610017BA",28,177,118,59
19,"4610025A",28,618,236,382
19,"4610025AA",28,1579,1036,543
19,"4650001A",27,117,18,99
19,"4650001AA",27,254,105,149
19,"4700001B",27,25,15,10
19,"4700001BA",27,44,25,19
19,"4700005AA",27,44,19,25
19,"4780001A",38,165,86,79
19,"4780001AA",38,335,251,84
19,"4780001BA",38,26,24,2
19,"4780003A",38,47,17,30
19,"4780003AA",38,148,93,55
19,"4780011A",38,420,192,228
19,"4780011AA",38,1012,654,358
19,"4800001A",38,228,141,87
19,"4800001AA",38,612,460,152
19,"4800003A",38,535,305,230
19,"4800003AA",38,1143,838,305
19,"4800004F",38,49,32,17
19,"4800004FA",38,83,65,18
19,"4800008A",38,575,287,288
19,"4800008AA",38,1483,1031,452
19,"4800009B",38,322,173,149
19,"4800009BA",38,786,578,208
19,"4800010A",38,345,182,163
19,"4800010AA",38,875,622,253
19,"4800011A",38,480,266,214
19,"4800011AA",38,1296,976,320
19,"4800019A",38,1485,979,506
19,"4800019AA",38,1427,1029,398
19,"4800021A",38,16,10,6
19,"4800021AA",38,51,39,12
19,"4800021B",38,400,235,165
19,"4800021BA",38,912,689,223
19,"4800026A",38,87,60,27
19,"4800026AA",38,193,135,58
19,"4800028A",38,675,326,349
19,"4800028AA",38,1726,1193,533
19,"4800029B",38,628,355,273
19,"4800029BA",38,1519,1123,396
19,"4800035A",38,543,285,258
19,"4800035AA",38,1346,975,371
19,"4800037A",38,494,283,211
19,"4800037AA",38,1155,804,351
19,"4800040A",38,555,318,237
19,"4800040AA",38,1395,1033,362
19,"4800047A",38,478,267,211
19,"4800047AA",38,1310,948,362
19,"4800048A",38,562,298,264
19,"4800048AA",38,1240,838,402
19,"4800053A",38,596,334,262
19,"4800053AA",38,1186,899,287
19,"4800056D",38,20,15,5
19,"4800056DA",38,85,53,32
19,"4800059A",38,357,183,174
19,"4800059AA",38,850,552,298
19,"4800060A",38,146,73,73
19,"4800060AA",38,515,358,157
19,"4800067A",38,494,317,177
19,"4800067AA",38,1059,853,206
19,"4800076A",38,149,82,67
19,"4800076AA",38,456,308,148
19,"4850002A",36,93,39,54
19,"4850002AA",36,190,136,54
19,"4850005A",36,193,62,131
19,"4850005AA",36,650,397,253
19,"5000001A",27,346,168,178
19,"5000001AA",27,783,546,237
19,"5000006A",27,497,269,228
19,"5000006AA",27,1048,708,340
19,"5000007A",27,523,304,219
19,"5000007AA",27,1024,757,267
19,"5000009A",27,711,387,324
19,"5000009AA",27,1569,1080,489
19,"5000019A",27,880,378,502
19,"5000019AA",27,2176,1352,824
19,"5000029A",27,777,254,523
19,"5000029AA",27,1926,1019,907
19,"5000030A",27,121,35,86
19,"5000030AA",27,292,130,162
19,"5000032A",27,338,138,200
19,"5000032AA",27,985,599,386
19,"5000035C",27,78,42,36
19,"5000035CA",27,205,127,78
19,"5000053A",27,717,338,379
19,"5000053AA",27,1971,1353,618
19,"5000058A",27,648,358,290
19,"5000058AA",27,1625,1164,461
19,"5000063A",27,29,11,18
19,"5000063AA",27,45,27,18
19,"5000070A",27,546,162,384
19,"5000070AA",27,1259,728,531
19,"5000075A",27,594,294,300
19,"5000075AA",27,1596,1068,528
19,"5000078A",27,686,334,352
19,"5000078AA",27,1869,1293,576
19,"5000079A",27,376,172,204
19,"5000079AA",27,1079,735,344
19,"5000080C",27,417,153,264
19,"5000080CA",27,1191,712,479
19,"5000086A",27,122,57,65
19,"5000086AA",27,412,284,128
19,"5000089A",27,555,283,272
19,"5000089AA",27,1389,966,423
19,"5000097A",27,281,171,110
19,"5000097AA",27,443,318,125
19,"5000104A",27,864,352,512
19,"5000104AA",27,2224,1387,837
19,"5000106A",27,293,103,190
19,"5000106AA",27,840,433,407
19,"5000114A",27,660,353,307
19,"5000114AA",27,1717,1269,448
19,"5000119A",27,112,48,64
19,"5000119AA",27,297,200,97
19,"5000121A",27,507,277,230
19,"5000121AA",27,1242,854,388
19,"5000122A",27,518,281,237
19,"5000122AA",27,1373,995,378
19,"5000127A",27,818,195,623
19,"5000127AA",27,2062,949,1113
19,"5000134A",27,845,244,601
19,"5000134AA",27,1719,883,836
19,"5000150A",27,361,194,167
19,"5000150AA",27,822,602,220
19,"5000155A",27,643,359,284
19,"5000155AA",27,1667,1212,455
19,"5050003A",36,798,327,471
19,"5050003AA",36,2692,1463,1229
19,"5050007A",36,480,181,299
19,"5050007AA",36,1863,999,864
19,"5050010B",36,216,85,131
19,"5050010BA",36,826,491,335
19,"5050012A",36,262,99,163
19,"5050012AA",36,973,566,407
19,"5100001A",44,386,218,168
19,"5100001AA",44,735,552,183
19,"5100004AA",44,13,9,4
19,"5100006A",44,195,125,70
19,"5100006AA",44,500,405,95
19,"5100007A",44,386,253,133
19,"5100007AA",44,738,594,144
19,"5100010A",44,479,353,126
19,"5100010AA",44,879,709,170
19,"5100014A",44,567,370,197
19,"5100014AA",44,1188,938,250
19,"5100016A",44,102,68,34
19,"5100016AA",44,164,124,40
19,"5100020A",44,427,264,163
19,"5100020AA",44,741,559,182
19,"5100025A",44,429,287,142
19,"5100025AA",44,784,632,152
19,"5100027A",44,337,229,108
19,"5100027AA",44,740,570,170
19,"5100036A",44,561,345,216
19,"5100036AA",44,1019,759,260
19,"5100054A",44,413,288,125
19,"5100054AA",44,703,576,127
19,"5150001A",28,1102,739,363
19,"5150001AA",28,4561,3806,755
19,"5150002A",28,129,99,30
19,"5150002AA",28,334,282,52
19,"5150007B",28,428,320,108
19,"5150007BA",28,974,850,124
19,"5150009A",30,404,208,196
19,"5150009AA",30,1802,1162,640
19,"5150012A",28,328,233,95
19,"5150012AA",28,732,612,120
19,"5150021A",28,281,219,62
19,"5150021AA",28,872,733,139
19,"5150022A",28,982,616,366
19,"5150022AA",28,2656,2191,465
19,"5150023A",28,342,229,113
19,"5150023AA",28,1303,1091,212
19,"5150028A",28,630,290,340
19,"5150028AA",28,2507,1639,868
19,"5150029A",28,449,309,140
19,"5150029AA",28,991,859,132
19,"5150042A",28,558,441,117
19,"5150042AA",28,1574,1343,231
19,"5150047A",28,641,366,275
19,"5150047AA",28,2416,1774,642
19,"5150049A",28,67,41,26
19,"5150049AA",28,252,203,49
19,"5150061A",28,552,369,183
19,"5150061AA",28,1748,1488,260
19,"5150065B",28,591,354,237
19,"5150065BA",28,1743,1368,375
19,"5150071A",28,327,183,144
19,"5150071AA",28,1100,817,283
19,"5150072A",28,91,48,43
19,"5150072AA",28,211,153,58
19,"5150075A",28,371,225,146
19,"5150075AA",28,1348,1026,322
19,"5150094A",28,737,417,320
19,"5150094AA",28,3783,2850,933
19,"5150098A",28,524,373,151
19,"5150098AA",28,1572,1367,205
19,"5150101A",28,235,175,60
19,"5150101AA",28,693,579,114
19,"5150102A",28,632,406,226
19,"5150102AA",28,2858,2231,627
19,"5150112A",28,622,410,212
19,"5150112AA",28,2703,2172,531
19,"5150121A",28,584,396,188
19,"5150121AA",28,1970,1648,322
19,"5150123A",28,632,326,306
19,"5150123AA",28,1828,1398,430
19,"5150148AA",28,25,12,13
19,"5150191A",28,256,166,90
19,"5150191AA",28,841,677,164
19,"5150193A",30,562,388,174
19,"5150193AA",30,1804,1486,318
19,"5150194A",30,102,88,14
19,"5150194AA",30,244,212,32
19,"5150196A",28,413,285,128
19,"5150196AA",28,1266,1058,208
19,"5150199A",28,478,336,142
19,"5150199AA",28,1526,1270,256
19,"5150216A",28,222,156,66
19,"5150216AA",28,794,652,142
19,"5200002A",27,33,5,28
19,"5200002AA",27,58,39,19
19,"5200020AA",28,24,15,9
19,"5200043A",23,183,27,156
19,"5200043AA",23,398,180,218
19,"5200044A",27,121,41,80
19,"5200044AA",27,156,89,67
19,"5230006A",38,11,5,6
19,"5230006AA",38,45,33,12
19,"5230007A",38,559,346,213
19,"5230007AA",38,1175,889,286
19,"5230016A",38,615,381,234
19,"5230016AA",38,1383,1110,273
19,"5230017A",38,291,195,96
19,"5230017AA",38,408,325,83
19,"5230019A",38,566,338,228
19,"5230019AA",38,1284,998,286
19,"5230023A",38,412,222,190
19,"5230023AA",38,1084,883,201
19,"5230030A",38,675,402,273
19,"5230030AA",38,1535,1188,347
19,"5230032A",38,570,355,215
19,"5230032AA",38,1367,1082,285
19,"5230039A",38,682,416,266
19,"5230039AA",38,1407,1069,338
19,"5230044A",38,541,354,187
19,"5230044AA",38,1125,868,257
19,"5230045A",38,647,404,243
19,"5230045AA",38,1341,1070,271
19,"5230049A",38,620,379,241
19,"5230049AA",38,1029,784,245
19,"5230080A",38,703,371,332
19,"5230080AA",38,1494,1088,406
19,"5240002A",42,10,3,7
19,"5240002AA",42,30,20,10
19,"5240020A",45,34,8,26
19,"5240020AA",45,151,93,58
19,"5250001A",35,251,122,129
19,"5250001AA",35,530,329,201
19,"5250004A",35,195,139,56
19,"5250004AA",35,329,255,74
19,"5250004B",35,32,26,6
19,"5250004BA",35,52,40,12
19,"5250005C",35,534,315,219
19,"5250005CA",35,1161,728,433
19,"5250006D",35,103,61,42
19,"5250006DA",35,195,142,53
19,"5250009A",35,385,240,145
19,"5250009AA",35,929,722,207
19,"5250010A",35,569,318,251
19,"5250010AA",35,1127,822,305
19,"5250011E",35,410,253,157
19,"5250011EA",35,950,693,257
19,"5250016A",35,561,272,289
19,"5250016AA",35,1278,840,438
19,"5250021B",35,215,138,77
19,"5250021BA",35,430,315,115
19,"5250022A",35,159,103,56
19,"5250022AA",35,311,257,54
19,"5250024A",35,98,73,25
19,"5250024AA",35,209,150,59
19,"5250027B",35,457,245,212
19,"5250027BA",35,1385,990,395
19,"5250030A",35,314,203,111
19,"5250030AA",35,671,477,194
19,"5250036D",35,135,86,49
19,"5250036DA",35,333,241,92
19,"5250038B",35,420,237,183
19,"5250038BA",35,916,643,273
19,"5250039A",35,28,23,5
19,"5250039AA",35,47,39,8
19,"5250040A",35,545,353,192
19,"5250040AA",35,1123,828,295
19,"5250042A",35,314,184,130
19,"5250042AA",35,786,575,211
19,"5250043A",35,376,218,158
19,"5250043AA",35,842,578,264
19,"5250044AA",35,16,12,4
19,"5250048A",35,480,283,197
19,"5250048AA",35,1239,899,340
19,"5250049A",35,390,268,122
19,"5250049AA",35,697,532,165
19,"5250055A",35,452,218,234
19,"5250055AA",35,989,639,350
19,"5250057A",35,323,189,134
19,"5250057AA",35,687,503,184
19,"5250059A",35,90,58,32
19,"5250059AA",35,106,78,28
19,"5250059D",35,23,19,4
19,"5250059DA",35,37,27,10
19,"5250060F",35,17,12,5
19,"5250060FA",35,30,27,3
19,"5250062A",35,490,302,188
19,"5250062AA",35,968,711,257
19,"5250063B",35,24,11,13
19,"5250063BA",35,59,42,17
19,"5250063C",35,371,202,169
19,"5250063CA",35,913,679,234
19,"5250065A",35,200,121,79
19,"5250065AA",35,384,305,79
19,"5250076A",35,549,322,227
19,"5250076AA",35,1104,782,322
19,"5250087A",35,344,201,143
19,"5250087AA",35,811,575,236
19,"5250090A",35,265,169,96
19,"5250090AA",35,508,356,152
19,"5250096E",35,454,276,178
19,"5250096EA",35,1084,800,284
19,"5250147A",35,458,205,253
19,"5250147AA",35,1080,684,396
19,"5250148A",35,170,93,77
19,"5250148AA",35,540,390,150
19,"5250150A",35,119,62,57
19,"5250150AA",35,357,223,134
19,"5250152A",38,247,116,131
19,"5250152AA",38,650,415,235
19,"5250154A",35,336,194,142
19,"5250154AA",35,756,534,222
19,"5250155A",38,38,14,24
19,"5250155AA",38,152,102,50
19,"5250314A",35,67,37,30
19,"5250314AA",35,157,130,27
19,"5250319A",35,508,224,284
19,"5250319AA",35,1158,705,453
19,"5400004A",27,841,189,652
19,"5400004AA",27,1461,719,742
19,"5400005A",27,102,17,85
19,"5400005AA",27,303,123,180
19,"5400005F",27,116,18,98
19,"5400005FA",27,224,65,159
19,"5400010A",27,275,82,193
19,"5400010AA",27,568,280,288
19,"5400046A",27,119,34,85
19,"5400046AA",27,416,190,226
19,"5400047A",27,55,14,41
19,"5400047AA",27,133,59,74
19,"5400047D",27,92,16,76
19,"5400047DA",27,143,58,85
19,"5400055A",27,116,25,91
19,"5400055AA",27,246,105,141
19,"5400057A",27,335,58,277
19,"5400057AA",27,741,285,456
19,"5500010A",31,98,50,48
19,"5500010AA",31,196,115,81
19,"5500011A",31,69,38,31
19,"5500011AA",31,126,95,31
19,"5500012A",31,776,379,397
19,"5500012AA",31,1699,1157,542
19,"5500026A",31,11,2,9
19,"5500026AA",31,19,14,5
19,"5500046A",31,24,15,9
19,"5500046AA",31,56,34,22
19,"5500047A",31,38,17,21
19,"5500047AA",31,81,54,27
19,"5500100A",31,259,138,121
19,"5500100AA",31,444,332,112
19,"5500103A",31,50,26,24
19,"5500103AA",31,86,64,22
19,"5500105A",31,120,50,70
19,"5500105AA",31,230,140,90
19,"5500107B",31,61,25,36
19,"5500107BA",31,106,65,41
19,"5500109A",31,121,31,90
19,"5500109AA",31,307,140,167
19,"5500110A",31,197,64,133
19,"5500110AA",31,439,240,199
19,"5500112A",31,43,11,32
19,"5500112AA",31,134,53,81
19,"5500116B",31,33,16,17
19,"5500116BA",31,65,48,17
19,"5500117A",31,66,27,39
19,"5500117AA",31,108,79,29
19,"5500118A",31,13,2,11
19,"5500118AA",31,77,43,34
19,"5500120A",31,40,20,20
19,"5500120AA",31,76,48,28
19,"5530001A",36,167,67,100
19,"5530001AA",36,633,390,243
19,"5530018A",36,755,311,444
19,"5530018AA",36,2868,1810,1058
19,"5530027A",36,474,200,274
19,"5530027AA",36,1736,1027,709
19,"5530033B",36,641,269,372
19,"5530033BA",36,2227,1338,889
19,"5530042A",36,683,239,444
19,"5530042AA",36,2288,1235,1053
19,"5530053A",36,428,175,253
19,"5530053AA",36,1638,930,708
19,"5530055A",36,913,423,490
19,"5530055AA",36,3127,2055,1072
19,"5530082A",36,533,186,347
19,"5530082AA",36,1517,921,596
19,"5530086A",36,410,162,248
19,"5530086AA",36,985,594,391
19,"5550014A",36,1041,506,535
19,"5550014AA",36,3457,2431,1026
19,"5550015A",36,947,479,468
19,"5550015AA",36,3380,2394,986
19,"5550021A",36,1074,506,568
19,"5550021AA",36,3530,2409,1121
19,"5550032A",36,937,542,395
19,"5550032AA",36,2945,2229,716
19,"5550042A",36,723,378,345
19,"5550042AA",36,2896,2145,751
19,"5550045B",36,798,410,388
19,"5550045BA",36,3048,2232,816
19,"5550091A",36,844,425,419
19,"5550091AA",36,3380,2477,903
19,"5550097A",36,795,344,451
19,"5550097AA",36,2797,1937,860
19,"5550098A",36,768,374,394
19,"5550098AA",36,2943,2067,876
19,"5600073A",38,138,90,48
19,"5600073AA",38,214,149,65
19,"5600086AA",31,12,11,1
19,"5700002A",36,251,66,185
19,"5700002AA",36,852,377,475
19,"5730001A",36,611,186,425
19,"5730001AA",36,1905,1045,860
19,"5730008A",36,165,36,129
19,"5730008AA",36,575,322,253
19,"5730011B",36,33,7,26
19,"5730011BA",36,159,102,57
19,"5730013A",36,244,102,142
19,"5730013AA",36,1032,635,397
19,"5750003A",28,580,304,276
19,"5750003AA",28,1799,1279,520
19,"5750012A",28,379,199,180
19,"5750012AA",28,926,665,261
19,"5750017A",28,507,278,229
19,"5750017AA",28,1171,816,355
19,"5750018A",28,412,195,217
19,"5750018AA",28,1151,827,324
19,"5750019A",28,91,44,47
19,"5750019AA",28,401,301,100
19,"5750023A",28,200,102,98
19,"5750023AA",28,595,436,159
19,"5750027A",28,370,207,163
19,"5750027AA",28,905,647,258
19,"5750033BA",28,15,12,3
19,"5750035A",28,508,290,218
19,"5750035AA",28,1162,867,295
19,"5750050BA",28,37,19,18
19,"5750074A",28,173,105,68
19,"5750074AA",28,642,470,172
19,"5850005A",38,273,119,154
19,"5850005AA",38,673,383,290
19,"5850012A",38,557,247,310
19,"5850012AA",38,1075,573,502
19,"5850020A",38,189,59,130
19,"5850020AA",38,744,329,415
19,"5850077A",38,440,157,283
19,"5850077AA",38,1360,690,670
19,"5850117A",38,479,182,297
19,"5850117AA",38,1455,770,685
19,"5850118A",38,577,270,307
19,"5850118AA",38,1474,838,636
19,"5850207B",38,86,45,41
19,"5850207BA",38,203,125,78
19,"5850211A",38,615,239,376
19,"5850211AA",38,1900,893,1007
19,"5850221A",38,386,123,263
19,"5850221AA",38,1262,549,713
19,"5850222A",38,178,83,95
19,"5850222AA",38,439,251,188
19,"5900001A",31,10,5,5
19,"5900001AA",31,132,90,42
19,"6000002A",31,591,164,427
19,"6000002AA",31,1198,621,577
19,"6000003A",31,994,296,698
19,"6000003AA",31,2645,1288,1357
19,"6000004A",31,173,53,120
19,"6000004AA",31,381,178,203
19,"6000008B",31,173,63,110
19,"6000008BA",31,535,262,273
19,"6000009A",31,232,85,147
19,"6000009AA",31,452,245,207
19,"6000010D",31,161,77,84
19,"6000010DA",31,326,211,115
19,"6000011A",31,893,287,606
19,"6000011AA",31,1812,994,818
19,"6000025A",31,867,281,586
19,"6000025AA",31,1472,780,692
19,"6000040A",31,684,243,441
19,"6000040AA",31,1169,686,483
19,"6000054A",31,518,192,326
19,"6000054AA",31,1129,620,509
19,"6050005A",29,369,203,166
19,"6050005AA",29,737,559,178
19,"6050009A",29,307,177,130
19,"6050009AA",29,666,506,160
19,"6050012A",29,334,184,150
19,"6050012AA",29,810,594,216
19,"6050016A",29,669,431,238
19,"6050016AA",29,1173,936,237
19,"6050020A",29,483,246,237
19,"6050020AA",29,1055,756,299
19,"6100008A",28,474,283,191
19,"6100008AA",28,1480,1057,423
19,"6100010A",28,446,213,233
19,"6100010AA",28,1366,962,404
19,"6100015A",28,606,303,303
19,"6100015AA",28,1598,1107,491
19,"6100018B",28,377,187,190
19,"6100018BA",28,983,681,302
19,"6100024A",28,506,255,251
19,"6100024AA",28,1421,985,436
19,"6100026D",28,110,54,56
19,"6100026DA",28,337,228,109
19,"6100029A",28,132,74,58
19,"6100029AA",28,385,277,108
19,"6100031A",28,174,96,78
19,"6100031AA",28,525,371,154
19,"6100034A",28,167,89,78
19,"6100034AA",28,459,318,141
19,"6200001A",28,353,200,153
19,"6200001AA",28,1498,962,536
19,"6200006A",28,393,165,228
19,"6200006AA",28,1927,1106,821
19,"6200016A",28,442,192,250
19,"6200016AA",28,1777,1131,646
19,"6210001A",42,17,12,5
19,"6210001AA",42,44,24,20
19,"6220003A",27,625,154,471
19,"6220003AA",27,1361,718,643
19,"6220004A",27,901,278,623
19,"6220004AA",27,2186,1218,968
19,"6220009A",27,665,161,504
19,"6220009AA",27,1608,887,721
19,"6220012A",27,614,148,466
19,"6220012AA",27,1566,818,748
19,"6220015A",27,126,36,90
19,"6220015AA",27,168,86,82
19,"6220016A",27,82,40,42
19,"6220016AA",27,101,72,29
19,"6220018A",27,811,235,576
19,"6220018AA",27,2176,1201,975
19,"6220020A",27,619,175,444
19,"6220020AA",27,1654,938,716
19,"6220024A",27,738,251,487
19,"6220024AA",27,1828,1049,779
19,"6220029A",27,502,177,325
19,"6220029AA",27,1173,670,503
19,"6220032A",27,623,206,417
19,"6220032AA",27,1872,1080,792
19,"6220033A",27,456,130,326
19,"6220033AA",27,1131,553,578
19,"6220034A",27,286,167,119
19,"6220034AA",27,514,330,184
19,"6220036A",27,586,208,378
19,"6220036AA",27,2038,1151,887
19,"6220037B",27,992,427,565
19,"6220037BA",27,1784,1020,764
19,"6220040A",27,1112,348,764
19,"6220040AA",27,2474,1381,1093
19,"6220051A",27,666,195,471
19,"6220051AA",27,1827,982,845
19,"6220052A",27,494,118,376
19,"6220052AA",27,949,451,498
19,"6220053E",27,45,16,29
19,"6220053EA",27,99,55,44
19,"6220054A",27,150,51,99
19,"6220054AA",27,344,170,174
19,"6220057A",27,1089,239,850
19,"6220057AA",27,2607,1351,1256
19,"6220061A",27,473,146,327
19,"6220061AA",27,1344,747,597
19,"6220062A",27,308,120,188
19,"6220062AA",27,594,379,215
19,"6220063A",27,351,94,257
19,"6220063AA",27,854,494,360
19,"6220064A",27,150,43,107
19,"6220064AA",27,375,215,160
19,"6220066A",27,1070,324,746
19,"6220066AA",27,2758,1556,1202
19,"6220068A",27,182,41,141
19,"6220068AA",27,468,261,207
19,"6220070A",27,321,141,180
19,"6220070AA",27,775,511,264
19,"6220073A",27,58,21,37
19,"6220073AA",27,140,99,41
19,"6220074A",27,666,285,381
19,"6220074AA",27,1415,899,516
19,"6220075A",27,626,144,482
19,"6220075AA",27,1342,662,680
19,"6220081C",27,92,36,56
19,"6220081CA",27,262,164,98
19,"6220086A",27,746,239,507
19,"6220086AA",27,1699,925,774
19,"6220090A",27,858,310,548
19,"6220090AA",27,1914,1038,876
19,"6220097A",27,141,52,89
19,"6220097AA",27,346,206,140
19,"6220101A",27,279,62,217
19,"6220101AA",27,728,359,369
19,"6220102A",27,634,237,397
19,"6220102AA",27,1615,980,635
19,"6220103A",27,622,175,447
19,"6220103AA",27,2313,1265,1048
19,"6220108A",27,1043,306,737
19,"6220108AA",27,2445,1392,1053
19,"6220114F",27,38,21,17
19,"6220114FA",27,98,61,37
19,"6220125A",27,360,123,237
19,"6220125AA",27,903,535,368
19,"6220126A",27,533,156,377
19,"6220126AA",27,1604,877,727
19,"6220128A",27,855,216,639
19,"6220128AA",27,2542,1416,1126
19,"6220142A",27,80,28,52
19,"6220142AA",27,192,106,86
19,"6220145B",27,645,241,404
19,"6220145BA",27,1467,820,647
19,"6220148A",27,276,87,189
19,"6220148AA",27,522,310,212
19,"6220149D",27,36,10,26
19,"6220149DA",27,64,30,34
19,"6220155A",27,943,359,584
19,"6220155AA",27,2592,1580,1012
19,"6220162A",27,465,251,214
19,"6220162AA",27,798,558,240
19,"6220164A",27,324,134,190
19,"6220164AA",27,842,510,332
19,"6220167C",27,377,103,274
19,"6220167CA",27,877,426,451
19,"6220173A",27,349,80,269
19,"6220173AA",27,879,410,469
19,"6220182A",27,342,94,248
19,"6220182AA",27,866,448,418
19,"6220183A",27,208,70,138
19,"6220183AA",27,498,288,210
19,"6220186A",27,310,108,202
19,"6220186AA",27,677,402,275
19,"6220194A",27,469,213,256
19,"6220194AA",27,865,563,302
19,"6220197A",27,727,233,494
19,"6220197AA",27,2068,1147,921
19,"6220202A",27,43,14,29
19,"6220202AA",27,127,77,50
19,"6220210A",27,403,187,216
19,"6220210AA",27,1056,644,412
19,"6220215A",27,709,261,448
19,"6220215AA",27,2404,1421,983
19,"6220216A",27,14,4,10
19,"6220216AA",27,23,14,9
19,"6220219A",27,341,86,255
19,"6220219AA",27,1003,559,444
19,"6220222A",27,96,25,71
19,"6220222AA",27,226,120,106
19,"6220227A",27,205,76,129
19,"6220227AA",27,520,318,202
19,"6220234A",27,112,33,79
19,"6220234AA",27,404,252,152
19,"6220237A",27,35,14,21
19,"6220237AA",27,75,41,34
19,"6220248A",27,766,235,531
19,"6220248AA",27,2205,1168,1037
19,"6220264A",27,172,69,103
19,"6220264AA",27,418,289,129
19,"6220267A",27,110,43,67
19,"6220267AA",27,399,222,177
19,"6220281A",27,856,299,557
19,"6220281AA",27,2054,1230,824
19,"6230005A",38,166,74,92
19,"6230005AA",38,443,296,147
19,"6230006A",38,349,193,156
19,"6230006AA",38,831,628,203
19,"6230008A",38,675,340,335
19,"6230008AA",38,1360,963,397
19,"6230010A",38,459,296,163
19,"6230010AA",38,911,720,191
19,"6230013A",38,477,268,209
19,"6230013AA",38,1066,777,289
19,"6230018B",38,37,18,19
19,"6230018BA",38,92,66,26
19,"6230052BA",38,8,3,5
19,"6230052CA",38,5,3,2
19,"6250003A",36,534,304,230
19,"6250003AA",36,3002,2242,760
19,"6250018A",36,571,352,219
19,"6250018AA",36,2345,1886,459
19,"6250020A",36,587,332,255
19,"6250020AA",36,2438,1924,514
19,"6250031B",36,306,189,117
19,"6250031BA",36,1799,1440,359
19,"6250034A",36,489,304,185
19,"6250034AA",36,2738,2245,493
19,"6250036A",36,486,328,158
19,"6250036AA",36,2163,1718,445
19,"6250038A",36,602,379,223
19,"6250038AA",36,1841,1488,353
19,"6250043A",36,682,465,217
19,"6250043AA",36,2415,1986,429
19,"6250046A",36,419,275,144
19,"6250046AA",36,2032,1653,379
19,"6250050A",36,681,461,220
19,"6250050AA",36,2405,2005,400
19,"6250061A",36,545,409,136
19,"6250061AA",36,1814,1537,277
19,"6250063A",36,802,573,229
19,"6250063AA",36,2550,2187,363
19,"6250067A",36,697,466,231
19,"6250067AA",36,2125,1795,330
19,"6250072A",36,482,357,125
19,"6250072AA",36,2124,1804,320
19,"6250078A",36,442,328,114
19,"6250078AA",36,1858,1615,243
19,"6250083A",36,445,314,131
19,"6250083AA",36,1786,1497,289
19,"6250126BA",36,53,32,21
19,"6250127A",36,876,615,261
19,"6250127AA",36,2753,2329,424
19,"6300002EA",27,16,12,4
19,"6300002F",27,14,3,11
19,"6300002FA",27,29,13,16
19,"6300003A",27,16,4,12
19,"6300003AA",27,49,4,45
19,"6300006A",27,69,23,46
19,"6300006AA",27,154,80,74
19,"6300006E",27,29,9,20
19,"6300006EA",27,90,28,62
19,"6300032BA",27,11,2,9
19,"6300099P",27,15,5,10
19,"6300099PA",27,22,6,16
19,"6300459A",27,9,4,5
19,"6300459AA",27,23,9,14
19,"6300459BA",27,21,9,12
19,"6400008A",28,19,5,14
19,"6400008AA",28,97,68,29
19,"6400010A",28,706,362,344
19,"6400010AA",28,2645,1827,818
19,"6400013A",28,698,354,344
19,"6400013AA",28,2643,1902,741
19,"6450002C",42,407,237,170
19,"6450002CA",42,1115,884,231
19,"6450004A",42,100,58,42
19,"6450004AA",42,389,273,116
19,"6450005A",42,64,33,31
19,"6450005AA",42,220,154,66
19,"6450006BA",42,13,9,4
19,"6450009A",42,509,294,215
19,"6450009AA",42,1913,1427,486
19,"6530002A",31,424,258,166
19,"6530002AA",31,625,468,157
19,"6530040A",31,464,262,202
19,"6530040AA",31,890,669,221
19,"6530044A",31,646,354,292
19,"6530044AA",31,1521,1045,476
19,"6550001B",44,439,247,192
19,"6550001BA",44,1042,745,297
19,"6550003A",44,418,287,131
19,"6550003AA",44,784,647,137
19,"6550006A",44,477,308,169
19,"6550006AA",44,940,766,174
19,"6550010A",44,475,329,146
19,"6550010AA",44,825,680,145
19,"6550013A",44,641,431,210
19,"6550013AA",44,1031,825,206
19,"6550018E",44,399,267,132
19,"6550018EA",44,969,782,187
19,"6550021B",44,430,315,115
19,"6550021BA",44,667,563,104
19,"6550028A",44,353,210,143
19,"6550028AA",44,738,572,166
19,"6550029A",44,547,368,179
19,"6550029AA",44,974,802,172
19,"6550033A",44,368,251,117
19,"6550033AA",44,936,767,169
19,"6550035A",44,464,320,144
19,"6550035AA",44,884,714,170
19,"6550050A",44,397,235,162
19,"6550050AA",44,853,670,183
19,"6550052A",44,550,338,212
19,"6550052AA",44,1181,929,252
19,"6550053A",44,549,322,227
19,"6550053AA",44,1113,896,217
19,"6550061A",44,468,265,203
19,"6550061AA",44,892,649,243
19,"6550062B",44,263,171,92
19,"6550062BA",44,444,344,100
19,"6550073A",44,48,26,22
19,"6550073AA",44,106,89,17
19,"6550083A",44,342,240,102
19,"6550083AA",44,751,609,142
19,"6600011A",28,536,353,183
19,"6600011AA",28,2327,1911,416
19,"6600016A",28,443,316,127
19,"6600016AA",28,2201,1774,427
19,"6600019A",28,470,325,145
19,"6600019AA",28,2033,1686,347
19,"6600031A",28,491,331,160
19,"6600031AA",28,2251,1808,443
19,"6600039A",28,634,447,187
19,"6600039AA",28,2324,1953,371
19,"6650010A",38,18,6,12
19,"6650010AA",38,57,42,15
19,"6650030AA",38,45,30,15
19,"6650032A",28,315,171,144
19,"6650032AA",28,970,710,260
19,"6650032B",28,22,11,11
19,"6650032BA",28,110,89,21
19,"6650034A",28,278,144,134
19,"6650034AA",28,664,477,187
19,"6700001A",38,547,219,328
19,"6700001AA",38,1244,814,430
19,"6700004A",38,447,238,209
19,"6700004AA",38,815,596,219
19,"6700005A",38,675,332,343
19,"6700005AA",38,1619,1050,569
19,"6700006A",38,283,161,122
19,"6700006AA",38,573,449,124
19,"6700007A",38,94,38,56
19,"6700007AA",38,149,91,58
19,"6700009A",38,604,303,301
19,"6700009AA",38,1146,796,350
19,"6700012A",38,306,110,196
19,"6700012AA",38,692,436,256
19,"6700014AA",38,16,14,2
19,"6700014B",38,506,183,323
19,"6700014BA",38,1398,794,604
19,"6700020A",38,317,118,199
19,"6700020AA",38,1152,695,457
19,"6700024A",38,73,45,28
19,"6700024AA",38,221,178,43
19,"6700025A",38,262,120,142
19,"6700025AA",38,384,275,109
19,"6700030B",38,671,317,354
19,"6700030BA",38,1661,1148,513
19,"6700035A",38,237,111,126
19,"6700035AA",38,608,425,183
19,"6700040A",38,494,285,209
19,"6700040AA",38,1082,828,254
19,"6700045A",38,138,82,56
19,"6700045AA",38,237,169,68
19,"6700053A",38,54,18,36
19,"6700053AA",38,164,118,46
19,"6700053C",38,34,15,19
19,"6700053CA",38,86,43,43
19,"6700054A",38,621,337,284
19,"6700054AA",38,1260,895,365
19,"6700062A",38,109,63,46
19,"6700062AA",38,291,217,74
19,"6700063A",38,38,11,27
19,"6700063AA",38,88,77,11
19,"6700070A",38,433,221,212
19,"6700070AA",38,1012,670,342
19,"6700072A",38,138,67,71
19,"6700072AA",38,339,223,116
19,"6700076A",38,31,21,10
19,"6700076AA",38,77,58,19
19,"6750021AA",31,16,4,12
19,"6750022A",35,26,24,2
19,"6750022AA",35,16,14,2
19,"6820015A",27,747,254,493
19,"6820015AA",27,2318,1305,1013
19,"6820017B",27,491,146,345
19,"6820017BA",27,1077,598,479
19,"6820023A",27,1165,415,750
19,"6820023AA",27,3189,1898,1291
19,"6850002B",29,122,56,66
19,"6850002BA",29,305,186,119
19,"6850017A",29,36,24,12
19,"6850017AA",29,60,43,17
19,"6850034AA",30,27,15,12
19,"7050001A",28,535,211,324
19,"7050001AA",28,1596,987,609
19,"7050006A",28,532,239,293
19,"7050006AA",28,1930,1226,704
19,"7050007A",28,18,10,8
19,"7050007AA",28,98,73,25
19,"7050011A",28,485,197,288
19,"7050011AA",28,1574,996,578
19,"7050064A",28,338,164,174
19,"7050064AA",28,998,658,340
19,"7050068A",28,661,292,369
19,"7050068AA",28,1750,1158,592
19,"7050076A",28,474,191,283
19,"7050076AA",28,1469,907,562
19,"7050078A",28,30,14,16
19,"7050078AA",28,106,72,34
19,"7100004B",32,844,568,276
19,"7100004BA",32,2513,2092,421
19,"7100007A",32,45,20,25
19,"7100007AA",32,132,79,53
19,"7100033A",32,159,93,66
19,"7100033AA",32,789,533,256
19,"7150006A",43,890,410,480
19,"7150006AA",43,2187,1424,763
19,"7150008B",43,576,248,328
19,"7150008BA",43,1954,1220,734
19,"7150016A",43,780,299,481
19,"7150016AA",43,2590,1642,948
19,"7150024A",36,142,72,70
19,"7150024AA",36,423,307,116
19,"7150025A",43,983,396,587
19,"7150025AA",43,2445,1503,942
19,"7150029A",43,148,56,92
19,"7150029AA",43,462,276,186
19,"7150032A",36,505,203,302
19,"7150032AA",36,1844,1206,638
19,"7150041A",43,739,352,387
19,"7150041AA",43,1849,1177,672
19,"7150043A",36,9,5,4
19,"7150043AA",36,23,17,6
19,"7150044A",36,597,241,356
19,"7150044AA",36,1876,1243,633
19,"7150046A",36,890,386,504
19,"7150046AA",36,2817,1866,951
19,"7150048A",43,895,350,545
19,"7150048AA",43,2082,1234,848
19,"7150049C",43,204,61,143
19,"7150049CA",43,553,286,267
19,"7150056B",43,387,118,269
19,"7150056BA",43,1230,712,518
19,"7150061A",36,445,180,265
19,"7150061AA",36,1065,694,371
19,"7150063A",36,389,146,243
19,"7150063AA",36,1068,690,378
19,"7150069A",36,222,76,146
19,"7150069AA",36,566,366,200
19,"7150078D",36,297,123,174
19,"7150078DA",36,960,619,341
19,"7150084A",36,791,290,501
19,"7150084AA",36,2269,1456,813
19,"7150091A",43,557,229,328
19,"7150091AA",43,1949,1169,780
19,"7150094B",36,941,407,534
19,"7150094BA",36,2620,1740,880
19,"7150096A",36,966,435,531
19,"7150096AA",36,2709,1748,961
19,"7150097A",36,1038,425,613
19,"7150097AA",36,2656,1695,961
19,"7150098A",36,351,126,225
19,"7150098AA",36,960,599,361
19,"7150108A",36,804,341,463
19,"7150108AA",36,2609,1653,956
19,"7150115DA",36,18,8,10
19,"7150116B",36,301,133,168
19,"7150116BA",36,769,502,267
19,"7150121A",36,650,281,369
19,"7150121AA",36,2396,1592,804
19,"7150137B",43,880,394,486
19,"7150137BA",43,2436,1505,931
19,"7150147A",36,104,59,45
19,"7150147AA",36,305,226,79
19,"7150300A",36,418,148,270
19,"7150300AA",36,1301,821,480
19,"7360001A",27,288,100,188
19,"7360001AA",27,723,415,308
19,"7360002A",27,236,99,137
19,"7360002AA",27,530,376,154
19,"7360005B",27,165,69,96
19,"7360005BA",27,421,281,140
19,"7410002A",31,41,25,16
19,"7410002AA",31,104,70,34
19,"7410003B",31,11,9,2
19,"7410003BA",31,16,9,7
19,"7410008A",31,111,43,68
19,"7410008AA",31,308,221,87
19,"7410012CA",31,17,8,9
19,"7410015C",31,47,23,24
19,"7410015CA",31,112,75,37
19,"7410017A",31,333,191,142
19,"7410017AA",31,700,539,161
19,"7410020A",31,559,302,257
19,"7410020AA",31,1049,762,287
19,"7410021A",31,670,401,269
19,"7410021AA",31,1354,1064,290
19,"7410023A",31,792,483,309
19,"7410023AA",31,1191,861,330
19,"7410029A",31,363,181,182
19,"7410029AA",31,890,656,234
19,"7410030A",31,357,204,153
19,"7410030AA",31,713,525,188
19,"7410033A",31,95,60,35
19,"7410033AA",31,168,123,45
19,"7410086A",31,409,210,199
19,"7410086AA",31,850,607,243
19,"7410130B",31,69,44,25
19,"7410130BA",31,186,125,61
19,"7410150A",31,314,163,151
19,"7410150AA",31,654,449,205
19,"7410152A",31,49,27,22
19,"7410152AA",31,87,64,23
19,"7410154A",31,464,225,239
19,"7410154AA",31,861,582,279
19,"7450005A",42,9,5,4
19,"7450005AA",42,59,42,17
19,"7470001A",32,56,40,16
19,"7470001AA",32,105,67,38
19,"7600012A",38,573,235,338
19,"7600012AA",38,1810,982,828
19,"7600030A",38,377,183,194
19,"7600030AA",38,1389,784,605
19,"7600031C",38,403,147,256
19,"7600031CA",38,1502,767,735
19,"7600032A",38,642,241,401
19,"7600032AA",38,2897,1446,1451
19,"7600033A",38,493,180,313
19,"7600033AA",38,2066,1083,983
19,"7650002A",42,94,67,27
19,"7650002AA",42,115,86,29
19,"7650004B",42,389,250,139
19,"7650004BA",42,640,532,108
19,"7650005A",42,467,324,143
19,"7650005AA",42,790,623,167
19,"7650009A",42,481,331,150
19,"7650009AA",42,934,744,190
19,"7670003A",43,262,204,58
19,"7670003AA",43,459,395,64
19,"7670004A",43,268,186,82
19,"7670004AA",43,528,451,77
19,"7670005A",43,434,347,87
19,"7670005AA",43,779,648,131
19,"7670012A",43,481,411,70
19,"7670012AA",43,1368,1276,92
19,"7670013A",43,415,354,61
19,"7670013AA",43,1082,997,85
19,"7670017A",43,294,239,55
19,"7670017AA",43,823,747,76
19,"7670020A",43,272,222,50
19,"7670020AA",43,1053,928,125
19,"7670022B",43,481,368,113
19,"7670022BA",43,664,554,110
19,"7670023A",43,363,299,64
19,"7670023AA",43,792,693,99
19,"7670030A",43,228,181,47
19,"7670030AA",43,421,377,44
19,"7680005A",44,434,213,221
19,"7680005AA",44,1353,926,427
19,"7680013A",44,419,254,165
19,"7680013AA",44,1610,1166,444
19,"7680015A",44,726,397,329
19,"7680015AA",44,2094,1425,669
19,"7680022A",44,352,174,178
19,"7680022AA",44,1112,776,336
19,"7690002A",43,432,334,98
19,"7690002AA",43,1068,923,145
19,"7690006A",43,109,77,32
19,"7690006AA",43,324,274,50
19,"7700001A",31,511,263,248
19,"7700001AA",31,1132,734,398
19,"7700011A",31,244,102,142
19,"7700011AA",31,626,421,205
19,"7700015A",31,62,30,32
19,"7700015AA",31,148,97,51
19,"7700016A",31,301,148,153
19,"7700016AA",31,708,490,218
19,"7700017A",31,109,45,64
19,"7700017AA",31,315,206,109
19,"7700019B",31,95,47,48
19,"7700019BA",31,179,129,50
19,"7700021B",31,132,53,79
19,"7700021BA",31,361,196,165
19,"7700022A",31,500,262,238
19,"7700022AA",31,1227,811,416
19,"7700023A",31,216,100,116
19,"7700023AA",31,462,305,157
19,"7700024B",31,717,285,432
19,"7700024BA",31,1750,1062,688
19,"7700028A",31,421,191,230
19,"7700028AA",31,1019,688,331
19,"7700036D",31,355,164,191
19,"7700036DA",31,801,532,269
19,"7700040A",31,690,388,302
19,"7700040AA",31,1755,1141,614
19,"7700041A",31,187,93,94
19,"7700041AA",31,489,311,178
19,"7700045A",31,698,351,347
19,"7700045AA",31,1493,1009,484
19,"7700048A",31,37,18,19
19,"7700048AA",31,119,83,36
19,"7700050A",31,136,60,76
19,"7700050AA",31,304,198,106
19,"7700057A",31,104,53,51
19,"7700057AA",31,322,203,119
19,"7700060AA",31,18,14,4
19,"7700067A",31,41,18,23
19,"7700067AA",31,72,51,21
19,"7700073A",31,891,481,410
19,"7700073AA",31,2071,1420,651
19,"7700080A",31,473,229,244
19,"7700080AA",31,1045,706,339
19,"7700115A",31,569,283,286
19,"7700115AA",31,1565,1000,565
19,"7700122A",31,68,30,38
19,"7700122AA",31,257,175,82
19,"7700140B",31,16,6,10
19,"7700140BA",31,58,44,14
19,"7700141A",31,162,87,75
19,"7700141AA",31,345,260,85
19,"7700143A",31,581,266,315
19,"7700143AA",31,1522,1004,518
19,"7700144A",31,666,328,338
19,"7700144AA",31,1493,1014,479
19,"7700151A",31,728,314,414
19,"7700151AA",31,1512,1024,488
19,"7700154B",31,96,49,47
19,"7700154BA",31,268,175,93
19,"7700155B",31,908,367,541
19,"7700155BA",31,2194,1355,839
19,"7700156A",31,333,165,168
19,"7700156AA",31,963,621,342
19,"7700158A",31,203,105,98
19,"7700158AA",31,528,360,168
19,"7700161A",31,46,27,19
19,"7700161AA",31,77,57,20
19,"7700168A",31,26,9,17
19,"7700168AA",31,11,4,7
19,"7750002A",30,121,82,39
19,"7750002AA",30,414,339,75
19,"7750003A",30,543,400,143
19,"7750003AA",30,1367,1140,227
19,"7750005A",30,666,460,206
19,"7750005AA",30,2809,2376,433
19,"7750007A",30,761,502,259
19,"7750007AA",30,2855,2347,508
19,"7750017A",30,393,267,126
19,"7750017AA",30,1471,1295,176
19,"7750023A",30,556,393,163
19,"7750023AA",30,2427,2118,309
19,"7750038A",30,493,351,142
19,"7750038AA",30,1496,1247,249
19,"7750043A",30,499,377,122
19,"7750043AA",30,1344,1092,252
19,"7750078A",30,163,111,52
19,"7750078AA",30,500,441,59
19,"7760001A",32,70,25,45
19,"7760001AA",32,203,123,80
19,"7760001B",32,37,11,26
19,"7760001BA",32,130,98,32
19,"7770001A",26,144,43,101
19,"7770001AA",26,420,256,164
19,"7770030A",26,909,334,575
19,"7770030AA",26,3396,1959,1437
19,"7800002C",38,372,164,208
19,"7800002CA",38,852,537,315
19,"7800012A",38,866,434,432
19,"7800012AA",38,2318,1636,682
19,"7800022B",38,695,384,311
19,"7800022BA",38,1882,1282,600
19,"7800035C",38,386,217,169
19,"7800035CA",38,756,521,235
19,"7800037A",38,693,281,412
19,"7800037AA",38,1638,974,664
19,"7800038C",38,94,50,44
19,"7800038CA",38,241,171,70
19,"7800048A",38,535,311,224
19,"7800048AA",38,942,721,221
19,"7800049A",38,98,65,33
19,"7800049AA",38,238,179,59
19,"7800052A",38,147,91,56
19,"7800052AA",38,269,187,82
19,"7800053A",38,534,244,290
19,"7800053AA",38,1199,790,409
19,"7800054A",38,260,88,172
19,"7800054AA",38,771,447,324
19,"7800057A",38,788,285,503
19,"7800057AA",38,1895,1017,878
19,"7800064A",38,758,373,385
19,"7800064AA",38,1869,1214,655
19,"7800071A",38,20,11,9
19,"7800071AA",38,38,20,18
19,"7800072A",38,678,279,399
19,"7800072AA",38,1572,989,583
19,"7800079D",38,146,63,83
19,"7800079DA",38,420,220,200
19,"7800082A",38,286,107,179
19,"7800082AA",38,674,393,281
19,"7800083A",38,155,54,101
19,"7800083AA",38,337,173,164
19,"7800144A",38,569,297,272
19,"7800144AA",38,1226,899,327
19,"7800149A",38,516,261,255
19,"7800149AA",38,1306,870,436
19,"7800165EA",38,12,9,3
19,"7800167B",38,134,65,69
19,"7800167BA",38,266,177,89
19,"7800168A",38,471,279,192
19,"7800168AA",38,917,693,224
19,"7800170A",38,43,25,18
19,"7800170AA",38,166,127,39
19,"7800172A",38,178,81,97
19,"7800172AA",38,551,381,170
19,"7800174A",38,81,45,36
19,"7800174AA",38,192,136,56
19,"7800176F",38,569,300,269
19,"7800176FA",38,1272,965,307
19,"7800185A",38,856,390,466
19,"7800185AA",38,2218,1432,786
19,"7850007A",43,371,286,85
19,"7850007AA",43,664,568,96
19,"7850017A",43,353,246,107
19,"7850017AA",43,663,531,132
19,"7850024A",43,427,280,147
19,"7850024AA",43,550,420,130
19,"7850029A",43,151,104,47
19,"7850029AA",43,257,206,51
19,"7850042A",43,156,125,31
19,"7850042AA",43,355,295,60
19,"7850043A",43,320,254,66
19,"7850043AA",43,750,649,101
19,"7850044A",43,442,320,122
19,"7850044AA",43,930,822,108
19,"7850050A",43,131,114,17
19,"7850050AA",43,393,352,41
19,"7850202A",43,44,37,7
19,"7850202AA",43,93,78,15
19,"7900006A",23,614,267,347
19,"7900006AA",23,1018,615,403
19,"7900006F",23,15,4,11
19,"7900006FA",23,9,4,5
19,"7900007B",23,35,15,20
19,"7900007BA",23,81,35,46
19,"7900009A",23,595,239,356
19,"7900009AA",23,1054,577,477
19,"9000002B",36,504,347,157
19,"9000002BA",36,1926,1649,277
19,"9000006A",30,246,180,66
19,"9000006AA",30,930,775,155
19,"9000008A",30,663,226,437
19,"9000008AA",30,1251,720,531
19,"9000009A",29,620,324,296
19,"9000009AA",29,1191,840,351
19,"9000017A",32,710,330,380
19,"9000017AA",32,2346,1525,821
19,"9000018A",36,107,81,26
19,"9000018AA",36,607,498,109
19,"9000025A",32,737,355,382
19,"9000025AA",32,1915,1282,633
19,"9000030A",32,622,258,364
19,"9000030AA",32,1986,1305,681
19,"9000033A",32,701,308,393
19,"9000033AA",32,2175,1396,779
19,"9000035A",32,68,42,26
19,"9000035AA",32,112,85,27
19,"9000037A",32,461,266,195
19,"9000037AA",32,1057,747,310
19,"9000039A",36,190,113,77
19,"9000039AA",36,789,642,147
19,"9000040A",36,620,418,202
19,"9000040AA",36,3122,2489,633
19,"9000048A",30,451,324,127
19,"9000048AA",30,843,697,146
19,"9000058A",29,374,202,172
19,"9000058AA",29,1394,1046,348
19,"9000063A",29,421,214,207
19,"9000063AA",29,1236,926,310
19,"9000065A",29,351,176,175
19,"9000065AA",29,1090,831,259
19,"9000072A",32,287,145,142
19,"9000072AA",32,584,402,182
19,"9000073A",32,486,230,256
19,"9000073AA",32,1196,823,373
19,"9000078C",29,437,240,197
19,"9000078CA",29,1017,754,263
19,"9000080A",29,433,276,157
19,"9000080AA",29,862,690,172
19,"9000082A",32,379,169,210
19,"9000082AA",32,1047,708,339
19,"9000086A",29,408,188,220
19,"9000086AA",29,1092,804,288
19,"9000087A",30,507,164,343
19,"9000087AA",30,1094,640,454
19,"9000088A",29,532,284,248
19,"9000088AA",29,1512,1111,401
19,"9000089A",29,209,114,95
19,"9000089AA",29,429,312,117
19,"9000090A",29,537,299,238
19,"9000090AA",29,1079,844,235
19,"9000091A",32,633,280,353
19,"9000091AA",32,1609,1087,522
19,"9000093B",29,358,235,123
19,"9000093BA",29,789,645,144
19,"9000107A",29,728,349,379
19,"9000107AA",29,1747,1184,563
19,"9000110B",29,222,125,97
19,"9000110BA",29,440,308,132
19,"9000113A",29,579,341,238
19,"9000113AA",29,1244,926,318
19,"9000115A",32,244,117,127
19,"9000115AA",32,548,384,164
19,"9000118A",32,852,516,336
19,"9000118AA",32,1803,1227,576
19,"9000126A",29,615,412,203
19,"9000126AA",29,1176,976,200
19,"9000127B",29,655,373,282
19,"9000127BA",29,2021,1579,442
19,"9000128A",32,757,371,386
19,"9000128AA",32,1975,1394,581
19,"9000130C",32,70,23,47
19,"9000130CA",32,176,116,60
19,"9000132A",29,521,305,216
19,"9000132AA",29,1357,966,391
19,"9000135A",29,713,358,355
19,"9000135AA",29,1447,1012,435
19,"9000139B",29,616,334,282
19,"9000139BA",29,1246,877,369
19,"9000142A",29,327,168,159
19,"9000142AA",29,943,750,193
19,"9000149A",29,810,491,319
19,"9000149AA",29,1796,1305,491
19,"9000154A",32,686,379,307
19,"9000154AA",32,2227,1748,479
19,"9000158A",32,772,384,388
19,"9000158AA",32,2155,1481,674
19,"9000160A",29,629,333,296
19,"9000160AA",29,2061,1516,545
19,"9000163A",29,450,228,222
19,"9000163AA",29,1044,746,298
19,"9000165A",29,790,498,292
19,"9000165AA",29,3042,2488,554
19,"9000172A",29,682,394,288
19,"9000172AA",29,2113,1654,459
19,"9000175A",32,367,139,228
19,"9000175AA",32,1053,765,288
19,"9000193A",29,226,137,89
19,"9000193AA",29,467,364,103
19,"9000205B",29,390,222,168
19,"9000205BA",29,953,693,260
19,"9000207C",32,668,289,379
19,"9000207CA",32,1757,1233,524
19,"9000212B",32,1066,492,574
19,"9000212BA",32,2582,1836,746
19,"9000236B",32,508,253,255
19,"9000236BA",32,1355,917,438
19,"9000237A",30,458,351,107
19,"9000237AA",30,1207,1056,151
19,"9000239B",30,395,294,101
19,"9000239BA",30,688,601,87
19,"9000246B",32,834,356,478
19,"9000246BA",32,1690,1166,524
19,"9000255A",32,370,162,208
19,"9000255AA",32,1001,755,246
19,"9000256A",29,126,17,109
19,"9000256AA",29,219,118,101
19,"9000257A",32,533,286,247
19,"9000257AA",32,1917,1459,458
19,"9000259A",32,587,271,316
19,"9000259AA",32,1608,1109,499
19,"9000260A",32,479,257,222
19,"9000260AA",32,2265,1745,520
19,"9000263A",30,748,583,165
19,"9000263AA",30,2529,2227,302
19,"9000268A",32,800,404,396
19,"9000268AA",32,2580,2066,514
19,"9000269B",36,521,359,162
19,"9000269BA",36,1474,1215,259
19,"9000270A",32,739,316,423
19,"9000270AA",32,2133,1402,731
19,"9000272A",30,206,155,51
19,"9000272AA",30,1176,920,256
19,"9000295A",43,414,315,99
19,"9000295AA",43,682,579,103
19,"9000296B",43,478,373,105
19,"9000296BA",43,954,851,103
19,"9000301A",29,521,282,239
19,"9000301AA",29,1300,990,310
19,"9000312A",29,723,369,354
19,"9000312AA",29,1565,1032,533
19,"9000313B",29,374,243,131
19,"9000313BA",29,653,551,102
19,"9000315A",32,855,391,464
19,"9000315AA",32,2715,1701,1014
19,"9000324A",29,394,252,142
19,"9000324AA",29,628,486,142
19,"9000327A",29,503,325,178
19,"9000327AA",29,822,613,209
19,"9000328B",29,354,223,131
19,"9000328BA",29,689,540,149
19,"9000330A",29,578,310,268
19,"9000330AA",29,1228,872,356
19,"9000334A",27,434,164,270
19,"9000334AA",27,1184,751,433
19,"9000341A",36,244,109,135
19,"9000341AA",36,785,515,270
19,"9000342B",27,749,311,438
19,"9000342BA",27,1802,1151,651
19,"9000352A",27,311,140,171
19,"9000352AA",27,805,581,224
19,"9000354A",43,389,287,102
19,"9000354AA",43,601,493,108
19,"9000358B",32,208,111,97
19,"9000358BA",32,636,457,179
19,"9000365A",32,601,262,339
19,"9000365AA",32,1482,1035,447
19,"9000369A",30,639,440,199
19,"9000369AA",30,2247,1879,368
19,"9000385A",29,627,310,317
19,"9000385AA",29,1400,935,465
19,"9000387C",30,52,39,13
19,"9000387CA",30,79,66,13
19,"9000388B",44,103,46,57
19,"9000388BA",44,283,202,81
19,"9000388C",44,668,292,376
19,"9000388CA",44,1800,1154,646
19,"9000392A",29,762,523,239
19,"9000392AA",29,2512,2137,375
19,"9000398B",29,582,328,254
19,"9000398BA",29,1377,1009,368
19,"9000400A",29,692,417,275
19,"9000400AA",29,1183,880,303
19,"9000401B",32,492,222,270
19,"9000401BA",32,1663,1112,551
19,"9000402A",32,649,343,306
19,"9000402AA",32,2302,1772,530
19,"9000405A",29,620,387,233
19,"9000405AA",29,1186,879,307
19,"9000410A",32,973,592,381
19,"9000410AA",32,3548,2910,638
19,"9000416A",30,283,87,196
19,"9000416AA",30,614,285,329
19,"9000419A",29,429,219,210
19,"9000419AA",29,1219,907,312
19,"9000422A",29,732,495,237
19,"9000422AA",29,2556,2087,469
19,"9000424A",29,335,181,154
19,"9000424AA",29,1120,814,306
19,"9000426A",30,841,586,255
19,"9000426AA",30,1754,1422,332
19,"9000427A",44,539,360,179
19,"9000427AA",44,1023,811,212
19,"9000429A",32,1243,735,508
19,"9000429AA",32,2506,1886,620
19,"9000443A",29,427,272,155
19,"9000443AA",29,822,600,222
19,"9000447A",43,25,20,5
19,"9000447AA",43,60,57,3
19,"9000449A",36,548,364,184
19,"9000449AA",36,1957,1550,407
19,"9000452A",36,768,461,307
19,"9000452AA",36,2270,1736,534
19,"9000453AA",36,21,8,13
19,"9000465A",29,482,250,232
19,"9000465AA",29,977,727,250
19,"9000467E",29,371,238,133
19,"9000467EA",29,617,510,107
19,"9000472A",29,374,214,160
19,"9000472AA",29,1153,862,291
19,"9000481A",30,782,539,243
19,"9000481AA",30,1768,1325,443
19,"9000495A",30,208,132,76
19,"9000495AA",30,491,372,119
19,"9000496A",29,392,176,216
19,"9000496AA",29,817,557,260
19,"9000500A",29,259,105,154
19,"9000500AA",29,705,448,257
19,"9000507A",30,361,253,108
19,"9000507AA",30,903,762,141
19,"9000508C",29,434,219,215
19,"9000508CA",29,962,668,294
19,"9000509A",29,360,177,183
19,"9000509AA",29,653,460,193
19,"9000510A",29,361,203,158
19,"9000510AA",29,633,468,165
19,"9000512C",29,245,128,117
19,"9000512CA",29,634,463,171
19,"9000519A",29,622,397,225
19,"9000519AA",29,1088,863,225
19,"9000525C",32,730,375,355
19,"9000525CA",32,1870,1330,540
19,"9000530A",30,801,546,255
19,"9000530AA",30,1904,1478,426
19,"9000532A",29,478,282,196
19,"9000532AA",29,953,691,262
19,"9000534A",29,526,321,205
19,"9000534AA",29,1290,1028,262
19,"9000544A",30,667,454,213
19,"9000544AA",30,1481,1267,214
19,"9000552A",36,149,106,43
19,"9000552AA",36,496,429,67
19,"9000567B",36,722,338,384
19,"9000567BA",36,2361,1655,706
19,"9000568A",29,469,205,264
19,"9000568AA",29,1364,951,413
19,"9000574A",29,446,291,155
19,"9000574AA",29,710,599,111
19,"9000578A",29,282,139,143
19,"9000578AA",29,702,530,172
19,"9000580A",30,634,501,133
19,"9000580AA",30,1612,1388,224
19,"9000599A",28,15,10,5
19,"9000599AA",28,55,51,4
19,"9000601C",30,621,425,196
19,"9000601CA",30,1338,1083,255
19,"9000603A",30,490,395,95
19,"9000603AA",30,917,803,114
19,"9000606A",29,147,83,64
19,"9000606AA",29,412,316,96
19,"9000612A",32,485,177,308
19,"9000612AA",32,1582,945,637
19,"9000622AA",43,21,18,3
19,"9000628A",32,678,271,407
19,"9000628AA",32,2111,1361,750
19,"9000631A",29,435,272,163
19,"9000631AA",29,764,550,214
19,"9000634A",30,488,135,353
19,"9000634AA",30,1010,526,484
19,"9000639A",30,657,180,477
19,"9000639AA",30,1382,748,634
19,"9000641A",30,660,186,474
19,"9000641AA",30,1527,774,753
19,"9000642C",30,783,561,222
19,"9000642CA",30,1793,1420,373
19,"9000648A",44,478,233,245
19,"9000648AA",44,980,733,247
19,"9000668B",29,750,444,306
19,"9000668BA",29,2039,1580,459
19,"9000682A",30,391,264,127
19,"9000682AA",30,818,665,153
19,"9000686A",29,77,51,26
19,"9000686AA",29,168,125,43
19,"9000692A",29,332,183,149
19,"9000692AA",29,710,528,182
19,"9000694A",30,806,572,234
19,"9000694AA",30,3125,2576,549
19,"9000695A",30,484,114,370
19,"9000695AA",30,1009,533,476
19,"9000699B",30,440,364,76
19,"9000699BA",30,2061,1838,223
19,"9000700B",30,41,16,25
19,"9000700BA",30,141,108,33
19,"9000709A",29,667,427,240
19,"9000709AA",29,1013,733,280
19,"9000712A",30,150,113,37
19,"9000712AA",30,754,668,86
19,"9000727A",29,590,358,232
19,"9000727AA",29,1324,1066,258
19,"9000733A",32,629,298,331
19,"9000733AA",32,1552,1103,449
19,"9000736A",29,821,611,210
19,"9000736AA",29,1634,1427,207
19,"9000739A",36,17,10,7
19,"9000739AA",36,36,30,6
19,"9000780B",32,701,359,342
19,"9000780BA",32,1996,1487,509
19,"9000784A",30,96,63,33
19,"9000784AA",30,505,235,270
19,"9000801A",32,739,306,433
19,"9000801AA",32,1942,1285,657
19,"9000819A",30,393,260,133
19,"9000819AA",30,980,836,144
19,"9000826A",30,551,435,116
19,"9000826AA",30,2245,2031,214
19,"9000841A",30,57,31,26
19,"9000841AA",30,263,224,39
19,"9000852B",30,127,109,18
19,"9000852BA",30,400,354,46
19,"9000855A",30,564,468,96
19,"9000855AA",30,2195,2042,153
19,"9000866A",30,397,334,63
19,"9000866AA",30,1977,1809,168
19,"9000867A",43,317,239,78
19,"9000867AA",43,606,521,85
19,"9000871B",30,343,282,61
19,"9000871BA",30,1099,999,100
19,"9000874A",30,623,493,130
19,"9000874AA",30,2143,1893,250
19,"9000933A",30,186,142,44
19,"9000933AA",30,448,352,96
19,"9000942A",44,248,119,129
19,"9000942AA",44,774,504,270
19,"9000956E",30,24,13,11
19,"9000956EA",30,117,90,27
19,"9000966A",30,634,471,163
19,"9000966AA",30,1762,1517,245
19,"9000969A",30,581,445,136
19,"9000969AA",30,1831,1583,248
19,"9000969C",30,9,7,2
19,"9000969CA",30,26,22,4
19,"9000970A",30,613,486,127
19,"9000970AA",30,1683,1510,173
19,"9000978A",29,595,344,251
19,"9000978AA",29,1128,842,286
19,"9000980A",29,26,13,13
19,"9000980AA",29,64,52,12
19,"9000988A",29,722,396,326
19,"9000988AA",29,1969,1518,451
19,"9001001A",44,452,274,178
19,"9001001AA",44,1129,832,297
19,"9001005A",44,608,317,291
19,"9001005AA",44,1510,1029,481
19,"9001019EA",32,110,96,14
19,"9001021A",32,452,205,247
19,"9001021AA",32,1211,868,343
19,"9001027A",32,105,57,48
19,"9001027AA",32,354,234,120
19,"9001029A",32,697,329,368
19,"9001029AA",32,2000,1458,542
19,"9001041A",32,554,268,286
19,"9001041AA",32,2110,1526,584
19,"9001044A",32,843,315,528
19,"9001044AA",32,2449,1613,836
19,"9001061B",43,139,110,29
19,"9001061BA",43,241,193,48
19,"9001065A",29,574,332,242
19,"9001065AA",29,1213,879,334
19,"9001073A",32,178,96,82
19,"9001073AA",32,726,545,181
19,"9001080A",32,196,109,87
19,"9001080AA",32,931,728,203
19,"9001091A",32,817,383,434
19,"9001091AA",32,2611,1934,677
19,"9001094A",32,713,401,312
19,"9001094AA",32,2571,2085,486
19,"9001100A",32,598,212,386
19,"9001100AA",32,1860,1168,692
19,"9001106A",32,671,365,306
19,"9001106AA",32,2465,2021,444
19,"9001113A",32,818,544,274
19,"9001113AA",32,2994,2479,515
19,"9001117A",43,360,279,81
19,"9001117AA",43,335,277,58
19,"9001120A",32,702,407,295
19,"9001120AA",32,2959,2402,557
19,"9001134A",32,208,117,91
19,"9001134AA",32,992,779,213
19,"9001173A",32,1140,711,429
19,"9001173AA",32,3171,2672,499
19,"9001177A",32,351,204,147
19,"9001177AA",32,1290,961,329
19,"9001180A",30,242,152,90
19,"9001180AA",30,969,784,185
19,"9001187A",32,235,136,99
19,"9001187AA",32,797,614,183
19,"9001188A",43,361,260,101
19,"9001188AA",43,502,418,84
19,"9001195A",30,190,137,53
19,"9001195AA",30,773,641,132
19,"9001196A",30,708,505,203
19,"9001196AA",30,2603,2187,416
19,"9001199A",30,684,422,262
19,"9001199AA",30,2625,2050,575
19,"9001201A",30,714,464,250
19,"9001201AA",30,2041,1648,393
19,"9001212A",32,541,319,222
19,"9001212AA",32,1615,1259,356
19,"9001219C",32,14,2,12
19,"9001219CA",32,25,11,14
19,"9001226A",32,568,358,210
19,"9001226AA",32,2273,1765,508
19,"9001243A",36,744,534,210
19,"9001243AA",36,1339,1139,200
19,"9001256B",36,622,324,298
19,"9001256BA",36,2279,1756,523
19,"9001276A",32,468,210,258
19,"9001276AA",32,1019,674,345
19,"9001284A",36,853,634,219
19,"9001284AA",36,2848,2488,360
19,"9001299B",36,271,170,101
19,"9001299BA",36,891,726,165
19,"9001310A",32,720,411,309
19,"9001310AA",32,2490,1858,632
19,"9001317C",32,566,323,243
19,"9001317CA",32,1832,1434,398
19,"9001320A",43,34,33,1
19,"9001320AA",43,204,187,17
19,"9001320B",43,21,19,2
19,"9001320BA",43,80,76,4
19,"9001329A",32,176,92,84
19,"9001329AA",32,845,624,221
19,"9001334A",36,599,243,356
19,"9001334AA",36,2151,1393,758
19,"9001352A",32,398,152,246
19,"9001352AA",32,1386,877,509
19,"9001364B",32,494,264,230
19,"9001364BA",32,1735,1226,509
19,"9001366A",32,614,305,309
19,"9001366AA",32,2453,1693,760
19,"9001367B",32,619,281,338
19,"9001367BA",32,2910,1893,1017
19,"9001380A",43,11,9,2
19,"9001380AA",43,69,64,5
19,"9001382A",32,448,242,206
19,"9001382AA",32,1763,1310,453
19,"9001390A",43,64,54,10
19,"9001390AA",43,126,111,15
19,"9001390DA",43,16,12,4
19,"9001393C",30,16,9,7
19,"9001393CA",30,42,39,3
19,"9001395A",36,827,497,330
19,"9001395AA",36,2616,1992,624
19,"9001408A",32,367,143,224
19,"9001408AA",32,1377,844,533
19,"9001412A",32,69,32,37
19,"9001412AA",32,278,173,105
19,"9001427B",43,76,61,15
19,"9001427BA",43,92,84,8
19,"9001428A",30,692,491,201
19,"9001428AA",30,1792,1540,252
19,"9001430A",30,239,164,75
19,"9001430AA",30,913,754,159
19,"9001434A",43,424,334,90
19,"9001434AA",43,1120,974,146
19,"9001436A",30,663,393,270
19,"9001436AA",30,2034,1594,440
19,"9001441A",30,707,375,332
19,"9001441AA",30,1918,1396,522
19,"9001454A",36,710,424,286
19,"9001454AA",36,2773,2187,586
19,"9001474A",36,394,234,160
19,"9001474AA",36,1815,1454,361
19,"9001476A",36,470,299,171
19,"9001476AA",36,2084,1659,425
19,"9001479B",44,662,322,340
19,"9001479BA",44,1574,1162,412
19,"9001487A",44,723,318,405
19,"9001487AA",44,1886,1292,594
19,"9001488B",30,475,334,141
19,"9001488BA",30,1417,1159,258
19,"9001516A",36,473,303,170
19,"9001516AA",36,1779,1471,308
19,"9001532A",36,529,393,136
19,"9001532AA",36,1437,1254,183
19,"9001533A",36,159,117,42
19,"9001533AA",36,550,477,73
19,"9001542A",36,569,417,152
19,"9001542AA",36,1178,1025,153
19,"9001547A",36,673,522,151
19,"9001547AA",36,1863,1652,211
19,"9001553B",36,891,618,273
19,"9001553BA",36,2750,2382,368
19,"9001560A",36,541,344,197
19,"9001560AA",36,2581,2081,500
19,"9001565A",36,579,412,167
19,"9001565AA",36,2209,1918,291
19,"9001569A",36,629,438,191
19,"9001569AA",36,2625,2222,403
19,"9001574A",43,295,223,72
19,"9001574AA",43,587,516,71
19,"9001575A",30,708,474,234
19,"9001575AA",30,1620,1330,290
19,"9001578A",30,625,469,156
19,"9001578AA",30,1073,900,173
19,"9001605A",30,760,553,207
19,"9001605AA",30,2504,2046,458
19,"9001608A",30,541,234,307
19,"9001608AA",30,1863,1139,724
19,"9001610A",44,901,362,539
19,"9001610AA",44,2031,1347,684
19,"9001621B",30,23,13,10
19,"9001621BA",30,127,107,20
19,"9001622A",36,596,406,190
19,"9001622AA",36,1680,1406,274
19,"9001624B",30,161,112,49
19,"9001624BA",30,750,571,179
19,"9001625A",30,44,28,16
19,"9001625AA",30,176,142,34
19,"9001642A",43,406,242,164
19,"9001642AA",43,914,638,276
19,"9001647A",30,705,466,239
19,"9001647AA",30,1962,1498,464
19,"9001650A",44,471,280,191
19,"9001650AA",44,791,578,213
19,"9001658C",44,37,23,14
19,"9001658CA",44,38,28,10
19,"9001662A",44,554,334,220
19,"9001662AA",44,867,669,198
19,"9001665A",32,827,478,349
19,"9001665AA",32,2686,2179,507
19,"9001666A",32,761,445,316
19,"9001666AA",32,2558,2041,517
19,"9001683A",44,479,277,202
19,"9001683AA",44,930,687,243
19,"9001691A",44,351,240,111
19,"9001691AA",44,629,490,139
19,"9001695A",32,369,136,233
19,"9001695AA",32,816,529,287
19,"9001696A",44,578,368,210
19,"9001696AA",44,1052,860,192
19,"9001701B",44,363,218,145
19,"9001701BA",44,549,428,121
19,"9001707B",36,14,11,3
19,"9001707BA",36,21,13,8
19,"9001727A",43,140,104,36
19,"9001727AA",43,350,311,39
19,"9001734A",44,524,355,169
19,"9001734AA",44,766,620,146
19,"9001737A",30,300,214,86
19,"9001737AA",30,770,667,103
19,"9001754A",27,674,220,454
19,"9001754AA",27,1658,930,728
19,"9001756A",30,223,141,82
19,"9001756AA",30,1004,747,257
19,"9001758A",29,281,128,153
19,"9001758AA",29,693,477,216
19,"9001780A",43,160,134,26
19,"9001780AA",43,169,136,33
19,"9001799A",43,333,270,63
19,"9001799AA",43,537,441,96
19,"9001800A",32,517,292,225
19,"9001800AA",32,1135,828,307
19,"9001808A",32,474,214,260
19,"9001808AA",32,1187,819,368
19,"9001812A",29,571,305,266
19,"9001812AA",29,1775,1357,418
19,"9001825B",32,668,374,294
19,"9001825BA",32,1833,1349,484
19,"9001826A",29,679,402,277
19,"9001826AA",29,1661,1221,440
19,"9001833A",29,1110,822,288
19,"9001833AA",29,3185,2806,379
19,"9001852A",32,141,79,62
19,"9001852AA",32,432,319,113
19,"9001861A",32,243,130,113
19,"9001861AA",32,760,633,127
19,"9001873A",29,363,217,146
19,"9001873AA",29,823,584,239
19,"9001874A",36,432,264,168
19,"9001874AA",36,1504,1175,329
19,"9001884A",36,398,246,152
19,"9001884AA",36,1982,1542,440
19,"9001888A",29,330,183,147
19,"9001888AA",29,1007,719,288
19,"9001921A",29,153,104,49
19,"9001921AA",29,308,255,53
19,"9001923A",29,548,278,270
19,"9001923AA",29,1353,970,383
19,"9001944A",29,430,232,198
19,"9001944AA",29,1018,739,279
19,"9001946B",32,16,9,7
19,"9001946BA",32,106,76,30
19,"9001946E",32,36,20,16
19,"9001946EA",32,157,108,49
19,"9001946F",32,11,8,3
19,"9001946FA",32,61,55,6
19,"9001948A",29,914,382,532
19,"9001948AA",29,2080,1496,584
19,"9001959A",43,306,237,69
19,"9001959AA",43,540,449,91
19,"9001962A",29,528,347,181
19,"9001962AA",29,1501,1228,273
19,"9001999A",32,433,180,253
19,"9001999AA",32,1187,802,385
19,"9002013A",29,360,197,163
19,"9002013AA",29,897,686,211
19,"9002119A",29,371,211,160
19,"9002119AA",29,918,683,235
19,"9002131B",29,420,229,191
19,"9002131BA",29,1245,874,371
19,"9002170A",30,547,430,117
19,"9002170AA",30,1450,1307,143
19,"9002176A",29,445,231,214
19,"9002176AA",29,1020,722,298
19,"9002182A",43,544,434,110
19,"9002182AA",43,1507,1291,216
19,"9002186A",36,647,374,273
19,"9002186AA",36,2582,2011,571
19,"9002199C",43,12,7,5
19,"9002199CA",43,12,10,2
19,"9002209A",29,500,266,234
19,"9002209AA",29,1360,965,395
19,"9002220A",29,321,180,141
19,"9002220AA",29,656,505,151
19,"9002234A",30,509,370,139
19,"9002234AA",30,1358,1187,171
19,"9002238A",30,435,258,177
19,"9002238AA",30,1358,1074,284
19,"9002238C",30,70,38,32
19,"9002238CA",30,158,110,48
19,"9002250C",30,658,425,233
19,"9002250CA",30,1929,1610,319
19,"9002256B",30,319,125,194
19,"9002256BA",30,479,264,215
19,"9002262A",30,681,459,222
19,"9002262AA",30,2028,1597,431
19,"9002269A",29,335,185,150
19,"9002269AA",29,684,481,203
19,"9002272A",30,614,385,229
19,"9002272AA",30,2435,1953,482
19,"9002280A",30,151,109,42
19,"9002280AA",30,496,419,77
19,"9002288A",29,230,97,133
19,"9002288AA",29,544,372,172
19,"9002293B",29,368,137,231
19,"9002293BA",29,789,450,339
19,"9002294A",29,33,19,14
19,"9002294AA",29,113,83,30
19,"9002301A",29,538,321,217
19,"9002301AA",29,1194,894,300
19,"9002305A",29,457,245,212
19,"9002305AA",29,1047,787,260
19,"9002308A",29,327,190,137
19,"9002308AA",29,940,728,212
19,"9002313A",29,369,234,135
19,"9002313AA",29,998,851,147
19,"9002314A",29,166,99,67
19,"9002314AA",29,195,141,54
19,"9002318A",29,345,214,131
19,"9002318AA",29,783,573,210
19,"9002319A",29,257,177,80
19,"9002319AA",29,605,470,135
19,"9002332A",36,285,119,166
19,"9002332AA",36,958,634,324
19,"9002338A",44,495,355,140
19,"9002338AA",44,676,532,144
19,"9002366A",29,461,289,172
19,"9002366AA",29,864,661,203
19,"9002368A",36,734,499,235
19,"9002368AA",36,2747,2343,404
19,"9002388A",36,851,590,261
19,"9002388AA",36,2323,1965,358
19,"9002390A",29,54,25,29
19,"9002390AA",29,222,178,44
19,"9002395A",36,692,446,246
19,"9002395AA",36,3223,2609,614
19,"9002397A",36,509,343,166
19,"9002397AA",36,1970,1667,303
19,"9002405A",36,115,63,52
19,"9002405AA",36,403,305,98
19,"9002415A",36,644,379,265
19,"9002415AA",36,2079,1612,467
19,"9002420A",36,170,113,57
19,"9002420AA",36,592,470,122
19,"9002423A",36,788,502,286
19,"9002423AA",36,2635,2095,540
19,"9002425B",44,610,363,247
19,"9002425BA",44,1556,1085,471
19,"9002429A",36,647,403,244
19,"9002429AA",36,1835,1350,485
19,"9002440A",44,27,20,7
19,"9002440AA",44,51,35,16
19,"9002494A",43,206,150,56
19,"9002494AA",43,339,275,64
19,"9002510A",43,586,453,133
19,"9002510AA",43,972,870,102
19,"9002514A",27,221,85,136
19,"9002514AA",27,544,346,198
19,"9002520A",43,420,312,108
19,"9002520AA",43,710,594,116
19,"9002521A",43,353,251,102
19,"9002521AA",43,519,436,83
19,"9002529A",43,353,260,93
19,"9002529AA",43,815,700,115
19,"9002533A",30,58,42,16
19,"9002533AA",30,257,201,56
19,"9002534A",43,317,233,84
19,"9002534AA",43,455,381,74
19,"9002537A",43,253,188,65
19,"9002537AA",43,401,329,72
19,"9002542B",43,322,242,80
19,"9002542BA",43,465,396,69
19,"9002548A",43,234,162,72
19,"9002548AA",43,455,389,66
19,"9002555A",43,299,230,69
19,"9002555AA",43,540,459,81
19,"9002560A",43,459,344,115
19,"9002560AA",43,664,550,114
19,"9002562B",36,794,472,322
19,"9002562BA",36,2809,2116,693
19,"9002566A",43,310,233,77
19,"9002566AA",43,566,487,79
19,"9002568A",43,391,303,88
19,"9002568AA",43,627,511,116
19,"9002597A",44,545,335,210
19,"9002597AA",44,799,626,173
19,"9002607A",30,301,198,103
19,"9002607AA",30,962,770,192
19,"9002636A",44,520,329,191
19,"9002636AA",44,1046,829,217
19,"9002667B",44,533,317,216
19,"9002667BA",44,973,762,211
19,"9002688A",44,465,197,268
19,"9002688AA",44,1799,1127,672
19,"9002697A",29,507,313,194
19,"9002697AA",29,917,649,268
19,"9002796A",30,212,62,150
19,"9002796AA",30,307,162,145
19,"9002853A",32,102,72,30
19,"9002853AA",32,296,246,50
19,"9002859A",43,10,9,1
19,"9002876A",30,71,48,23
19,"9002876AA",30,126,94,32
19,"9002878A",29,606,374,232
19,"9002878AA",29,1100,792,308
19,"9002891A",36,338,267,71
19,"9002891AA",36,780,699,81
19,"9002894A",29,564,301,263
19,"9002894AA",29,1364,977,387
19,"9002901A",32,678,404,274
19,"9002901AA",32,1982,1524,458
19,"9002903A",29,564,371,193
19,"9002903AA",29,1015,806,209
19,"9002910A",43,495,311,184
19,"9002910AA",43,1620,1152,468
19,"9002913A",36,584,405,179
19,"9002913AA",36,1720,1496,224
19,"9002923A",32,191,123,68
19,"9002923AA",32,427,340,87
19,"9002945A",32,583,209,374
19,"9002945AA",32,1879,1077,802
19,"9002949A",29,256,136,120
19,"9002949AA",29,611,441,170
19,"9002954A",36,118,88,30
19,"9002954AA",36,271,232,39
19,"9002954C",36,45,25,20
19,"9002954CA",36,178,141,37
19,"9002956A",29,318,198,120
19,"9002956AA",29,679,555,124
19,"9002967A",32,622,297,325
19,"9002967AA",32,1640,1107,533
19,"9002972A",32,658,380,278
19,"9002972AA",32,1737,1279,458
19,"9002978A",32,560,308,252
19,"9002978AA",32,1112,824,288
19,"9002992A",32,648,339,309
19,"9002992AA",32,1824,1361,463
19,"9003004A",27,633,244,389
19,"9003004AA",27,1662,1061,601
19,"9003013A",27,1169,432,737
19,"9003013AA",27,3391,2046,1345
19,"9003036A",36,680,399,281
19,"9003036AA",36,2701,2171,530
19,"9003043A",29,691,380,311
19,"9003043AA",29,1722,1281,441
19,"9003070A",29,418,278,140
19,"9003070AA",29,836,663,173
19,"9003073A",29,504,327,177
19,"9003073AA",29,1077,836,241
19,"9003078A",36,841,508,333
19,"9003078AA",36,2369,1809,560
19,"9003090A",29,804,493,311
19,"9003090AA",29,2969,2390,579
19,"9003122A",32,595,240,355
19,"9003122AA",32,2158,1437,721
19,"9003150A",36,1514,1330,184
19,"9003150AA",36,680,607,73
19,"9003181A",30,519,212,307
19,"9003181AA",30,1641,934,707
19,"9003187A",44,782,474,308
19,"9003187AA",44,1657,1227,430
19,"9003213A",29,10,8,2
19,"9003213AA",29,10,9,1
19,"9003224A",44,337,184,153
19,"9003224AA",44,599,444,155
19,"9003326AA",30,13,6,7
19,"9003327AA",36,20,12,8
19,"9003357A",36,12,6,6
19,"9003357AA",36,58,46,12
19,"9003374A",30,719,222,497
19,"9003374AA",30,1317,774,543
19,"9003389A",43,267,219,48
19,"9003389AA",43,313,266,47
19,"9003432AA",32,26,20,6
19,"9003449A",29,143,64,79
19,"9003449AA",29,449,276,173
19,"9003465A",32,97,46,51
19,"9003465AA",32,436,309,127
19,"9003469A",30,68,46,22
19,"9003469AA",30,287,187,100
19,"9003520D",30,493,363,130
19,"9003520DA",30,1447,1194,253
19,"9003538A",30,326,205,121
19,"9003538AA",30,1260,995,265
19,"9003552A",36,890,773,117
19,"9003552AA",36,677,605,72
19,"9003574A",30,9,7,2
19,"9003574AA",30,19,17,2
19,"9003587A",43,192,140,52
19,"9003587AA",43,440,373,67
19,"9003600B",32,562,323,239
19,"9003600BA",32,1263,927,336
19,"9003606A",29,535,262,273
19,"9003606AA",29,1466,959,507
19,"9003663B",44,576,335,241
19,"9003663BA",44,997,786,211
19,"9003803A",36,25,14,11
19,"9003803AA",36,38,26,12
19,"9003897A",44,41,22,19
19,"9003897AA",44,85,68,17
19,"9003926A",32,51,14,37
19,"9003926AA",32,90,43,47
19,"9003926B",32,11,2,9
19,"9003926BA",32,75,49,26
19,"9003981D",30,22,16,6
19,"9003981DA",30,173,131,42
19,"9003988A",30,748,615,133
19,"9003988AA",30,2336,2125,211
19,"9003989AA",32,23,15,8
19,"9003991A",30,374,259,115
19,"9003991AA",30,849,637,212
19,"9004123A",32,537,196,341
19,"9004123AA",32,1790,1105,685
19,"9004205A",29,666,364,302
19,"9004205AA",29,1627,1168,459
19,"9004215A",44,449,213,236
19,"9004215AA",44,1425,987,438
19,"9004216A",30,132,89,43
19,"9004216AA",30,237,197,40
19,"9004230A",30,282,182,100
19,"9004230AA",30,1200,989,211
19,"9004235AA",36,12,6,6
19,"9004241A",32,488,242,246
19,"9004241AA",32,1397,1034,363
19,"9005025AA",27,37,23,14
19,"9005110A",29,377,215,162
19,"9005110AA",29,1093,758,335
19,"9005118A",30,520,382,138
19,"9005118AA",30,1684,1452,232
19,"9005124A",30,761,563,198
19,"9005124AA",30,2736,2453,283
19,"9005139A",29,685,419,266
19,"9005139AA",29,2030,1654,376
19,"9005145C",29,614,279,335
19,"9005145CA",29,2154,1628,526
19,"9005152A",32,919,594,325
19,"9005152AA",32,3651,3067,584
19,"9005161B",32,48,26,22
19,"9005161BA",32,147,113,34
19,"9005177A",30,10,9,1
19,"9005177AA",30,14,12,2
19,"9005188A",29,399,235,164
19,"9005188AA",29,735,610,125
19,"9005197A",32,121,81,40
19,"9005197AA",32,619,531,88
19,"9005291A",36,602,426,176
19,"9005291AA",36,2221,1864,357
19,"9005424A",36,692,509,183
19,"9005424AA",36,1965,1661,304
19,"9005428A",32,541,221,320
19,"9005428AA",32,1657,1021,636
19,"9005520A",32,909,424,485
19,"9005520AA",32,2719,1954,765
19,"9005646A",30,937,307,630
19,"9005646AA",30,1486,862,624
19,"9005662A",29,495,258,237
19,"9005662AA",29,996,735,261
19,"9005667A",30,370,100,270
19,"9005667AA",30,845,463,382
19,"9005670A",29,346,215,131
19,"9005670AA",29,720,573,147
19,"9005778A",30,466,357,109
19,"9005778AA",30,1438,1182,256
19,"9005816A",32,279,181,98
19,"9005816AA",32,815,698,117
19,"9005833A",32,592,324,268
19,"9005833AA",32,2348,1791,557
19,"9005918A",32,330,222,108
19,"9005918AA",32,1202,973,229
19,"9005919A",32,851,460,391
19,"9005919AA",32,3269,2288,981
19,"9005929A",32,509,239,270
19,"9005929AA",32,2383,1650,733
19,"9005934F",36,11,8,3
19,"9005934FA",36,47,44,3
19,"9006197A",29,719,343,376
19,"9006197AA",29,1706,1147,559
19,"9006212A",29,761,383,378
19,"9006212AA",29,1544,1090,454
19,"9006220A",27,552,184,368
19,"9006220AA",27,1343,778,565
19,"9006222A",29,618,381,237
19,"9006222AA",29,1327,994,333
19,"9006232A",27,520,165,355
19,"9006232AA",27,1615,916,699
19,"9006246A",27,700,246,454
19,"9006246AA",27,2078,1157,921
19,"9006248A",27,706,218,488
19,"9006248AA",27,2327,1277,1050
19,"9006255A",27,855,336,519
19,"9006255AA",27,2071,1208,863
19,"9006267A",32,737,300,437
19,"9006267AA",32,2303,1519,784
19,"9006268B",32,129,53,76
19,"9006268BA",32,460,325,135
19,"9006269A",27,956,331,625
19,"9006269AA",27,2942,1726,1216
19,"9006274A",32,526,246,280
19,"9006274AA",32,1240,806,434
19,"9006288A",32,778,409,369
19,"9006288AA",32,1978,1339,639
19,"9006297A",32,217,101,116
19,"9006297AA",32,545,409,136
19,"9006302A",30,362,292,70
19,"9006302AA",30,1295,1141,154
19,"9006305A",30,497,344,153
19,"9006305AA",30,1687,1396,291
19,"9006368A",36,293,115,178
19,"9006368AA",36,896,543,353
19,"9006389A",44,546,248,298
19,"9006389AA",44,1371,936,435
19,"9006390A",44,536,258,278
19,"9006390AA",44,1037,740,297
19,"9006391A",44,584,289,295
19,"9006391AA",44,1260,866,394
19,"9006406A",32,599,342,257
19,"9006406AA",32,1228,912,316
19,"9006436A",32,753,364,389
19,"9006436AA",32,1965,1375,590
19,"9006441A",32,548,280,268
19,"9006441AA",32,1445,1061,384
19,"9006443A",32,634,330,304
19,"9006443AA",32,1461,1073,388
19,"9006445A",32,713,378,335
19,"9006445AA",32,1383,1017,366
19,"9006471B",32,602,283,319
19,"9006471BA",32,1719,1231,488
19,"9006490B",32,788,348,440
19,"9006490BA",32,2052,1370,682
19,"9006601B",32,728,266,462
19,"9006601BA",32,2237,1563,674
19,"9006611A",32,623,305,318
19,"9006611AA",32,1508,1107,401
19,"9006618C",32,373,179,194
19,"9006618CA",32,1151,863,288
19,"9006629A",32,841,276,565
19,"9006629AA",32,1743,1097,646
19,"9006667A",32,465,224,241
19,"9006667AA",32,1988,1386,602
19,"9006917A",43,354,279,75
19,"9006917AA",43,590,481,109
19,"9007132A",32,475,299,176
19,"9007132AA",32,2114,1752,362
19,"9007222B",30,21,19,2
19,"9007222BA",30,79,72,7
19,"9007228B",30,510,384,126
19,"9007228BA",30,1898,1597,301
19,"9007311A",30,765,227,538
19,"9007311AA",30,1490,850,640
19,"9007321A",30,729,188,541
19,"9007321AA",30,1257,610,647
19,"9007341A",29,259,127,132
19,"9007341AA",29,504,347,157
19,"9007388A",32,818,547,271
19,"9007388AA",32,2210,1806,404
19,"9007393A",32,79,57,22
19,"9007393AA",32,202,151,51
19,"9007674A",32,745,209,536
19,"9007674AA",32,2140,1320,820
19,"9007693D",32,572,234,338
19,"9007693DA",32,2305,1514,791
19,"9007745A",29,727,400,327
19,"9007745AA",29,1635,1172,463
19,"9007803A",32,832,365,467
19,"9007803AA",32,1825,1199,626
19,"9007838A",32,800,424,376
19,"9007838AA",32,1800,1267,533
19,"9007853A",32,621,291,330
19,"9007853AA",32,1381,914,467
19,"9007857B",32,375,203,172
19,"9007857BA",32,950,673,277
19,"9007864A",32,626,363,263
19,"9007864AA",32,1471,1103,368
19,"9007884A",32,662,371,291
19,"9007884AA",32,1714,1251,463
19,"9007888A",32,668,360,308
19,"9007888AA",32,1641,1167,474
19,"9007902A",32,164,86,78
19,"9007902AA",32,401,317,84
19,"9007927A",32,767,331,436
19,"9007927AA",32,2410,1605,805
19,"9007936AA",32,63,41,22
19,"9007954A",32,736,294,442
19,"9007954AA",32,1608,1141,467
19,"9007957A",32,948,396,552
19,"9007957AA",32,2494,1728,766
19,"9007985A",32,578,266,312
19,"9007985AA",32,1954,1406,548
19,"9007985F",32,16,4,12
19,"9007985FA",32,37,30,7
19,"9008148A",29,523,325,198
19,"9008148AA",29,1174,864,310
19,"CNTYTOT",0,3324096,2273160,1050936
19,"AD34_TOT",0,62992,27860,35132
19,"AD39_TOT",0,71748,43583,28165
19,"AD41_TOT",0,176291,117987,58304
19,"AD40_TOT",0,232593,123428,109165
19,"AD42_TOT",0,83606,51920,31686
19,"AD49_TOT",0,151592,100025,51567
19,"AD61_TOT",0,164817,130309,34508
19,"AD67_TOT",0,32722,18400,14322
19,"AD65_TOT",0,131097,99077,32020
19,"AD69_TOT",0,177255,124564,52691
19,"AD56_TOT",0,168983,100300,68683
19,"AD48_TOT",0,163714,97875,65839
19,"AD54_TOT",0,68927,62142,6785
19,"AD64_TOT",0,142273,89973,52300
19,"AD62_TOT",0,129850,88980,40870
19,"AD52_TOT",0,133344,115722,17622
19,"AD51_TOT",0,213044,160495,52549
19,"AD44_TOT",0,224439,144552,79887
19,"AD55_TOT",0,158319,146740,11579
19,"AD46_TOT",0,173608,113251,60357
19,"AD66_TOT",0,221995,134727,87268
19,"AD57_TOT",0,70449,66311,4138
19,"AD53_TOT",0,40888,27214,13674
19,"AD43_TOT",0,129550,87725,41825
19,"CD28_TOT",0,274445,187612,86833
19,"CD27_TOT",0,300090,154040,146050
19,"CD30_TOT",0,311659,213100,98559
19,"CD32_TOT",0,320493,212328,108165
19,"CD26_TOT",0,27595,15629,11966
19,"CD29_TOT",0,209686,146312,63374
19,"CD43_TOT",0,213232,160080,53152
19,"CD23_TOT",0,4561,2155,2406
19,"CD45_TOT",0,33906,19066,14840
19,"CD42_TOT",0,233563,159153,74410
19,"CD31_TOT",0,247951,148095,99856
19,"CD38_TOT",0,252517,152498,100019
19,"CD44_TOT",0,230852,164765,66087
19,"CD36_TOT",0,357987,246002,111985
19,"CD35_TOT",0,39801,26567,13234
19,"SD23_TOT",0,272732,139176,133556
19,"SD25_TOT",0,386081,247462,138619
19,"SD20_TOT",0,271730,177909,93821
19,"SD24_TOT",0,466613,310342,156271
19,"SD35_TOT",0,268812,203399,65413
19,"SD36_TOT",0,32722,18400,14322
19,"SD33_TOT",0,311045,220453,90592
19,"SD30_TOT",0,321659,197117,124542
19,"SD22_TOT",0,214017,129616,84401
19,"SD26_TOT",0,178987,164767,14220
19,"SD28_TOT",0,230346,215384,14962
19,"SD27_TOT",0,292276,193258,99018
19,"SD34_TOT",0,23431,14477,8954
19,"SD00_TOT",0,53645,41400,12245
19,"BE03_TOT",0,3324096,2273160,1050936
19,"SOV_CD23",0,4561,2155,2406
19,"SOV_CD26",0,27595,15629,11966
19,"SOV_CD27",0,300090,154040,146050
19,"SOV_CD28",0,274445,187612,86833
19,"SOV_CD29",0,209686,146312,63374
19,"SOV_CD30",0,311659,213100,98559
19,"SOV_CD31",0,247951,148095,99856
19,"SOV_CD32",0,320493,212328,108165
19,"SOV_CD35",0,39801,26567,13234
19,"SOV_CD36",0,357987,246002,111985
19,"SOV_CD38",0,252517,152498,100019
19,"SOV_CD42",0,233563,159153,74410
19,"SOV_CD43",0,213232,160080,53152
19,"SOV_CD44",0,230852,164765,66087
19,"SOV_CD45",0,33906,19066,14840
21,"10901",2,291,197,94
21,"10901A",2,3978,3319,659
21,"10903",2,260,185,75
21,"10903A",2,2784,2259,525
21,"10904",2,13,5,8
21,"10904A",2,182,132,50
21,"10905",2,371,265,106
21,"10905A",2,3157,2718,439
21,"10907",2,110,68,42
21,"10907A",2,1210,957,253
21,"10908A",2,31,27,4
21,"10909",2,74,54,20
21,"10909A",2,597,485,112
21,"10912",2,29,22,7
21,"10912A",2,352,306,46
21,"10914",2,126,83,43
21,"10914A",2,1168,934,234
21,"10915",2,252,168,84
21,"10915A",2,2676,2105,571
21,"10916",2,34,29,5
21,"10916A",2,254,217,37
21,"10919",2,232,136,96
21,"10919A",2,2330,1864,466
21,"11220",2,188,136,52
21,"11220A",2,3060,2545,515
21,"11223",2,68,44,24
21,"11223A",2,905,717,188
21,"11224",2,194,138,56
21,"11224A",2,2186,1814,372
21,"11226A",2,17,13,4
21,"11227",2,58,29,29
21,"11227A",2,687,519,168
21,"20301",2,601,490,111
21,"20301A",2,3159,2795,364
21,"20302",2,230,194,36
21,"20302A",2,984,901,83
21,"20403",2,41,29,12
21,"20403A",2,314,274,40
21,"20404",2,49,34,15
21,"20404A",2,367,312,55
21,"20405",2,363,256,107
21,"20405A",2,2522,2099,423
21,"20407",2,243,154,89
21,"20407A",2,2249,1867,382
21,"20408",2,38,25,13
21,"20408A",2,430,341,89
21,"20709",2,117,72,45
21,"20709A",2,1269,927,342
21,"20811",2,381,300,81
21,"20811A",2,3386,2940,446
21,"20812",2,113,90,23
21,"20812A",2,905,792,113
21,"20813",2,381,287,94
21,"20813A",2,2875,2513,362
21,"20915",2,99,71,28
21,"20915A",2,1151,1024,127
21,"20916A",2,26,20,6
21,"20917",2,193,134,59
21,"20917A",2,1499,1287,212
21,"20919A",2,29,22,7
21,"21221",2,173,132,41
21,"21221A",2,1875,1565,310
21,"21222A",2,59,58,1
21,"21223",2,251,163,88
21,"21223A",2,2592,2086,506
21,"21224",2,134,86,48
21,"21224A",2,1090,833,257
21,"21225",2,15,8,7
21,"21225A",2,208,138,70
21,"21226",2,33,25,8
21,"21226A",2,222,186,36
21,"21227",2,36,24,12
21,"21227A",2,271,229,42
21,"30101",2,91,51,40
21,"30101A",2,1194,820,374
21,"30503",2,341,282,59
21,"30503A",2,3735,3310,425
21,"30504A",2,12,7,5
21,"30506",2,254,195,59
21,"30506A",2,3032,2624,408
21,"30507",2,131,99,32
21,"30507A",2,1405,1261,144
21,"31008",2,498,356,142
21,"31008A",2,2850,2368,482
21,"31009",2,206,132,74
21,"31009A",2,1087,904,183
21,"31110",2,341,210,131
21,"31110A",2,3096,2346,750
21,"31111",2,167,112,55
21,"31111A",2,1358,1032,326
21,"31112",2,52,34,18
21,"31112A",2,464,332,132
21,"31213",2,202,150,52
21,"31213A",2,1741,1500,241
21,"31214",2,343,268,75
21,"31214A",2,2467,2120,347
21,"31215",2,147,116,31
21,"31215A",2,1010,890,120
21,"31217",2,84,72,12
21,"31217A",2,437,398,39
21,"31218A",2,35,29,6
21,"31219",2,9,8,1
21,"31219A",2,83,70,13
21,"31220",2,257,198,59
21,"31220A",2,834,682,152
21,"31221",2,271,185,86
21,"31221A",2,2204,1755,449
21,"31222",2,50,27,23
21,"31222A",2,634,465,169
21,"31224",2,15,13,2
21,"31224A",2,53,46,7
21,"40201",2,416,290,126
21,"40201A",2,3567,3019,548
21,"40203",2,64,48,16
21,"40203A",2,958,749,209
21,"40205",2,68,48,20
21,"40205A",2,798,664,134
21,"40406",2,71,54,17
21,"40406A",2,434,345,89
21,"40408",2,63,40,23
21,"40408A",2,387,318,69
21,"40611",2,53,30,23
21,"40611A",2,481,344,137
21,"40613",2,68,30,38
21,"40613A",2,705,520,185
21,"40614",2,106,50,56
21,"40614A",2,973,677,296
21,"40615",2,82,43,39
21,"40615A",2,737,533,204
21,"40616",2,34,21,13
21,"40616A",2,268,186,82
21,"40617",2,78,45,33
21,"40617A",2,710,544,166
21,"40918",2,408,304,104
21,"40918A",2,1735,1412,323
21,"40919",2,39,25,14
21,"40919A",2,308,269,39
21,"40920",2,29,18,11
21,"40920A",2,180,162,18
21,"40921",2,22,14,8
21,"40921A",2,129,103,26
21,"41222A",2,193,107,86
21,"41223",2,34,18,16
21,"41223A",2,488,331,157
21,"41224",2,167,146,21
21,"41224A",2,1380,1264,116
21,"41225A",2,29,16,13
21,"41226",2,413,355,58
21,"41226A",2,2360,2069,291
21,"41227",2,36,15,21
21,"41227A",2,412,309,103
21,"41229",2,186,160,26
21,"41229A",2,637,584,53
21,"41230",2,23,9,14
21,"41230A",2,229,155,74
21,"41231",2,27,26,1
21,"41231A",2,314,281,33
21,"41235",2,59,52,7
21,"41235A",2,667,601,66
21,"41237",2,199,165,34
21,"41237A",2,1422,1261,161
21,"41238A",2,79,65,14
21,"41239A",2,76,64,12
21,"41240",2,13,7,6
21,"41240A",2,100,78,22
21,"50601",2,338,191,147
21,"50601A",2,3611,2666,945
21,"50602",2,113,72,41
21,"50602A",2,638,492,146
21,"50603",2,85,51,34
21,"50603A",2,529,411,118
21,"50604",2,290,161,129
21,"50604A",2,2090,1580,510
21,"50605A",2,11,10,1
21,"50606",2,23,15,8
21,"50606A",2,168,117,51
21,"50607",2,69,49,20
21,"50607A",2,197,148,49
21,"50608",2,103,72,31
21,"50608A",2,517,389,128
21,"50609",2,319,202,117
21,"50609A",2,1964,1495,469
21,"50610",2,155,85,70
21,"50610A",2,1278,929,349
21,"50611",2,42,25,17
21,"50611A",2,621,467,154
21,"50612A",2,67,42,25
21,"50614",2,387,249,138
21,"50614A",2,2416,1887,529
21,"50615",2,194,91,103
21,"50615A",2,1715,1151,564
21,"50616",2,59,41,18
21,"50616A",2,668,524,144
21,"50617",2,315,205,110
21,"50617A",2,1847,1443,404
21,"50618",2,56,37,19
21,"50618A",2,766,617,149
21,"50619",2,168,125,43
21,"50619A",2,1088,861,227
21,"50620",2,9,8,1
21,"50620A",2,348,285,63
21,"51221",2,57,30,27
21,"51221A",2,667,447,220
21,"51222A",2,15,5,10
21,"51223",2,36,20,16
21,"51223A",2,160,103,57
21,"51224",2,31,17,14
21,"51224A",2,305,250,55
21,"51225",2,96,52,44
21,"51225A",2,977,702,275
21,"51226",2,38,20,18
21,"51226A",2,342,226,116
21,"51227",2,26,16,10
21,"51227A",2,226,168,58
21,"51228",2,76,41,35
21,"51228A",2,722,544,178
21,"CNTYTOT",0,140706,112694,28012
21,"AD12_TOT",0,140706,112694,28012
21,"CD02_TOT",0,140706,112694,28012
21,"SD02_TOT",0,140706,112694,28012
21,"BE02_TOT",0,140706,112694,28012
21,"SOV_CD02",0,140706,112694,28012
22,"1001A",5,209,192,17
22,"1002A",5,158,81,77
22,"1003A",5,357,185,172
22,"1004A",5,45,25,20
22,"1005A",5,221,168,53
22,"1006A",5,312,117,195
22,"1008A",5,493,147,346
22,"1009A",5,101,63,38
22,"2002A",5,375,85,290
22,"2003A",5,376,98,278
22,"2004A",5,211,86,125
22,"2005",5,8,3,5
22,"2005A",5,500,159,341
22,"2006A",5,248,69,179
22,"3001A",5,468,137,331
22,"3002A",5,235,56,179
22,"3003A",5,249,93,156
22,"3004",5,15,3,12
22,"3004A",5,493,180,313
22,"3005A",5,214,58,156
22,"3006A",5,137,32,105
22,"4001",5,10,6,4
22,"4001A",5,651,288,363
22,"4002",5,7,2,5
22,"4002A",5,612,273,339
22,"4003",5,9,2,7
22,"4003A",5,527,170,357
22,"5001",5,7,1,6
22,"5001A",5,554,176,378
22,"5002A",5,493,165,328
22,"5004A",5,503,182,321
22,"5005A",5,381,144,237
22,"CNTYTOT",0,9259,3473,5786
22,"AD08_TOT",0,9259,3473,5786
22,"CD05_TOT",0,9259,3473,5786
22,"SD04_TOT",0,9259,3473,5786
22,"BE01_TOT",0,9259,3473,5786
22,"SOV_CD05",0,9259,3473,5786
23,"100001",2,471,243,228
23,"100001A",2,31,15,16
23,"100002",2,220,115,105
23,"100003",2,814,374,440
23,"100003A",2,71,28,43
23,"100004",2,552,256,296
23,"100004A",2,46,17,29
23,"100005",2,264,150,114
23,"100005A",2,8,6,2
23,"100006",2,504,310,194
23,"100006A",2,26,9,17
23,"100007",2,246,153,93
23,"100007A",2,14,4,10
23,"100008",2,328,186,142
23,"100008A",2,28,14,14
23,"100009",2,438,137,301
23,"100009A",2,45,10,35
23,"100500",2,304,168,136
23,"100500A",2,27,10,17
23,"200001",2,412,242,170
23,"200001A",2,32,12,20
23,"200002",2,738,523,215
23,"200002A",2,26,12,14
23,"200003",2,346,225,121
23,"200003A",2,30,17,13
23,"200004",2,420,284,136
23,"200004A",2,17,11,6
23,"300001",2,524,301,223
23,"300001A",2,132,68,64
23,"300002",2,621,370,251
23,"300002A",2,73,29,44
23,"300003",2,479,305,174
23,"300003A",2,44,20,24
23,"300004",2,465,225,240
23,"300004A",2,47,21,26
23,"300005",2,430,254,176
23,"300005A",2,37,11,26
23,"300006",2,694,433,261
23,"300006A",2,79,40,39
23,"300007",2,492,308,184
23,"300007A",2,69,26,43
23,"300008",2,535,350,185
23,"300008A",2,65,35,30
23,"400001",2,608,409,199
23,"400001A",2,37,23,14
23,"400002",2,704,470,234
23,"400002A",2,27,14,13
23,"400003",2,224,157,67
23,"400003A",2,18,9,9
23,"400004",2,676,473,203
23,"400004A",2,39,24,15
23,"400005",2,772,564,208
23,"400005A",2,35,22,13
23,"400006",2,332,274,58
23,"400006A",2,12,9,3
23,"400007",2,224,177,47
23,"400007A",2,11,5,6
23,"500001",2,211,162,49
23,"500001A",2,17,10,7
23,"500002",2,397,353,44
23,"500002A",2,30,20,10
23,"500003",2,231,169,62
23,"500003A",2,23,11,12
23,"500004",2,654,546,108
23,"500004A",2,29,22,7
23,"500005",2,628,470,158
23,"500005A",2,113,79,34
23,"500006",2,280,202,78
23,"500006A",2,14,13,1
23,"500007",2,618,501,117
23,"500007A",2,25,16,9
23,"500008",2,348,280,68
23,"500008A",2,21,12,9
23,"500009",2,243,155,88
23,"999102",2,348,171,177
23,"999102A",2,15,5,10
23,"999103",2,80,35,45
23,"999105",2,72,36,36
23,"999108",2,432,228,204
23,"999108A",2,32,12,20
23,"999109",2,181,102,79
23,"999109A",2,8,2,6
23,"999110",2,132,70,62
23,"999111",2,113,64,49
23,"999112",2,99,35,64
23,"999115",2,195,98,97
23,"999115A",2,10,5,5
23,"999116",2,158,79,79
23,"999117",2,14,11,3
23,"999118",2,15,4,11
23,"999121",2,125,87,38
23,"999121A",2,12,10,2
23,"999123",2,13,3,10
23,"999124",2,284,156,128
23,"999124A",2,14,3,11
23,"999125",2,25,11,14
23,"999126",2,25,18,7
23,"999129",2,18,8,10
23,"999130",2,11,3,8
23,"999131",2,14,7,7
23,"999132",2,70,39,31
23,"999138",2,14,3,11
23,"999140",2,54,20,34
23,"999142",2,125,58,67
23,"999148",2,13,7,6
23,"999150",2,276,144,132
23,"999150A",2,15,9,6
23,"999151",2,83,24,59
23,"999152",2,55,24,31
23,"999201",2,331,190,141
23,"999201A",2,26,18,8
23,"999203",2,100,52,48
23,"999204",2,505,335,170
23,"999204A",2,24,12,12
23,"999205",2,297,163,134
23,"999205A",2,11,5,6
23,"999206",2,70,46,24
23,"999207",2,183,100,83
23,"999208",2,363,218,145
23,"999208A",2,33,19,14
23,"999211",2,213,137,76
23,"999211A",2,10,6,4
23,"999212",2,472,295,177
23,"999212A",2,26,14,12
23,"999213",2,313,217,96
23,"999213A",2,7,5,2
23,"999214",2,394,277,117
23,"999215",2,148,91,57
23,"999216",2,192,115,77
23,"999218",2,56,29,27
23,"999220",2,98,60,38
23,"999221",2,161,88,73
23,"999221A",2,9,7,2
23,"999224",2,145,83,62
23,"999225",2,121,68,53
23,"999225A",2,12,6,6
23,"999226",2,21,19,2
23,"999227",2,87,60,27
23,"999301",2,18,13,5
23,"999303",2,83,58,25
23,"999304",2,404,238,166
23,"999305",2,33,25,8
23,"999306",2,76,56,20
23,"999307",2,211,122,89
23,"999307A",2,27,13,14
23,"999309",2,48,27,21
23,"999310",2,44,29,15
23,"999311",2,19,13,6
23,"999312",2,61,38,23
23,"999313",2,275,166,109
23,"999313A",2,22,5,17
23,"999314",2,171,133,38
23,"999314A",2,12,8,4
23,"999315",2,77,58,19
23,"999316",2,15,13,2
23,"999318",2,516,322,194
23,"999318A",2,50,30,20
23,"999320",2,92,49,43
23,"999320A",2,13,3,10
23,"999321",2,75,41,34
23,"999401",2,54,30,24
23,"999403",2,13,11,2
23,"999404",2,164,97,67
23,"999405",2,699,444,255
23,"999405A",2,24,17,7
23,"999406",2,33,22,11
23,"999407",2,100,74,26
23,"999409",2,405,286,119
23,"999409A",2,9,4,5
23,"999411",2,25,19,6
23,"999413",2,10,1,9
23,"999415",2,550,375,175
23,"999415A",2,25,14,11
23,"999416",2,12,9,3
23,"999421",2,33,29,4
23,"999423",2,650,502,148
23,"999423A",2,32,23,9
23,"999424",2,553,417,136
23,"999424A",2,12,9,3
23,"999425",2,107,75,32
23,"999426",2,77,52,25
23,"999427",2,254,184,70
23,"999427A",2,14,7,7
23,"999428",2,166,113,53
23,"999428A",2,15,8,7
23,"999429",2,93,65,28
23,"999432",2,28,18,10
23,"999436",2,114,97,17
23,"999437",2,19,11,8
23,"999438",2,49,30,19
23,"999439",2,84,55,29
23,"999501",2,415,359,56
23,"999501A",2,14,13,1
23,"999505",2,196,150,46
23,"999506",2,46,39,7
23,"999507",2,635,509,126
23,"999507A",2,23,14,9
23,"999508",2,64,59,5
23,"999510",2,254,183,71
23,"999510A",2,9,6,3
23,"999512",2,15,10,5
23,"999513",2,371,280,91
23,"999514",2,182,153,29
23,"999514A",2,14,10,4
23,"999515",2,8,4,4
23,"999516",2,445,235,210
23,"999516A",2,10,6,4
23,"999518",2,32,29,3
23,"999519",2,138,110,28
23,"999519A",2,45,28,17
23,"999520",2,64,48,16
23,"999522",2,123,93,30
23,"999523",2,31,16,15
23,"999525",2,19,13,6
23,"999526",2,179,129,50
23,"999526A",2,10,2,8
23,"999527",2,12,7,5
23,"999528",2,29,7,22
23,"999530",2,20,15,5
23,"999531",2,12,10,2
23,"999532",2,46,39,7
23,"999533",2,105,45,60
23,"999535",2,14,7,7
23,"999538",2,57,35,22
23,"999539",2,79,40,39
23,"999540",2,24,20,4
23,"999541",2,24,12,12
23,"999542",2,95,33,62
23,"999543",2,43,26,17
23,"999544",2,166,83,83
23,"999551",2,37,34,3
23,"999555",2,22,9,13
23,"999556",2,53,33,20
23,"999557",2,38,26,12
23,"999558",2,10,9,1
23,"999559",2,19,8,11
23,"999562",2,119,62,57
23,"999563",2,129,105,24
23,"CNTYTOT",0,38070,24262,13808
23,"AD02_TOT",0,38070,24262,13808
23,"CD02_TOT",0,38070,24262,13808
23,"SD02_TOT",0,38070,24262,13808
23,"BE02_TOT",0,38070,24262,13808
23,"SOV_CD02",0,38070,24262,13808
24,"13102",13,61,31,30
24,"13102A",13,253,163,90
24,"13103",13,88,40,48
24,"13103A",13,376,208,168
24,"13104",13,58,27,31
24,"13104A",13,395,207,188
24,"13105",13,44,23,21
24,"13105A",13,532,323,209
24,"13106",13,19,4,15
24,"13106A",13,98,50,48
24,"13107",13,127,79,48
24,"13107A",13,534,380,154
24,"13108",13,42,27,15
24,"13108A",13,201,128,73
24,"13109",13,74,30,44
24,"13109A",13,359,222,137
24,"13110",13,28,12,16
24,"13110A",13,137,68,69
24,"13111",13,88,50,38
24,"13111A",13,458,261,197
24,"13112A",13,10,7,3
24,"13113A",13,8,2,6
24,"15101",13,31,18,13
24,"15101A",13,139,101,38
24,"15102",13,62,30,32
24,"15102A",13,391,245,146
24,"15103",13,32,9,23
24,"15103A",13,140,77,63
24,"15104",13,24,14,10
24,"15104A",13,170,113,57
24,"15105A",13,20,14,6
24,"15106",13,51,26,25
24,"15106A",13,349,236,113
24,"15107",13,69,48,21
24,"15107A",13,287,208,79
24,"15108",13,12,6,6
24,"15108A",13,114,81,33
24,"15109A",13,52,39,13
24,"15110A",13,39,19,20
24,"15111",13,19,8,11
24,"15111A",13,109,81,28
24,"15112",13,74,38,36
24,"15112A",13,405,263,142
24,"15113",13,43,30,13
24,"15113A",13,193,121,72
24,"15115",13,43,21,22
24,"15115A",13,210,111,99
24,"15116",13,13,6,7
24,"15116A",13,57,29,28
24,"15117A",13,58,44,14
24,"15118",13,78,44,34
24,"15118A",13,332,218,114
24,"15119",13,73,36,37
24,"15119A",13,339,218,121
24,"15121",13,30,16,14
24,"15121A",13,105,66,39
24,"17101A",13,31,11,20
24,"17103A",13,92,29,63
24,"17105",13,30,13,17
24,"17105A",13,155,83,72
24,"17106",13,24,12,12
24,"17106A",13,90,64,26
24,"17107",13,13,4,9
24,"17107A",13,102,69,33
24,"17111A",13,45,11,34
24,"17123A",13,16,9,7
24,"17126A",13,25,8,17
24,"17127A",13,17,2,15
24,"17128A",13,18,7,11
24,"17133",13,16,11,5
24,"17133A",13,150,57,93
24,"17135A",13,13,9,4
24,"17136A",13,22,5,17
24,"17137A",13,45,31,14
24,"17141A",13,18,7,11
24,"17142A",13,14,12,2
24,"17143A",13,18,13,5
24,"17145A",13,55,26,29
24,"17152A",13,32,3,29
24,"17154A",13,18,2,16
24,"17156A",13,18,3,15
24,"17157A",13,61,18,43
24,"17160A",13,32,10,22
24,"17161A",13,90,24,66
24,"17162A",13,19,5,14
24,"17163A",13,18,5,13
24,"17164A",13,24,4,20
24,"17165A",13,14,1,13
24,"17166A",13,29,12,17
24,"17167A",13,157,68,89
24,"17169A",13,12,5,7
24,"17170A",13,10,6,4
24,"17171A",13,46,40,6
24,"17173A",13,35,22,13
24,"17175A",13,17,13,4
24,"17176",13,11,7,4
24,"17176A",13,38,28,10
24,"17178A",13,18,8,10
24,"17179",13,20,8,12
24,"17179A",13,177,53,124
24,"17182A",13,107,25,82
24,"17183A",13,51,6,45
24,"17187A",13,29,6,23
24,"17188",13,132,75,57
24,"17188A",13,319,218,101
24,"17189",13,99,54,45
24,"17189A",13,267,185,82
24,"17190A",13,11,7,4
24,"17191",13,13,6,7
24,"17191A",13,73,24,49
24,"17192A",13,9,2,7
24,"17193A",13,28,7,21
24,"17195A",13,85,33,52
24,"17196A",13,51,5,46
24,"17199A",13,26,5,21
24,"17201A",13,10,3,7
24,"17202A",13,88,46,42
24,"17203",13,19,9,10
24,"17203A",13,79,47,32
24,"17204",13,11,5,6
24,"17204A",13,98,62,36
24,"17205",13,15,5,10
24,"17205A",13,88,58,30
24,"17209A",13,17,1,16
24,"17210A",13,11,5,6
24,"25101",13,49,21,28
24,"25101A",13,341,220,121
24,"25102",13,66,25,41
24,"25102A",13,399,238,161
24,"25103",13,68,29,39
24,"25103A",13,483,271,212
24,"25104",13,68,26,42
24,"25104A",13,381,241,140
24,"25106A",13,114,67,47
24,"25107A",13,18,11,7
24,"25108A",13,32,19,13
24,"25110A",13,21,12,9
24,"25111",13,50,24,26
24,"25111A",13,487,256,231
24,"25112",13,32,11,21
24,"25112A",13,256,151,105
24,"25113",13,16,4,12
24,"25113A",13,148,81,67
24,"25114",13,20,6,14
24,"25114A",13,164,93,71
24,"25115",13,16,5,11
24,"25115A",13,162,68,94
24,"25116",13,181,130,51
24,"25116A",13,684,456,228
24,"25117",13,106,44,62
24,"25117A",13,1224,681,543
24,"25118",13,59,23,36
24,"25118A",13,593,325,268
24,"25119",13,36,10,26
24,"25119A",13,195,108,87
24,"25120",13,33,8,25
24,"25120A",13,328,162,166
24,"25121",13,52,19,33
24,"25121A",13,360,181,179
24,"25122",13,18,9,9
24,"25122A",13,195,120,75
24,"25123",13,6,4,2
24,"25123A",13,65,38,27
24,"25124",13,77,37,40
24,"25124A",13,457,268,189
24,"25125",13,38,18,20
24,"25125A",13,352,178,174
24,"25126",13,47,17,30
24,"25126A",13,324,172,152
24,"25127",13,20,15,5
24,"25127A",13,86,58,28
24,"25128",13,84,44,40
24,"25128A",13,588,360,228
24,"25129",13,82,25,57
24,"25129A",13,644,356,288
24,"25130",13,52,19,33
24,"25130A",13,350,193,157
24,"25131",13,40,31,9
24,"25131A",13,133,97,36
24,"25132",13,112,56,56
24,"25132A",13,774,452,322
24,"25133",13,25,15,10
24,"25133A",13,185,107,78
24,"25134",13,16,6,10
24,"25134A",13,66,37,29
24,"25135",13,26,18,8
24,"25135A",13,152,101,51
24,"25136",13,51,22,29
24,"25136A",13,449,243,206
24,"25137",13,30,12,18
24,"25137A",13,305,152,153
24,"25138",13,48,30,18
24,"25138A",13,250,176,74
24,"25139",13,46,11,35
24,"25139A",13,460,267,193
24,"25140",13,24,10,14
24,"25140A",13,373,223,150
24,"25141",13,32,18,14
24,"25141A",13,184,108,76
24,"25142",13,23,8,15
24,"25142A",13,218,120,98
24,"25143",13,26,13,13
24,"25143A",13,244,163,81
24,"25144",13,29,18,11
24,"25144A",13,131,85,46
24,"25145",13,46,16,30
24,"25145A",13,360,211,149
24,"25146",13,25,10,15
24,"25146A",13,91,53,38
24,"25147",13,15,8,7
24,"25147A",13,157,98,59
24,"25148A",13,73,47,26
24,"25150",13,10,2,8
24,"25150A",13,75,48,27
24,"25151",13,23,12,11
24,"25151A",13,225,130,95
24,"25152A",13,28,15,13
24,"25153",13,94,51,43
24,"25153A",13,485,322,163
24,"25154A",13,63,34,29
24,"25155A",13,28,24,4
24,"27101",13,372,322,50
24,"27101A",13,83,74,9
24,"27102A",13,26,6,20
24,"27104",13,11,3,8
24,"27104A",13,80,29,51
24,"27106",13,12,1,11
24,"27106A",13,151,51,100
24,"27107",13,29,9,20
24,"27107A",13,281,132,149
24,"27108",13,26,12,14
24,"27108A",13,414,207,207
24,"27109A",13,40,22,18
24,"27111",13,10,2,8
24,"27111A",13,78,31,47
24,"27112A",13,149,66,83
24,"27113A",13,51,18,33
24,"27114A",13,38,19,19
24,"27115",13,12,5,7
24,"27115A",13,126,59,67
24,"27116A",13,14,9,5
24,"27117A",13,13,5,8
24,"27118",13,34,13,21
24,"27118A",13,418,248,170
24,"27119",13,46,14,32
24,"27119A",13,352,136,216
24,"27120A",13,36,21,15
24,"31102",13,23,10,13
24,"31102A",13,134,69,65
24,"31103",13,78,19,59
24,"31103A",13,379,177,202
24,"31104",13,30,12,18
24,"31104A",13,216,89,127
24,"31105",13,65,22,43
24,"31105A",13,371,176,195
24,"31106",13,200,91,109
24,"31106A",13,784,462,322
24,"31107",13,89,25,64
24,"31107A",13,412,201,211
24,"31108",13,91,32,59
24,"31108A",13,530,297,233
24,"31109",13,60,21,39
24,"31109A",13,321,192,129
24,"31110",13,122,41,81
24,"31110A",13,666,333,333
24,"31111",13,67,25,42
24,"31111A",13,287,138,149
24,"31114",13,87,38,49
24,"31114A",13,386,227,159
24,"31115",13,100,46,54
24,"31115A",13,466,279,187
24,"31116",13,43,11,32
24,"31116A",13,353,161,192
24,"31117",13,128,54,74
24,"31117A",13,647,334,313
24,"31118",13,62,27,35
24,"31118A",13,284,159,125
24,"31119",13,42,19,23
24,"31119A",13,265,123,142
24,"31120",13,46,15,31
24,"31120A",13,211,102,109
24,"31121",13,90,25,65
24,"31121A",13,395,170,225
24,"31122",13,74,19,55
24,"31122A",13,356,181,175
24,"31123",13,85,28,57
24,"31123A",13,438,211,227
24,"35101",13,53,22,31
24,"35101A",13,375,218,157
24,"35102",13,90,43,47
24,"35102A",13,508,295,213
24,"35103",13,43,26,17
24,"35103A",13,219,145,74
24,"35104",13,25,10,15
24,"35104A",13,169,91,78
24,"35105",13,85,35,50
24,"35105A",13,589,354,235
24,"35106",13,90,51,39
24,"35106A",13,622,406,216
24,"37101A",13,38,16,22
24,"37102",13,25,3,22
24,"37102A",13,126,58,68
24,"37103",13,10,3,7
24,"37103A",13,43,24,19
24,"37104",13,55,28,27
24,"37104A",13,367,226,141
24,"37105",13,87,43,44
24,"37105A",13,652,366,286
24,"37106",13,22,7,15
24,"37106A",13,173,90,83
24,"37107A",13,48,25,23
24,"37108A",13,55,28,27
24,"37109",13,12,5,7
24,"37109A",13,84,45,39
24,"37110",13,15,8,7
24,"37110A",13,95,48,47
24,"37112A",13,129,39,90
24,"37113A",13,24,8,16
24,"37114A",13,53,18,35
24,"37115A",13,159,38,121
24,"37116",13,25,5,20
24,"37116A",13,100,27,73
24,"37118A",13,33,12,21
24,"37124A",13,62,20,42
24,"37125",13,75,8,67
24,"37125A",13,592,205,387
24,"37127",13,58,8,50
24,"37127A",13,558,191,367
24,"37128",13,82,18,64
24,"37128A",13,686,285,401
24,"37129",13,21,4,17
24,"37129A",13,115,46,69
24,"37130",13,12,1,11
24,"37130A",13,49,26,23
24,"37132A",13,34,3,31
24,"37133A",13,34,12,22
24,"37134A",13,16,8,8
24,"37135A",13,21,10,11
24,"37136",13,10,3,7
24,"37136A",13,75,25,50
24,"42102A",13,14,3,11
24,"42103",13,96,29,67
24,"42103A",13,469,232,237
24,"42105",13,11,4,7
24,"42105A",13,77,44,33
24,"42106",13,26,16,10
24,"42106A",13,123,55,68
24,"42107",13,112,37,75
24,"42107A",13,348,194,154
24,"42109",13,61,22,39
24,"42109A",13,395,189,206
24,"42110A",13,16,5,11
24,"42114",13,16,10,6
24,"42114A",13,57,28,29
24,"42115A",13,10,4,6
24,"45102",13,12,8,4
24,"45103",13,55,27,28
24,"45103A",13,372,201,171
24,"45104",13,88,53,35
24,"45104A",13,479,281,198
24,"45105",13,179,118,61
24,"45105A",13,623,396,227
24,"47101A",13,73,20,53
24,"47102A",13,14,3,11
24,"47103",13,10,2,8
24,"47103A",13,144,52,92
24,"47104A",13,12,4,8
24,"47105",13,11,6,5
24,"47105A",13,100,28,72
24,"47106",13,26,3,23
24,"47106A",13,140,34,106
24,"47107",13,26,4,22
24,"47107A",13,138,52,86
24,"47109A",13,40,21,19
24,"47110",13,24,4,20
24,"47110A",13,121,38,83
24,"47114A",13,12,7,5
24,"47116",13,17,5,12
24,"47116A",13,335,129,206
24,"47117A",13,30,15,15
24,"47118A",13,90,38,52
24,"47121A",13,12,5,7
24,"47122A",13,14,3,11
24,"47123A",13,50,34,16
24,"47124A",13,32,7,25
24,"47125",13,10,3,7
24,"47125A",13,53,20,33
24,"47126A",13,53,26,27
24,"47129A",13,34,6,28
24,"47130",13,10,6,4
24,"47130A",13,54,25,29
24,"47131",13,200,96,104
24,"47131A",13,552,318,234
24,"47133A",13,16,6,10
24,"47134A",13,57,16,41
24,"47135",13,10,3,7
24,"47135A",13,93,41,52
24,"47136A",13,12,6,6
24,"47137A",13,17,10,7
24,"47138",13,134,62,72
24,"47138A",13,452,299,153
24,"47139",13,128,58,70
24,"47139A",13,425,247,178
24,"47140",13,17,6,11
24,"47140A",13,68,22,46
24,"47141",13,11,1,10
24,"47141A",13,27,12,15
24,"47142",13,18,10,8
24,"47142A",13,82,58,24
24,"47144",13,9,2,7
24,"47144A",13,107,35,72
24,"47146A",13,52,24,28
24,"47147A",13,16,10,6
24,"47150",13,29,6,23
24,"47150A",13,159,36,123
24,"47151A",13,26,14,12
24,"47152A",13,13,5,8
24,"47153A",13,11,4,7
24,"47154A",13,69,21,48
24,"47155A",13,18,4,14
24,"47158A",13,15,7,8
24,"47159A",13,10,2,8
24,"47160A",13,48,17,31
24,"47161",13,13,9,4
24,"47161A",13,95,39,56
24,"47164A",13,24,15,9
24,"47166A",13,47,22,25
24,"47167A",13,33,11,22
24,"47168A",13,9,7,2
24,"47170",13,18,6,12
24,"47170A",13,104,42,62
24,"47171A",13,60,24,36
24,"47173A",13,24,9,15
24,"47178A",13,53,21,32
24,"47179",13,16,6,10
24,"47179A",13,65,33,32
24,"47181A",13,11,4,7
24,"47183A",13,31,8,23
24,"47184A",13,39,10,29
24,"47188",13,26,12,14
24,"47188A",13,187,98,89
24,"47190",13,28,10,18
24,"47190A",13,95,50,45
24,"47192",13,18,8,10
24,"47192A",13,96,45,51
24,"47193",13,50,21,29
24,"47193A",13,189,91,98
24,"47197",13,179,89,90
24,"47197A",13,623,375,248
24,"47198",13,97,41,56
24,"47198A",13,296,184,112
24,"47199",13,57,32,25
24,"47199A",13,209,118,91
24,"47200",13,114,43,71
24,"47200A",13,603,348,255
24,"47201",13,53,20,33
24,"47201A",13,138,86,52
24,"47202A",13,11,1,10
24,"47203A",13,21,2,19
24,"47204A",13,40,18,22
24,"47209A",13,34,8,26
24,"47215A",13,17,5,12
24,"47216",13,13,4,9
24,"47216A",13,59,22,37
24,"47217",13,22,3,19
24,"47217A",13,154,50,104
24,"47219A",13,22,6,16
24,"47220",13,118,16,102
24,"47220A",13,419,101,318
24,"47221A",13,12,5,7
24,"47222",13,178,38,140
24,"47222A",13,566,141,425
24,"47223",13,124,26,98
24,"47223A",13,431,131,300
24,"47224",13,192,39,153
24,"47224A",13,736,224,512
24,"47225",13,19,2,17
24,"47225A",13,83,29,54
24,"47226",13,82,12,70
24,"47226A",13,280,61,219
24,"47227A",13,22,6,16
24,"47228A",13,16,6,10
24,"47231",13,88,18,70
24,"47231A",13,236,87,149
24,"47234",13,25,7,18
24,"47234A",13,114,26,88
24,"47237A",13,29,4,25
24,"47238A",13,61,22,39
24,"47239A",13,40,8,32
24,"47242A",13,46,18,28
24,"47243A",13,13,4,9
24,"47245A",13,16,5,11
24,"47248A",13,19,1,18
24,"47250",13,12,2,10
24,"47250A",13,26,2,24
24,"47251A",13,15,5,10
24,"54101",13,70,26,44
24,"54101A",13,271,189,82
24,"54102",13,66,26,40
24,"54102A",13,252,147,105
24,"54103",13,99,57,42
24,"54103A",13,457,301,156
24,"54104A",13,43,26,17
24,"54105",13,43,20,23
24,"54105A",13,101,62,39
24,"54106",13,37,15,22
24,"54106A",13,129,87,42
24,"54107",13,99,48,51
24,"54107A",13,604,401,203
24,"54109",13,59,32,27
24,"54109A",13,290,192,98
24,"54110",13,82,42,40
24,"54110A",13,323,228,95
24,"54111A",13,40,26,14
24,"54112",13,40,16,24
24,"54112A",13,194,126,68
24,"54113",13,33,17,16
24,"54113A",13,140,98,42
24,"54115",13,83,50,33
24,"54115A",13,339,227,112
24,"54116",13,55,29,26
24,"54116A",13,260,162,98
24,"54117",13,70,38,32
24,"54117A",13,326,208,118
24,"54119",13,70,32,38
24,"54119A",13,357,238,119
24,"54120",13,47,15,32
24,"54120A",13,237,147,90
24,"54121",13,125,62,63
24,"54121A",13,545,321,224
24,"54122A",13,21,9,12
24,"54123",13,91,46,45
24,"54123A",13,311,189,122
24,"54124",13,56,20,36
24,"54124A",13,198,102,96
24,"54127",13,123,66,57
24,"54127A",13,505,326,179
24,"54128",13,98,47,51
24,"54128A",13,378,255,123
24,"54129",13,123,64,59
24,"54129A",13,370,210,160
24,"54130",13,22,12,10
24,"54130A",13,110,75,35
24,"54132",13,14,4,10
24,"54132A",13,69,42,27
24,"54133",13,42,18,24
24,"54133A",13,280,143,137
24,"54134",13,62,24,38
24,"54134A",13,405,210,195
24,"54135",13,131,45,86
24,"54135A",13,746,381,365
24,"54136",13,50,26,24
24,"54136A",13,279,160,119
24,"54137",13,94,19,75
24,"54137A",13,751,294,457
24,"54138A",13,9,5,4
24,"54139",13,126,52,74
24,"54139A",13,638,363,275
24,"54140",13,115,48,67
24,"54140A",13,286,158,128
24,"54142",13,97,28,69
24,"54142A",13,349,201,148
24,"56101",13,102,38,64
24,"56101A",13,365,164,201
24,"56104A",13,10,1,9
24,"56107",13,39,19,20
24,"56107A",13,134,66,68
24,"56108A",13,10,8,2
24,"56109",13,69,32,37
24,"56109A",13,306,196,110
24,"56110",13,36,18,18
24,"56110A",13,74,34,40
24,"56111",13,70,34,36
24,"56111A",13,256,153,103
24,"56114",13,10,3,7
24,"56114A",13,20,9,11
24,"56117",13,16,7,9
24,"56117A",13,37,13,24
24,"56118A",13,12,3,9
24,"57101",13,15,6,9
24,"57101A",13,72,36,36
24,"57102",13,16,1,15
24,"57102A",13,94,35,59
24,"57105A",13,18,6,12
24,"57108A",13,23,8,15
24,"57111A",13,12,5,7
24,"57115",13,18,5,13
24,"57115A",13,156,39,117
24,"57117",13,14,3,11
24,"57117A",13,79,24,55
24,"57124",13,22,5,17
24,"57124A",13,93,32,61
24,"57125A",13,11,7,4
24,"57126A",13,16,6,10
24,"57129",13,9,1,8
24,"57129A",13,77,31,46
24,"57137",13,11,3,8
24,"57137A",13,75,23,52
24,"57138A",13,21,4,17
24,"57140",13,17,3,14
24,"57140A",13,122,43,79
24,"57142",13,33,6,27
24,"57142A",13,183,44,139
24,"57143A",13,23,9,14
24,"57146",13,22,13,9
24,"57146A",13,103,86,17
24,"57147",13,15,5,10
24,"57147A",13,120,38,82
24,"57152",13,26,11,15
24,"57152A",13,96,62,34
24,"57153A",13,20,15,5
24,"57155A",13,12,7,5
24,"57156",13,17,12,5
24,"57156A",13,28,17,11
24,"57160A",13,18,6,12
24,"57165A",13,10,3,7
24,"CNTYTOT",0,82905,42652,40253
24,"AD27_TOT",0,75381,40201,35180
24,"AD22_TOT",0,7524,2451,5073
24,"CD13_TOT",0,82905,42652,40253
24,"SD14_TOT",0,74488,39439,35049
24,"SD04_TOT",0,8417,3213,5204
24,"BE01_TOT",0,82905,42652,40253
24,"SOV_CD13",0,82905,42652,40253
25,"020",1,13,5,8
25,"020A",1,92,39,53
25,"040A",1,100,24,76
25,"060",1,57,10,47
25,"060A",1,283,93,190
25,"080A",1,65,19,46
25,"100A",1,135,28,107
25,"140A",1,82,22,60
25,"160A",1,59,9,50
25,"180",1,29,2,27
25,"180A",1,407,80,327
25,"200",1,36,3,33
25,"200A",1,193,48,145
25,"260",1,39,7,32
25,"260A",1,284,84,200
25,"320",1,89,17,72
25,"320A",1,446,132,314
25,"360A",1,107,17,90
25,"380A",1,78,13,65
25,"400",1,24,4,20
25,"400A",1,246,34,212
25,"410",1,28,6,22
25,"410A",1,194,53,141
25,"420A",1,120,31,89
25,"430A",1,37,18,19
25,"440A",1,166,28,138
25,"460A",1,162,25,137
25,"480A",1,55,9,46
25,"500",1,62,11,51
25,"500A",1,226,45,181
25,"CNTYTOT",0,3930,921,3009
25,"AD01_TOT",0,3930,921,3009
25,"CD01_TOT",0,3930,921,3009
25,"SD01_TOT",0,3930,921,3009
25,"BE01_TOT",0,3930,921,3009
25,"SOV_CD01",0,3930,921,3009
26,"01",3,104,29,75
26,"01A",3,325,133,192
26,"03",3,88,27,61
26,"03A",3,258,92,166
26,"04",3,111,19,92
26,"04A",3,479,171,308
26,"05",3,77,28,49
26,"05A",3,269,169,100
26,"06A",3,232,165,67
26,"07",3,141,58,83
26,"07A",3,601,378,223
26,"08",3,25,10,15
26,"08A",3,97,62,35
26,"09",3,96,39,57
26,"09A",3,627,408,219
26,"10",3,114,61,53
26,"10A",3,526,371,155
26,"11A",3,268,186,82
26,"12",3,215,124,91
26,"12A",3,744,551,193
26,"13",3,73,34,39
26,"13A",3,428,285,143
26,"CNTYTOT",0,5908,3405,2503
26,"AD08_TOT",0,5908,3405,2503
26,"CD03_TOT",0,5908,3405,2503
26,"SD04_TOT",0,5908,3405,2503
26,"BE01_TOT",0,5908,3405,2503
26,"SOV_CD03",0,5908,3405,2503
27,"1001A",18,578,409,169
27,"1001",18,160,102,58
27,"1002A",18,752,530,222
27,"1002",18,160,105,55
27,"1003A",18,537,389,148
27,"1003",18,122,74,48
27,"1004A",18,980,669,311
27,"1004",18,108,56,52
27,"1005A",18,626,417,209
27,"1005",18,89,53,36
27,"1006A",18,512,361,151
27,"1006",18,118,71,47
27,"1007A",18,539,402,137
27,"1007",18,138,84,54
27,"1008A",18,524,346,178
27,"1008",18,120,75,45
27,"1009A",18,1219,865,354
27,"1009",18,207,108,99
27,"1010A",18,654,415,239
27,"1010",18,120,67,53
27,"1011A",18,807,467,340
27,"1011",18,134,67,67
27,"1012A",18,379,272,107
27,"1012",18,107,60,47
27,"1013A",18,529,359,170
27,"1013",18,88,49,39
27,"1014A",18,956,686,270
27,"1014",18,151,89,62
27,"1015A",18,712,489,223
27,"1015",18,135,75,60
27,"1016A",18,422,301,121
27,"1016",18,81,46,35
27,"1017A",18,589,358,231
27,"1017",18,70,39,31
27,"1018A",18,611,380,231
27,"1018",18,126,83,43
27,"1019A",18,546,353,193
27,"1019",18,71,48,23
27,"1020A",18,492,297,195
27,"1020",18,87,50,37
27,"1021A",18,526,320,206
27,"1021",18,73,38,35
27,"1022A",18,652,445,207
27,"1022",18,135,83,52
27,"2001A",18,481,308,173
27,"2001",18,66,31,35
27,"2002A",18,640,461,179
27,"2002",18,141,76,65
27,"2003A",18,1006,657,349
27,"2003",18,184,97,87
27,"2004A",18,816,573,243
27,"2004",18,132,69,63
27,"2005A",18,542,356,186
27,"2005",18,85,50,35
27,"2006A",18,755,490,265
27,"2006",18,82,35,47
27,"2007A",18,860,535,325
27,"2007",18,144,69,75
27,"2008A",18,773,497,276
27,"2008",18,134,74,60
27,"2009A",18,659,423,236
27,"2009",18,107,43,64
27,"2010A",18,1145,759,386
27,"2010",18,139,75,64
27,"2011A",18,997,651,346
27,"2011",18,132,65,67
27,"2012A",18,797,527,270
27,"2012",18,94,51,43
27,"2013A",18,959,645,314
27,"2013",18,139,96,43
27,"2014A",18,1239,703,536
27,"2014",18,109,55,54
27,"2015A",18,911,672,239
27,"2015",18,171,91,80
27,"2016A",18,267,180,87
27,"2016",18,52,28,24
27,"2017A",18,672,391,281
27,"2017",18,106,49,57
27,"2018A",18,362,251,111
27,"2018",18,72,38,34
27,"2019A",18,650,341,309
27,"2019",18,66,33,33
27,"2020A",19,910,635,275
27,"2020",19,124,61,63
27,"2021A",19,1452,974,478
27,"2021",19,148,72,76
27,"2022A",19,882,510,372
27,"2022",19,109,58,51
27,"2023A",19,1164,661,503
27,"2023",19,134,54,80
27,"2024A",19,1079,660,419
27,"2024",19,162,80,82
27,"2025A",19,628,402,226
27,"2025",19,107,58,49
27,"3001A",18,668,467,201
27,"3001",18,155,86,69
27,"3002A",18,630,419,211
27,"3002",18,141,79,62
27,"3003A",18,715,527,188
27,"3003",18,182,98,84
27,"3004A",18,618,409,209
27,"3004",18,161,94,67
27,"3005A",18,350,259,91
27,"3005",18,120,56,64
27,"3006A",18,338,222,116
27,"3006",18,92,48,44
27,"3007A",18,498,255,243
27,"3007",18,119,52,67
27,"3008A",18,407,247,160
27,"3008",18,84,38,46
27,"3009A",18,297,199,98
27,"3009",18,88,38,50
27,"3010A",18,328,251,77
27,"3010",18,62,43,19
27,"3011A",18,584,412,172
27,"3011",18,70,47,23
27,"3012A",18,389,289,100
27,"3012",18,89,68,21
27,"3013A",18,588,396,192
27,"3013",18,160,76,84
27,"3014A",18,890,605,285
27,"3014",18,182,94,88
27,"3015A",18,1306,812,494
27,"3015",18,254,132,122
27,"3016A",18,1012,672,340
27,"3016",18,180,99,81
27,"3017A",18,540,355,185
27,"3017",18,128,65,63
27,"3018A",18,424,287,137
27,"3018",18,121,64,57
27,"3019A",18,695,416,279
27,"3019",18,118,69,49
27,"3020A",18,819,332,487
27,"3020",18,142,54,88
27,"3021A",18,445,134,311
27,"3021",18,103,11,92
27,"4001A",19,921,680,241
27,"4001",19,75,52,23
27,"4002A",19,784,582,202
27,"4002",19,111,67,44
27,"4003A",19,844,635,209
27,"4003",19,151,101,50
27,"4004A",19,876,666,210
27,"4004",19,99,62,37
27,"4005A",19,1451,1088,363
27,"4005",19,188,126,62
27,"4006A",19,1247,883,364
27,"4006",19,165,104,61
27,"4007A",19,999,751,248
27,"4007",19,101,66,35
27,"4008A",19,1669,1245,424
27,"4008",19,242,169,73
27,"4009A",18,1825,1123,702
27,"4009",18,200,109,91
27,"4010A",18,1004,680,324
27,"4010",18,125,74,51
27,"4011A",18,3229,1910,1319
27,"4011",18,385,168,217
27,"4012A",18,992,615,377
27,"4012",18,94,45,49
27,"4013A",18,941,537,404
27,"4013",18,81,45,36
27,"4014A",18,948,545,403
27,"4014",18,75,41,34
27,"4015A",19,1169,852,317
27,"4015",19,199,106,93
27,"4016A",19,581,438,143
27,"4016",19,113,57,56
27,"4017A",19,936,674,262
27,"4017",19,72,49,23
27,"4018A",19,1082,857,225
27,"4018",19,135,100,35
27,"4019A",19,1268,1029,239
27,"4019",19,116,88,28
27,"4020A",19,755,595,160
27,"4020",19,111,83,28
27,"4021A",19,695,601,94
27,"4021",19,128,92,36
27,"4022A",19,910,713,197
27,"4022",19,105,77,28
27,"4023A",19,564,440,124
27,"4023",19,63,45,18
27,"4024A",19,942,706,236
27,"4024",19,122,92,30
27,"4025A",19,869,767,102
27,"4025",19,169,131,38
27,"5001A",19,1092,854,238
27,"5001",19,110,69,41
27,"5002A",19,979,730,249
27,"5002",19,63,37,26
27,"5003A",19,1267,1032,235
27,"5003",19,110,75,35
27,"5004A",19,997,807,190
27,"5004",19,63,39,24
27,"5005A",19,914,754,160
27,"5005",19,89,51,38
27,"5006A",19,1077,888,189
27,"5006",19,112,77,35
27,"5007A",19,1538,1336,202
27,"5007",19,126,86,40
27,"5008A",19,1170,942,228
27,"5008",19,106,77,29
27,"5009A",19,1030,865,165
27,"5009",19,78,50,28
27,"5010A",19,1776,1157,619
27,"5010",19,117,63,54
27,"5011A",19,849,452,397
27,"5011",19,49,30,19
27,"5012A",19,1462,1009,453
27,"5012",19,89,46,43
27,"5013A",19,1087,732,355
27,"5013",19,86,52,34
27,"5014A",19,1095,817,278
27,"5014",19,109,69,40
27,"5015A",19,1734,1333,401
27,"5015",19,154,97,57
27,"5016A",19,1125,866,259
27,"5016",19,69,48,21
27,"5017A",19,943,691,252
27,"5017",19,94,59,35
27,"5018A",19,1155,883,272
27,"5018",19,106,65,41
27,"5019A",19,1029,812,217
27,"5019",19,78,45,33
27,"5020A",19,792,638,154
27,"5020",19,88,58,30
27,"5021A",19,956,766,190
27,"5021",19,83,57,26
27,"5022A",19,1159,701,458
27,"5022",19,69,34,35
27,"5023A",19,1520,978,542
27,"5023",19,116,55,61
27,"5024A",19,858,495,363
27,"5024",19,49,20,29
27,"5025A",19,1632,1319,313
27,"5025",19,205,124,81
27,"5026A",19,707,574,133
27,"5026",19,111,66,45
27,"5027A",19,1117,901,216
27,"5027",19,110,69,41
27,"5028A",19,778,626,152
27,"5028",19,74,45,29
27,"5029A",19,1215,952,263
27,"5029",19,132,91,41
27,"5030A",19,1093,848,245
27,"5030",19,70,49,21
27,"5031A",19,1341,1038,303
27,"5031",19,112,67,45
27,"5032A",19,1468,1109,359
27,"5032",19,205,139,66
27,"5033A",19,653,510,143
27,"5033",19,84,57,27
27,"5034A",19,647,509,138
27,"5034",19,85,53,32
27,"9101A",18,188,124,64
27,"9101",18,25,13,12
27,"9102A",18,318,201,117
27,"9102",18,81,50,31
27,"9103A",18,298,177,121
27,"9103",18,44,28,16
27,"9104A",18,64,42,22
27,"9104",18,7,6,1
27,"9105A",18,310,207,103
27,"9105",18,50,27,23
27,"9201A",18,7,1,6
27,"9201",18,2,1,1
27,"9202A",18,442,283,159
27,"9202",18,57,24,33
27,"9203A",18,14,11,3
27,"9203",18,8,3,5
27,"9205A",18,74,30,44
27,"9205",18,7,2,5
27,"9206A",18,51,22,29
27,"9206",18,6,3,3
27,"9207A",18,20,12,8
27,"9208A",18,24,13,11
27,"9208",18,4,3,1
27,"9209A",18,56,22,34
27,"9211A",18,79,42,37
27,"9211",18,5,3,2
27,"9212A",18,368,237,131
27,"9212",18,32,19,13
27,"9213A",18,59,19,40
27,"9214A",18,79,50,29
27,"9214",18,2,1,1
27,"9215A",18,195,138,57
27,"9215",18,32,21,11
27,"9216A",18,71,40,31
27,"9216",18,11,2,9
27,"9218A",18,71,56,15
27,"9218",18,8,6,2
27,"9219A",19,7,5,2
27,"9220A",19,146,93,53
27,"9220",19,9,7,2
27,"9221A",19,884,610,274
27,"9221",19,38,29,9
27,"9222A",19,45,24,21
27,"9222",19,2,1,1
27,"9223A",19,8,7,1
27,"9225A",19,263,184,79
27,"9225",19,19,12,7
27,"9226A",19,473,335,138
27,"9226",19,38,22,16
27,"9227A",19,10,5,5
27,"9228A",19,18,10,8
27,"9301A",18,282,170,112
27,"9301",18,34,17,17
27,"9302A",18,389,195,194
27,"9302",18,55,19,36
27,"9303A",18,21,7,14
27,"9303",18,5,1,4
27,"9305A",18,165,61,104
27,"9305",18,14,2,12
27,"9306A",18,151,60,91
27,"9306",18,8,4,4
27,"9307A",18,103,40,63
27,"9307",18,15,6,9
27,"9308A",18,98,53,45
27,"9308",18,19,4,15
27,"9309A",18,153,56,97
27,"9309",18,11,1,10
27,"9310A",18,146,45,101
27,"9310",18,5,2,3
27,"9311A",18,16,6,10
27,"9313A",18,216,51,165
27,"9314A",18,11,1,10
27,"9315A",18,6,1,5
27,"9316A",18,331,109,222
27,"9316",18,23,13,10
27,"9317A",18,170,36,134
27,"9319A",19,406,255,151
27,"9319",19,28,13,15
27,"9321A",18,12,3,9
27,"9321",18,9,5,4
27,"9401A",19,303,233,70
27,"9401",19,85,70,15
27,"9402A",18,2,1,1
27,"9403A",19,167,116,51
27,"9403",19,6,2,4
27,"9404A",19,19,16,3
27,"9404",19,83,75,8
27,"9405A",18,41,22,19
27,"9405",18,6,2,4
27,"9406A",19,33,17,16
27,"9406",19,3,1,2
27,"9407A",19,21,15,6
27,"9409A",19,1209,893,316
27,"9409",19,78,45,33
27,"9410A",19,62,44,18
27,"9501A",18,29,12,17
27,"9502A",18,9,2,7
27,"9503A",18,73,41,32
27,"9504A",19,447,270,177
27,"9504",19,29,13,16
27,"9505A",19,57,37,20
27,"9506A",19,361,320,41
27,"9506",19,14,13,1
27,"9507A",19,451,320,131
27,"9507",19,25,15,10
27,"9509A",19,428,310,118
27,"9509",19,11,9,2
27,"9510A",19,240,165,75
27,"9511A",19,465,267,198
27,"9511",19,13,4,9
27,"9512A",19,663,433,230
27,"9512",19,24,14,10
27,"9513A",19,409,264,145
27,"9513",19,9,5,4
27,"9514A",19,616,455,161
27,"9514",19,9,6,3
27,"9515A",19,337,290,47
27,"9515",19,18,16,2
27,"9516A",19,142,111,31
27,"9516",19,4,3,1
27,"9517A",19,124,97,27
27,"9517",19,4,3,1
27,"9518A",19,32,27,5
27,"9519A",19,10,8,2
27,"9519",19,8,5,3
27,"9520A",19,681,484,197
27,"9520",19,22,18,4
27,"9521A",19,203,156,47
27,"9521",19,29,15,14
27,"9522A",19,18,16,2
27,"9522",19,10,4,6
27,"9523A",19,13,10,3
27,"CNTYTOT",0,144435,98318,46117
27,"AD29_TOT",0,74823,46707,28116
27,"AD30_TOT",0,69612,51611,18001
27,"CD18_TOT",0,64441,39856,24585
27,"CD19_TOT",0,79994,58462,21532
27,"SD17_TOT",0,144435,98318,46117
27,"BE02_TOT",0,144435,98318,46117
27,"SOV_CD18",0,64441,39856,24585
27,"SOV_CD19",0,79994,58462,21532
28,"1013410A",4,36,19,17
28,"1013440A",4,24,14,10
28,"1014110A",4,187,115,72
28,"1014111A",4,37,13,24
28,"1014113A",4,106,77,29
28,"1014140A",4,112,68,44
28,"1017110A",4,34,25,9
28,"1017111A",4,19,12,7
28,"1017112A",4,11,9,2
28,"1017113A",4,31,24,7
28,"1017114A",4,33,25,8
28,"1017770A",4,60,40,20
28,"1017771A",4,41,37,4
28,"1214110",4,27,11,16
28,"1214110A",4,414,306,108
28,"1214111",4,22,13,9
28,"1214111A",4,286,212,74
28,"1214112",4,23,11,12
28,"1214112A",4,204,147,57
28,"1214113",4,22,12,10
28,"1214113A",4,354,268,86
28,"1214114",4,42,22,20
28,"1214114A",4,323,232,91
28,"1214115",4,9,6,3
28,"1214115A",4,102,71,31
28,"1214116",4,15,10,5
28,"1214116A",4,154,111,43
28,"1312440A",4,53,44,9
28,"1313410",4,11,6,5
28,"1313410A",4,12,9,3
28,"1313411",4,24,15,9
28,"1313411A",4,379,264,115
28,"1313412",4,29,17,12
28,"1313412A",4,209,167,42
28,"1313440A",4,268,192,76
28,"1313441A",4,144,113,31
28,"1313442",4,37,21,16
28,"1313442A",4,448,358,90
28,"1313443",4,65,37,28
28,"1313443A",4,252,189,63
28,"1313444",4,14,7,7
28,"1313444A",4,315,228,87
28,"1413110",4,7,3,4
28,"1413110A",4,186,129,57
28,"1413111",4,21,13,8
28,"1413111A",4,291,235,56
28,"1413112",4,24,14,10
28,"1413112A",4,441,343,98
28,"1413113",4,42,28,14
28,"1413113A",4,433,327,106
28,"1413120",4,22,14,8
28,"1413120A",4,274,218,56
28,"1413121",4,30,24,6
28,"1413121A",4,397,327,70
28,"1413122",4,10,5,5
28,"1413122A",4,299,238,61
28,"1413123",4,24,8,16
28,"1413123A",4,232,187,45
28,"1413220",4,13,9,4
28,"1413220A",4,68,54,14
28,"1413221",4,29,23,6
28,"1413221A",4,369,291,78
28,"1413222",4,25,14,11
28,"1413222A",4,165,133,32
28,"1413223",4,25,15,10
28,"1413223A",4,418,336,82
28,"1413240A",4,54,40,14
28,"1414110",4,43,29,14
28,"1414110A",4,381,300,81
28,"1414111",4,48,29,19
28,"1414111A",4,376,284,92
28,"1414112",4,36,21,15
28,"1414112A",4,642,457,185
28,"1415220",4,33,14,19
28,"1415220A",4,417,332,85
28,"1415221",4,28,19,9
28,"1415221A",4,302,228,74
28,"1415240A",4,17,13,4
28,"2011771",4,11,5,6
28,"2011771A",4,264,165,99
28,"2016550",4,41,20,21
28,"2016550A",4,332,250,82
28,"2016551",4,28,16,12
28,"2016551A",4,348,228,120
28,"2016552A",4,35,26,9
28,"2016553A",4,11,3,8
28,"2016770A",4,79,63,16
28,"2017771",4,21,12,9
28,"2017771A",4,229,157,72
28,"2017773A",4,117,70,47
28,"2020770A",4,161,107,54
28,"2111770A",4,266,198,68
28,"2111771",4,52,23,29
28,"2111771A",4,617,423,194
28,"2111772",4,11,5,6
28,"2111772A",4,359,236,123
28,"2117550",4,43,22,21
28,"2117550A",4,730,511,219
28,"2117551",4,29,14,15
28,"2117551A",4,670,468,202
28,"2117552",4,16,8,8
28,"2117552A",4,438,303,135
28,"2117553",4,67,40,27
28,"2117553A",4,602,425,177
28,"2117554",4,43,23,20
28,"2117554A",4,783,537,246
28,"2117750",4,18,6,12
28,"2117750A",4,430,328,102
28,"2216220",4,16,9,7
28,"2216220A",4,342,238,104
28,"2216221",4,16,9,7
28,"2216221A",4,286,176,110
28,"2216550",4,31,18,13
28,"2216550A",4,450,321,129
28,"2216551",4,25,9,16
28,"2216551A",4,450,317,133
28,"2216552",4,40,21,19
28,"2216552A",4,688,470,218
28,"2216553",4,13,9,4
28,"2216553A",4,298,185,113
28,"2216554",4,14,7,7
28,"2216554A",4,626,428,198
28,"2216555",4,50,31,19
28,"2216555A",4,376,249,127
28,"2216556",4,11,2,9
28,"2216556A",4,416,300,116
28,"2216557",4,14,6,8
28,"2216557A",4,538,364,174
28,"2216558",4,23,8,15
28,"2216558A",4,532,385,147
28,"2216559A",4,292,216,76
28,"2217110",4,29,18,11
28,"2217110A",4,314,239,75
28,"2217111A",4,178,139,39
28,"2217112",4,15,11,4
28,"2217112A",4,288,222,66
28,"2217113",4,11,7,4
28,"2217113A",4,134,102,32
28,"2217510",4,10,5,5
28,"2217510A",4,112,85,27
28,"2217550",4,34,11,23
28,"2217550A",4,753,516,237
28,"2217551",4,16,7,9
28,"2217551A",4,553,369,184
28,"3011660",4,12,6,6
28,"3011660A",4,183,100,83
28,"3011661A",4,89,60,29
28,"3020660A",4,105,71,34
28,"3020661",4,16,10,6
28,"3020661A",4,254,178,76
28,"3020770A",4,11,8,3
28,"3020771A",4,41,18,23
28,"3020773",4,18,7,11
28,"3020773A",4,259,189,70
28,"3020774",4,19,9,10
28,"3020774A",4,234,171,63
28,"3020775",4,15,10,5
28,"3020775A",4,180,143,37
28,"3020776",4,11,6,5
28,"3020776A",4,170,127,43
28,"3020777",4,13,3,10
28,"3020777A",4,241,173,68
28,"3030770",4,29,17,12
28,"3030770A",4,363,259,104
28,"3030771",4,13,6,7
28,"3030771A",4,192,121,71
28,"3040770",4,41,18,23
28,"3040770A",4,505,337,168
28,"3040771",4,63,37,26
28,"3040771A",4,667,420,247
28,"3050770A",4,139,77,62
28,"3050771A",4,169,76,93
28,"3111660",4,19,8,11
28,"3111660A",4,418,282,136
28,"3111661A",4,359,250,109
28,"3111662A",4,197,132,65
28,"3117660",4,23,8,15
28,"3117660A",4,566,367,199
28,"3117661",4,41,21,20
28,"3117661A",4,685,458,227
28,"3117662",4,17,8,9
28,"3117662A",4,294,212,82
28,"3511660",4,13,5,8
28,"3511660A",4,298,215,83
28,"3511661",4,28,15,13
28,"3511661A",4,366,274,92
28,"3511662",4,35,21,14
28,"3511662A",4,452,347,105
28,"3511663",4,10,9,1
28,"3511663A",4,218,164,54
28,"3720660",4,53,33,20
28,"3720660A",4,578,448,130
28,"3720661",4,31,19,12
28,"3720661A",4,435,355,80
28,"3720662",4,28,16,12
28,"3720662A",4,562,432,130
28,"3720663",4,44,25,19
28,"3720663A",4,520,425,95
28,"3720664",4,48,35,13
28,"3720664A",4,333,258,75
28,"3720665A",4,244,197,47
28,"3830770",4,73,41,32
28,"3830770A",4,670,525,145
28,"3830771",4,22,14,8
28,"3830771A",4,311,243,68
28,"3830772",4,24,15,9
28,"3830772A",4,356,301,55
28,"3830773",4,32,19,13
28,"3830773A",4,242,182,60
28,"3830774",4,13,8,5
28,"3830774A",4,299,228,71
28,"4011440",4,11,6,5
28,"4011440A",4,151,102,49
28,"4011441A",4,28,14,14
28,"4011442A",4,40,16,24
28,"4011443",4,12,4,8
28,"4011443A",4,718,431,287
28,"4011444",4,35,10,25
28,"4011444A",4,742,484,258
28,"4011445",4,18,8,10
28,"4011445A",4,564,338,226
28,"4011660",4,10,7,3
28,"4011660A",4,166,98,68
28,"4011661A",4,72,42,30
28,"4011770",4,11,6,5
28,"4011770A",4,266,130,136
28,"4011771A",4,267,169,98
28,"4011772",4,12,8,4
28,"4011772A",4,259,155,104
28,"4011773",4,11,3,8
28,"4011773A",4,139,43,96
28,"4011774",4,14,6,8
28,"4011774A",4,204,102,102
28,"4060840A",4,144,61,83
28,"4111661",4,22,8,14
28,"4111661A",4,587,427,160
28,"4116550",4,40,24,16
28,"4116550A",4,573,393,180
28,"4116660",4,57,26,31
28,"4116660A",4,663,464,199
28,"4116661",4,28,14,14
28,"4116661A",4,465,365,100
28,"4117660",4,34,19,15
28,"4117660A",4,597,378,219
28,"4311440A",4,86,53,33
28,"4311441A",4,152,108,44
28,"4315220",4,29,15,14
28,"4315220A",4,349,256,93
28,"4315221A",4,79,60,19
28,"4315222",4,27,18,9
28,"4315222A",4,328,244,84
28,"4315223",4,48,31,17
28,"4315223A",4,437,331,106
28,"4315224",4,24,16,8
28,"4315224A",4,372,256,116
28,"4315225",4,51,28,23
28,"4315225A",4,643,490,153
28,"4315240",4,45,27,18
28,"4315240A",4,373,274,99
28,"4315241",4,46,25,21
28,"4315241A",4,512,369,143
28,"4315440A",4,246,176,70
28,"4315441",4,31,18,13
28,"4315441A",4,685,545,140
28,"4315442",4,19,8,11
28,"4315442A",4,246,197,49
28,"4315443A",4,208,159,49
28,"4315444",4,13,11,2
28,"4315444A",4,274,217,57
28,"4415220",4,31,18,13
28,"4415220A",4,322,238,84
28,"4415221A",4,66,46,20
28,"4416220",4,48,20,28
28,"4416220A",4,444,323,121
28,"5011440",4,28,13,15
28,"5011440A",4,592,374,218
28,"5011441",4,10,5,5
28,"5011441A",4,210,130,80
28,"5012330A",4,14,8,6
28,"5012440",4,17,11,6
28,"5012440A",4,314,201,113
28,"5012441",4,12,7,5
28,"5012441A",4,77,56,21
28,"5012442A",4,49,14,35
28,"5013410",4,18,13,5
28,"5013410A",4,203,152,51
28,"5013440A",4,14,10,4
28,"5312440",4,11,4,7
28,"5312440A",4,186,133,53
28,"5312441A",4,128,89,39
28,"5313410",4,10,5,5
28,"5313410A",4,93,68,25
28,"5313411",4,22,14,8
28,"5313411A",4,95,75,20
28,"5313440A",4,80,62,18
28,"5313441",4,12,9,3
28,"5313441A",4,217,180,37
28,"5313442",4,19,15,4
28,"5313442A",4,250,169,81
28,"5612330",4,29,14,15
28,"5612330A",4,378,272,106
28,"5612331",4,68,43,25
28,"5612331A",4,580,411,169
28,"5612332",4,76,38,38
28,"5612332A",4,551,421,130
28,"5612333",4,58,35,23
28,"5612333A",4,422,298,124
28,"5612334",4,69,37,32
28,"5612334A",4,553,395,158
28,"5612335",4,25,18,7
28,"5612335A",4,333,254,79
28,"5612336",4,59,38,21
28,"5612336A",4,518,380,138
28,"5612337",4,91,60,31
28,"5612337A",4,622,474,148
28,"5612338",4,79,48,31
28,"5612338A",4,588,442,146
28,"5612339",4,21,9,12
28,"5612339A",4,252,188,64
28,"5612440",4,101,59,42
28,"5612440A",4,443,337,106
28,"5612441",4,76,56,20
28,"5612441A",4,451,318,133
28,"5614330A",4,52,30,22
28,"5614331",4,58,27,31
28,"5614331A",4,457,314,143
28,"5614332",4,83,52,31
28,"5614332A",4,587,397,190
28,"5614333",4,67,42,25
28,"5614333A",4,582,412,170
28,"5614335",4,73,39,34
28,"5614335A",4,391,243,148
28,"5614336",4,70,34,36
28,"5614336A",4,529,374,155
28,"CNTYTOT",0,64611,45317,19294
28,"AD04_TOT",0,64611,45317,19294
28,"CD04_TOT",0,64611,45317,19294
28,"SD03_TOT",0,64611,45317,19294
28,"BE02_TOT",0,64611,45317,19294
28,"SOV_CD04",0,64611,45317,19294
29,"CP01",3,224,48,176
29,"CP01A",3,1422,623,799
29,"CP02",3,213,39,174
29,"CP02A",3,1622,659,963
29,"CP03",3,142,95,47
29,"CP03A",3,575,460,115
29,"CP04",3,30,7,23
29,"CP04A",3,236,97,139
29,"CP05",3,59,5,54
29,"CP05A",3,349,148,201
29,"CP06",3,249,47,202
29,"CP06A",3,1290,501,789
29,"CP07",3,277,55,222
29,"CP07A",3,1403,530,873
29,"CP08",3,80,17,63
29,"CP08A",3,639,297,342
29,"CP09",3,135,37,98
29,"CP09A",3,1103,519,584
29,"CP10",3,174,40,134
29,"CP10A",3,1400,625,775
29,"CP11",3,57,18,39
29,"CP11A",3,652,408,244
29,"CP12",3,247,150,97
29,"CP12A",3,1192,876,316
29,"CP13",3,67,22,45
29,"CP13A",3,581,284,297
29,"CP14",3,145,45,100
29,"CP14A",3,1384,668,716
29,"CP15",3,50,5,45
29,"CP15A",3,196,101,95
29,"CP16A",3,44,22,22
29,"CP17A",3,21,12,9
29,"CP18",3,11,3,8
29,"CP18A",3,76,45,31
29,"CP19",3,259,137,122
29,"CP19A",3,1296,979,317
29,"CP20",3,47,12,35
29,"CP20A",3,398,164,234
29,"CP21A",3,12,4,8
29,"CP22",3,14,3,11
29,"CP22A",3,89,31,58
29,"CP23",3,43,9,34
29,"CP23A",3,233,100,133
29,"CP24A",3,64,25,39
29,"CP25",3,44,17,27
29,"CP25A",3,306,150,156
29,"CP26",3,97,31,66
29,"CP26A",3,481,247,234
29,"CP27",3,24,5,19
29,"CP27A",3,156,70,86
29,"CP28",3,56,18,38
29,"CP28A",3,333,185,148
29,"CP29",3,97,30,67
29,"CP29A",3,547,276,271
29,"CP30",3,21,4,17
29,"CP30A",3,93,32,61
29,"CP31",3,21,7,14
29,"CP31A",3,125,54,71
29,"CP32",3,12,4,8
29,"CP32A",3,96,67,29
29,"CP33",3,10,8,2
29,"CP33A",3,112,60,52
29,"CP34",3,193,113,80
29,"CP34A",3,1225,868,357
29,"CP35A",3,78,35,43
29,"CP36",3,28,6,22
29,"CP36A",3,203,85,118
29,"CP37",3,50,13,37
29,"CP37A",3,534,279,255
29,"CP38",3,149,87,62
29,"CP38A",3,971,763,208
29,"CP39",3,142,60,82
29,"CP39A",3,910,587,323
29,"CP40",3,89,30,59
29,"CP40A",3,336,226,110
29,"CP41A",3,51,21,30
29,"CP42",3,12,6,6
29,"CP42A",3,124,90,34
29,"CP43",3,111,44,67
29,"CP43A",3,809,452,357
29,"CP44",3,176,85,91
29,"CP44A",3,1325,879,446
29,"CP45",3,112,32,80
29,"CP45A",3,822,430,392
29,"CP46",3,52,19,33
29,"CP46A",3,318,187,131
29,"CP47",3,132,34,98
29,"CP47A",3,704,390,314
29,"CP48A",3,34,23,11
29,"CP49",3,23,7,16
29,"CP49A",3,126,89,37
29,"CP50A",3,188,113,75
29,"CP51",3,48,11,37
29,"CP51A",3,412,282,130
29,"CP52A",3,32,20,12
29,"CP53",3,71,33,38
29,"CP53A",3,483,281,202
29,"CP54",3,80,31,49
29,"CP54A",3,455,267,188
29,"CP55",3,42,11,31
29,"CP55A",3,317,162,155
29,"CP56",3,20,7,13
29,"CP56A",3,116,71,45
29,"CP57",3,13,3,10
29,"CP57A",3,99,54,45
29,"CP58",3,21,9,12
29,"CP58A",3,255,139,116
29,"CP59",3,48,10,38
29,"CP59A",3,433,245,188
29,"CP60",3,290,60,230
29,"CP60A",3,1325,572,753
29,"CP61",3,229,65,164
29,"CP61A",3,1562,729,833
29,"CP62",3,195,53,142
29,"CP62A",3,1482,718,764
29,"CP63",3,191,39,152
29,"CP63A",3,1397,708,689
29,"CP64",3,99,28,71
29,"CP64A",3,592,290,302
29,"CP65",3,19,6,13
29,"CP65A",3,87,59,28
29,"CP66",3,23,10,13
29,"CP66A",3,135,68,67
29,"CP67",3,150,54,96
29,"CP67A",3,945,464,481
29,"CP68",3,35,12,23
29,"CP68A",3,343,189,154
29,"CP69",3,13,4,9
29,"CP69A",3,118,34,84
29,"CP70",3,29,12,17
29,"CP70A",3,236,137,99
29,"CP71",3,191,106,85
29,"CP71A",3,1403,1077,326
29,"CP72",3,76,26,50
29,"CP72A",3,622,338,284
29,"CP73",3,119,33,86
29,"CP73A",3,915,443,472
29,"CP74",3,53,9,44
29,"CP74A",3,543,260,283
29,"CP75",3,61,21,40
29,"CP75A",3,461,237,224
29,"CP76",3,78,22,56
29,"CP76A",3,601,308,293
29,"CP77",3,42,13,29
29,"CP77A",3,243,122,121
29,"CP78",3,120,69,51
29,"CP78A",3,1035,794,241
29,"CP79",3,101,54,47
29,"CP79A",3,777,636,141
29,"CP80",3,108,59,49
29,"CP80A",3,494,359,135
29,"CP81",3,60,32,28
29,"CP81A",3,498,424,74
29,"CP82",3,75,39,36
29,"CP82A",3,664,414,250
29,"CP83",3,56,25,31
29,"CP83A",3,544,380,164
29,"CP84",3,90,30,60
29,"CP84A",3,996,705,291
29,"CP85",3,113,51,62
29,"CP85A",3,1372,858,514
29,"CP86",3,131,60,71
29,"CP86A",3,1056,692,364
29,"CP87",3,111,44,67
29,"CP87A",3,1113,656,457
29,"CP88",3,32,9,23
29,"CP88A",3,233,130,103
29,"CP89",3,17,6,11
29,"CP89A",3,76,34,42
29,"CP90",3,17,5,12
29,"CP90A",3,56,34,22
29,"CP91A",3,20,14,6
29,"CP92",3,192,120,72
29,"CP92A",3,1370,1066,304
29,"CP93",3,13,8,5
29,"CP93A",3,110,55,55
29,"CP94",3,20,11,9
29,"CP94A",3,153,89,64
29,"CP95",3,19,11,8
29,"CP95A",3,119,77,42
29,"CNTYTOT",0,61321,33317,28004
29,"AD01_TOT",0,61321,33317,28004
29,"CD03_TOT",0,61321,33317,28004
29,"SD01_TOT",0,51543,26196,25347
29,"SD04_TOT",0,9778,7121,2657
29,"BE01_TOT",0,61321,33317,28004
29,"SOV_CD03",0,61321,33317,28004
30,"02001",46,110,67,43
30,"02001A",46,245,177,68
30,"02002",46,60,41,19
30,"02002A",46,94,82,12
30,"02008",46,410,225,185
30,"02008A",46,1233,853,380
30,"02009",46,385,196,189
30,"02009A",46,1008,670,338
30,"02011",40,507,120,387
30,"02011A",40,1618,665,953
30,"02012",46,131,55,76
30,"02012A",46,360,240,120
30,"02015",46,80,36,44
30,"02015A",46,265,154,111
30,"02016",40,95,19,76
30,"02016A",40,303,145,158
30,"02020",46,391,190,201
30,"02020A",46,979,640,339
30,"02023",46,193,68,125
30,"02023A",46,625,435,190
30,"02025",46,248,142,106
30,"02025A",46,705,445,260
30,"02030",46,174,66,108
30,"02030A",46,488,293,195
30,"02031",46,120,65,55
30,"02031A",46,336,197,139
30,"02033",46,228,101,127
30,"02033A",46,702,423,279
30,"02038",40,181,30,151
30,"02038A",40,630,205,425
30,"02042",40,211,66,145
30,"02042A",40,532,296,236
30,"02047",40,642,189,453
30,"02047A",40,2635,1250,1385
30,"02048",40,344,88,256
30,"02048A",40,1215,558,657
30,"02049",40,303,65,238
30,"02049A",40,924,408,516
30,"02051",40,395,114,281
30,"02051A",40,1707,702,1005
30,"02054",46,363,159,204
30,"02054A",46,1290,797,493
30,"02055",46,224,121,103
30,"02055A",46,653,451,202
30,"02060",40,109,30,79
30,"02060A",40,388,160,228
30,"02069",40,135,29,106
30,"02069A",40,673,345,328
30,"02071",40,319,84,235
30,"02071A",40,1333,567,766
30,"02073",46,192,74,118
30,"02073A",46,534,325,209
30,"02079",40,642,172,470
30,"02079A",40,2460,1117,1343
30,"02082",40,552,160,392
30,"02082A",40,1886,938,948
30,"02088",40,170,75,95
30,"02088A",40,752,415,337
30,"02094",40,660,150,510
30,"02094A",40,2230,1061,1169
30,"02098",46,107,62,45
30,"02098A",46,252,164,88
30,"02099",46,74,43,31
30,"02099A",46,176,130,46
30,"02117",46,440,256,184
30,"02117A",46,1288,878,410
30,"02122",46,17,10,7
30,"02122A",46,56,33,23
30,"02128",46,354,207,147
30,"02128A",46,973,649,324
30,"02134",46,449,268,181
30,"02134A",46,1397,967,430
30,"02143",46,519,302,217
30,"02143A",46,1671,1215,456
30,"02151",46,236,125,111
30,"02151A",46,854,526,328
30,"02152",46,345,146,199
30,"02152A",46,1350,807,543
30,"02153",46,39,21,18
30,"02153A",46,96,81,15
30,"02160",46,319,143,176
30,"02160A",46,974,557,417
30,"02166",46,472,212,260
30,"02166A",46,1328,844,484
30,"02171",46,219,87,132
30,"02171A",46,805,461,344
30,"02181",46,343,175,168
30,"02181A",46,1352,877,475
30,"02182",46,133,47,86
30,"02182A",46,551,357,194
30,"02187",46,482,273,209
30,"02187A",46,1144,829,315
30,"02193",46,478,290,188
30,"02193A",46,1324,1013,311
30,"02194",46,604,340,264
30,"02194A",46,1523,1121,402
30,"02201",46,504,267,237
30,"02201A",46,1690,1169,521
30,"02205",46,222,135,87
30,"02205A",46,668,465,203
30,"02212",46,179,113,66
30,"02212A",46,630,443,187
30,"02216",46,402,243,159
30,"02216A",46,953,722,231
30,"02224",46,486,258,228
30,"02224A",46,1465,971,494
30,"02225",46,713,421,292
30,"02225A",46,1530,1038,492
30,"02228",46,233,146,87
30,"02228A",46,474,360,114
30,"02229",46,273,128,145
30,"02229A",46,866,500,366
30,"02230",46,505,226,279
30,"02230A",46,1733,1085,648
30,"02234",40,519,121,398
30,"02234A",40,1962,831,1131
30,"02235",40,411,112,299
30,"02235A",40,1291,656,635
30,"02306",46,26,12,14
30,"02306A",46,61,38,23
30,"02307",46,42,20,22
30,"02307A",46,144,87,57
30,"02315",46,343,146,197
30,"02315A",46,941,573,368
30,"02319",46,149,84,65
30,"02319A",46,271,201,70
30,"02321",46,231,127,104
30,"02321A",46,653,430,223
30,"02322A",46,9,5,4
30,"02331",46,41,17,24
30,"02331A",46,147,90,57
30,"02338",46,121,55,66
30,"02338A",46,320,191,129
30,"02341",46,264,119,145
30,"02341A",46,855,523,332
30,"02347",46,212,111,101
30,"02347A",46,730,458,272
30,"02352",46,200,95,105
30,"02352A",46,538,332,206
30,"02355",46,51,24,27
30,"02355A",46,141,102,39
30,"02356",46,238,136,102
30,"02356A",46,598,412,186
30,"02357",46,324,142,182
30,"02357A",46,883,523,360
30,"02361",46,40,12,28
30,"02361A",46,170,97,73
30,"02362",46,156,85,71
30,"02362A",46,298,181,117
30,"02368",46,138,74,64
30,"02368A",46,400,284,116
30,"02370",46,29,16,13
30,"02370A",46,129,75,54
30,"02377",46,44,20,24
30,"02377A",46,162,95,67
30,"02385",46,127,67,60
30,"02385A",46,392,269,123
30,"02387",46,124,56,68
30,"02387A",46,438,294,144
30,"02389",46,220,125,95
30,"02389A",46,684,480,204
30,"02391",46,355,168,187
30,"02391A",46,988,632,356
30,"02392A",40,16,6,10
30,"02395",46,336,168,168
30,"02395A",46,1175,693,482
30,"02402",46,124,58,66
30,"02402A",46,331,203,128
30,"02405",46,736,485,251
30,"02405A",46,1849,1364,485
30,"02409",46,11,7,4
30,"02409A",46,33,30,3
30,"02423",46,128,60,68
30,"02423A",46,434,264,170
30,"02432",46,231,114,117
30,"02432A",46,786,490,296
30,"02434",46,16,6,10
30,"02434A",46,48,36,12
30,"02437",46,432,188,244
30,"02437A",46,1465,858,607
30,"02438",46,87,49,38
30,"02438A",46,182,123,59
30,"02440",46,194,109,85
30,"02440A",46,713,425,288
30,"02441",40,66,35,31
30,"02441A",40,88,57,31
30,"02443",46,435,189,246
30,"02443A",46,1481,935,546
30,"02448",46,458,238,220
30,"02448A",46,936,639,297
30,"02457",46,203,97,106
30,"02457A",46,603,394,209
30,"02459A",46,20,8,12
30,"02808",46,23,9,14
30,"02808A",46,185,109,76
30,"02812",46,48,34,14
30,"02812A",46,111,82,29
30,"02814",40,33,15,18
30,"02814A",40,129,76,53
30,"02817A",40,27,18,9
30,"02819",40,26,12,14
30,"02819A",40,44,23,21
30,"02820",46,183,99,84
30,"02820A",46,518,351,167
30,"02826",46,116,54,62
30,"02826A",46,287,167,120
30,"02827",46,104,55,49
30,"02827A",46,242,161,81
30,"02828",46,40,22,18
30,"02828A",46,96,53,43
30,"02834",46,77,44,33
30,"02834A",46,179,130,49
30,"02836",46,117,90,27
30,"02836A",46,208,167,41
30,"02837",46,345,199,146
30,"02837A",46,811,609,202
30,"02840",40,600,175,425
30,"02840A",40,1708,875,833
30,"02843A",46,54,20,34
30,"02844",46,64,23,41
30,"02844A",46,143,73,70
30,"02847",46,150,78,72
30,"02847A",46,446,298,148
30,"05303",45,221,95,126
30,"05303A",45,664,398,266
30,"05307",45,242,55,187
30,"05307A",45,659,336,323
30,"05308",45,124,40,84
30,"05308A",45,422,283,139
30,"05311",45,227,76,151
30,"05311A",45,715,402,313
30,"05319",45,445,125,320
30,"05319A",45,1382,694,688
30,"05333A",45,72,19,53
30,"05334",40,45,8,37
30,"05334A",40,210,94,116
30,"05339",40,315,93,222
30,"05339A",40,1493,627,866
30,"05340",45,212,53,159
30,"05340A",45,1163,553,610
30,"05379",40,197,70,127
30,"05379A",40,915,426,489
30,"05380",45,359,104,255
30,"05380A",45,1361,653,708
30,"05381",45,388,106,282
30,"05381A",45,1718,849,869
30,"05384",45,134,34,100
30,"05384A",45,481,225,256
30,"05386",45,445,126,319
30,"05386A",45,2117,938,1179
30,"05389",45,68,19,49
30,"05389A",45,239,97,142
30,"05392",45,19,2,17
30,"05392A",45,127,53,74
30,"05396",45,25,8,17
30,"05396A",45,114,58,56
30,"05397",45,294,89,205
30,"05397A",45,825,410,415
30,"05800",40,110,25,85
30,"05800A",40,519,218,301
30,"05804",45,12,5,7
30,"05804A",45,139,79,60
30,"05806",40,30,18,12
30,"05806A",40,78,41,37
30,"05808",40,113,32,81
30,"05808A",40,427,216,211
30,"05811",45,742,243,499
30,"05811A",45,2288,1226,1062
30,"07092",45,85,34,51
30,"07092A",45,274,171,103
30,"07093",45,20,9,11
30,"07093A",45,71,48,23
30,"07094",45,87,33,54
30,"07094A",45,173,102,71
30,"07095",45,46,27,19
30,"07095A",45,119,58,61
30,"07098",45,79,36,43
30,"07098A",45,243,140,103
30,"07101",45,108,58,50
30,"07101A",45,373,231,142
30,"07104",45,164,99,65
30,"07104A",45,301,186,115
30,"07106",45,60,19,41
30,"07106A",45,193,88,105
30,"07108",45,105,42,63
30,"07108A",45,365,203,162
30,"07109",45,246,108,138
30,"07109A",45,919,513,406
30,"07110",45,100,48,52
30,"07110A",45,395,215,180
30,"07112",45,144,64,80
30,"07112A",45,481,257,224
30,"07120",45,64,21,43
30,"07120A",45,186,96,90
30,"07121",45,74,30,44
30,"07121A",45,172,94,78
30,"07122",45,329,117,212
30,"07122A",45,912,489,423
30,"07123",45,48,17,31
30,"07123A",45,137,71,66
30,"07124",45,63,32,31
30,"07124A",45,181,99,82
30,"07125",45,21,10,11
30,"07125A",45,43,26,17
30,"07126",45,251,105,146
30,"07126A",45,932,476,456
30,"07127",45,34,9,25
30,"07127A",45,152,80,72
30,"07129",45,37,8,29
30,"07129A",45,183,97,86
30,"07130",45,9,6,3
30,"07130A",45,12,8,4
30,"07131",45,71,20,51
30,"07131A",45,270,163,107
30,"07133",45,38,17,21
30,"07133A",45,140,80,60
30,"07134",45,119,57,62
30,"07134A",45,330,221,109
30,"07135",45,144,48,96
30,"07135A",45,319,150,169
30,"07136A",45,19,14,5
30,"07137",45,33,13,20
30,"07137A",45,187,94,93
30,"07138",45,213,59,154
30,"07138A",45,672,359,313
30,"07139",45,12,5,7
30,"07139A",45,53,25,28
30,"07140",45,134,54,80
30,"07140A",45,473,237,236
30,"07145",45,155,49,106
30,"07145A",45,408,239,169
30,"07146",45,67,23,44
30,"07146A",45,209,99,110
30,"07147",45,48,20,28
30,"07147A",45,268,161,107
30,"07148A",45,30,19,11
30,"07149",45,138,35,103
30,"07149A",45,612,311,301
30,"07151",45,163,60,103
30,"07151A",45,539,311,228
30,"07152",45,286,99,187
30,"07152A",45,873,464,409
30,"07158",45,117,29,88
30,"07158A",45,343,200,143
30,"07161",45,25,7,18
30,"07161A",45,128,73,55
30,"07166",45,241,66,175
30,"07166A",45,769,446,323
30,"07167",45,410,153,257
30,"07167A",45,1608,883,725
30,"07170",45,123,44,79
30,"07170A",45,362,193,169
30,"07172",45,68,31,37
30,"07172A",45,181,102,79
30,"07174",45,91,29,62
30,"07174A",45,401,212,189
30,"07176",45,273,82,191
30,"07176A",45,824,422,402
30,"07181A",45,28,15,13
30,"07182",45,470,186,284
30,"07182A",45,2182,990,1192
30,"07185",45,65,34,31
30,"07185A",45,185,133,52
30,"07186",45,78,36,42
30,"07186A",45,190,94,96
30,"07187",45,34,9,25
30,"07187A",45,103,43,60
30,"07801",45,24,14,10
30,"07801A",45,75,56,19
30,"07802",45,27,11,16
30,"07802A",45,130,49,81
30,"07803",45,77,33,44
30,"07803A",45,220,137,83
30,"07804",45,22,9,13
30,"07804A",45,33,21,12
30,"07805",45,64,49,15
30,"07805A",45,137,91,46
30,"07806",45,30,16,14
30,"07806A",45,65,38,27
30,"07807",45,27,16,11
30,"07807A",45,49,30,19
30,"07808",45,76,26,50
30,"07808A",45,290,166,124
30,"07809",45,134,60,74
30,"07809A",45,286,202,84
30,"07810",45,72,42,30
30,"07810A",45,144,101,43
30,"07811",45,259,93,166
30,"07811A",45,726,408,318
30,"07813",45,56,18,38
30,"07813A",45,280,164,116
30,"07814",45,25,16,9
30,"07814A",45,89,50,39
30,"07815",45,29,5,24
30,"07815A",45,85,44,41
30,"07816",45,68,27,41
30,"07816A",45,171,97,74
30,"07817",45,39,23,16
30,"07817A",45,94,62,32
30,"07818",45,101,65,36
30,"07818A",45,153,94,59
30,"07819",45,72,41,31
30,"07819A",45,109,63,46
30,"07820",45,52,25,27
30,"07820A",45,170,90,80
30,"10315A",45,90,43,47
30,"10316",45,330,107,223
30,"10316A",45,1196,670,526
30,"10317",45,175,49,126
30,"10317A",45,583,318,265
30,"10319",45,492,142,350
30,"10319A",45,1871,957,914
30,"10320",45,250,85,165
30,"10320A",45,1325,748,577
30,"10325",45,262,82,180
30,"10325A",45,1028,531,497
30,"10326",45,88,40,48
30,"10326A",45,368,205,163
30,"10333",45,252,82,170
30,"10333A",45,570,312,258
30,"10337",45,203,68,135
30,"10337A",45,702,399,303
30,"10338",45,211,51,160
30,"10338A",45,832,395,437
30,"10340",45,288,100,188
30,"10340A",45,807,433,374
30,"10342A",45,30,14,16
30,"10361",45,334,93,241
30,"10361A",45,1252,671,581
30,"10362",45,203,90,113
30,"10362A",45,525,266,259
30,"10364",45,364,160,204
30,"10364A",45,838,527,311
30,"10367",45,286,86,200
30,"10367A",45,1102,557,545
30,"10374",45,84,46,38
30,"10374A",45,186,100,86
30,"10380",45,350,103,247
30,"10380A",45,1309,666,643
30,"10383",45,25,8,17
30,"10383A",45,70,39,31
30,"10388",45,181,53,128
30,"10388A",45,506,246,260
30,"10800",45,270,92,178
30,"10800A",45,617,330,287
30,"10801",45,40,22,18
30,"10801A",45,78,52,26
30,"10808",45,30,11,19
30,"10808A",45,70,42,28
30,"10809",45,89,37,52
30,"10809A",45,265,164,101
30,"10810",45,187,59,128
30,"10810A",45,581,312,269
30,"10811",45,178,60,118
30,"10811A",45,700,367,333
30,"10813",45,197,65,132
30,"10813A",45,635,310,325
30,"11041",45,180,65,115
30,"11041A",45,745,366,379
30,"11043",45,128,44,84
30,"11043A",45,330,170,160
30,"11075",45,17,7,10
30,"11075A",45,78,45,33
30,"11351",45,113,35,78
30,"11351A",45,416,209,207
30,"11355",45,188,66,122
30,"11355A",45,617,348,269
30,"11357A",45,28,7,21
30,"11360A",45,34,20,14
30,"11362",45,73,23,50
30,"11362A",45,216,126,90
30,"11801",45,166,59,107
30,"11801A",45,531,282,249
30,"11802",45,154,68,86
30,"11802A",45,473,276,197
30,"11805",45,87,35,52
30,"11805A",45,355,172,183
30,"11806",45,128,59,69
30,"11806A",45,491,276,215
30,"11808",45,61,27,34
30,"11808A",45,210,119,91
30,"11809",45,61,23,38
30,"11809A",45,219,124,95
30,"11810",45,52,19,33
30,"11810A",45,256,137,119
30,"11811",45,73,22,51
30,"11811A",45,307,175,132
30,"11812",45,55,10,45
30,"11812A",45,210,112,98
30,"11813",45,16,4,12
30,"11813A",45,123,75,48
30,"13030",46,21,15,6
30,"13030A",46,23,17,6
30,"13032",46,60,33,27
30,"13032A",46,157,96,61
30,"13033",46,154,65,89
30,"13033A",46,376,228,148
30,"13035",46,44,21,23
30,"13035A",46,135,94,41
30,"13036",46,24,12,12
30,"13036A",46,60,49,11
30,"13038",46,245,103,142
30,"13038A",46,805,506,299
30,"13041",45,304,72,232
30,"13041A",45,1166,534,632
30,"13042",46,33,8,25
30,"13042A",46,96,58,38
30,"13043",46,405,214,191
30,"13043A",46,962,690,272
30,"13044",46,373,155,218
30,"13044A",46,948,566,382
30,"13047",46,529,313,216
30,"13047A",46,1612,1075,537
30,"13053",46,641,299,342
30,"13053A",46,1699,1041,658
30,"13057",45,579,196,383
30,"13057A",45,2157,1192,965
30,"13061",46,78,36,42
30,"13061A",46,213,141,72
30,"13063",45,330,97,233
30,"13063A",45,1359,569,790
30,"13064",46,76,38,38
30,"13064A",46,185,127,58
30,"13065",45,508,423,85
30,"13065A",45,276,229,47
30,"13069",46,226,112,114
30,"13069A",46,635,428,207
30,"13074",46,355,194,161
30,"13074A",46,936,700,236
30,"13076",46,114,55,59
30,"13076A",46,291,183,108
30,"13077",45,147,64,83
30,"13077A",45,627,329,298
30,"13078",46,179,72,107
30,"13078A",46,557,371,186
30,"13080",45,307,144,163
30,"13080A",45,1015,616,399
30,"13082",45,424,103,321
30,"13082A",45,1583,764,819
30,"13086",45,504,163,341
30,"13086A",45,1803,852,951
30,"13096",45,463,165,298
30,"13096A",45,2038,873,1165
30,"13098",45,191,36,155
30,"13098A",45,1021,443,578
30,"13099",45,211,51,160
30,"13099A",45,1079,474,605
30,"13101",46,37,19,18
30,"13101A",46,59,44,15
30,"13102",46,87,25,62
30,"13102A",46,317,186,131
30,"13205",46,262,100,162
30,"13205A",46,547,316,231
30,"13208",45,239,99,140
30,"13208A",45,713,418,295
30,"13215",45,38,18,20
30,"13215A",45,103,70,33
30,"13216",45,27,11,16
30,"13216A",45,164,71,93
30,"13218",46,51,27,24
30,"13218A",46,207,118,89
30,"13220",45,396,166,230
30,"13220A",45,1224,754,470
30,"13221",45,85,27,58
30,"13221A",45,305,149,156
30,"13227",45,227,77,150
30,"13227A",45,867,475,392
30,"13231",46,104,35,69
30,"13231A",46,357,189,168
30,"13307",45,57,23,34
30,"13307A",45,193,61,132
30,"13375",46,27,12,15
30,"13375A",46,41,29,12
30,"13376",45,168,67,101
30,"13376A",45,1086,527,559
30,"13377",45,449,132,317
30,"13377A",45,2042,979,1063
30,"13379",45,22,3,19
30,"13379A",45,119,47,72
30,"13383",45,96,38,58
30,"13383A",45,549,254,295
30,"13395",45,102,27,75
30,"13395A",45,548,261,287
30,"13396",46,600,287,313
30,"13396A",46,1450,925,525
30,"13398",46,257,107,150
30,"13398A",46,775,504,271
30,"13416",45,51,14,37
30,"13416A",45,205,109,96
30,"13431",45,385,215,170
30,"13431A",45,940,647,293
30,"13432",45,294,170,124
30,"13432A",45,679,447,232
30,"13434",46,42,16,26
30,"13434A",46,90,56,34
30,"13460",45,47,14,33
30,"13460A",45,287,118,169
30,"13461",45,185,104,81
30,"13461A",45,428,283,145
30,"13463",45,120,25,95
30,"13463A",45,742,348,394
30,"13804",45,24,7,17
30,"13804A",45,51,21,30
30,"13806A",46,14,10,4
30,"13807",45,10,2,8
30,"13807A",45,42,21,21
30,"13808",45,80,32,48
30,"13808A",45,253,148,105
30,"13809A",46,45,27,18
30,"13812",45,41,20,21
30,"13812A",45,139,90,49
30,"13813",45,12,3,9
30,"13813A",45,54,37,17
30,"13814",46,87,56,31
30,"13814A",46,227,173,54
30,"13815",45,129,51,78
30,"13815A",45,427,256,171
30,"13817",45,151,84,67
30,"13817A",45,286,201,85
30,"13819",45,16,11,5
30,"13819A",45,47,33,14
30,"13820",45,67,37,30
30,"13820A",45,133,91,42
30,"13822",46,71,31,40
30,"13822A",46,160,86,74
30,"13823",46,93,39,54
30,"13823A",46,361,208,153
30,"13824",46,81,48,33
30,"13824A",46,319,183,136
30,"13832A",46,11,8,3
30,"13833",46,104,48,56
30,"13833A",46,336,199,137
30,"13834",45,73,29,44
30,"13834A",45,290,146,144
30,"13835",45,164,65,99
30,"13835A",45,439,221,218
30,"13836",45,45,17,28
30,"13836A",45,266,132,134
30,"13837",45,51,11,40
30,"13837A",45,181,92,89
30,"13838",45,57,33,24
30,"13838A",45,101,79,22
30,"14002",45,481,227,254
30,"14002A",45,1416,805,611
30,"14005",45,127,54,73
30,"14005A",45,397,229,168
30,"14009",45,246,84,162
30,"14009A",45,746,450,296
30,"14012",45,370,166,204
30,"14012A",45,1022,580,442
30,"14014",45,393,186,207
30,"14014A",45,1065,605,460
30,"14018",45,223,103,120
30,"14018A",45,876,559,317
30,"14020",45,497,188,309
30,"14020A",45,1582,865,717
30,"14026",45,359,126,233
30,"14026A",45,1228,665,563
30,"14031",45,523,238,285
30,"14031A",45,1548,816,732
30,"14033",45,300,116,184
30,"14033A",45,1074,556,518
30,"14036",45,301,123,178
30,"14036A",45,840,446,394
30,"14037",45,562,244,318
30,"14037A",45,1720,1002,718
30,"14040",45,479,212,267
30,"14040A",45,1381,787,594
30,"14044",45,58,33,25
30,"14044A",45,211,117,94
30,"14047",45,369,166,203
30,"14047A",45,1382,757,625
30,"14053",45,265,111,154
30,"14053A",45,870,483,387
30,"14058",45,217,111,106
30,"14058A",45,807,455,352
30,"14061",45,247,99,148
30,"14061A",45,931,484,447
30,"14066",45,186,72,114
30,"14066A",45,606,313,293
30,"14069",45,260,106,154
30,"14069A",45,801,437,364
30,"14071",45,350,157,193
30,"14071A",45,1222,669,553
30,"14075",45,737,164,573
30,"14075A",45,2311,1146,1165
30,"14078",45,527,126,401
30,"14078A",45,1327,628,699
30,"14086",45,687,203,484
30,"14086A",45,1850,903,947
30,"14218",45,64,31,33
30,"14218A",45,299,197,102
30,"14221",45,377,235,142
30,"14221A",45,1453,945,508
30,"14229",45,590,266,324
30,"14229A",45,1780,1032,748
30,"14235",45,273,112,161
30,"14235A",45,811,489,322
30,"14236",45,448,204,244
30,"14236A",45,1739,1102,637
30,"14237",45,424,252,172
30,"14237A",45,1325,810,515
30,"14244",45,207,102,105
30,"14244A",45,507,294,213
30,"14247",45,83,39,44
30,"14247A",45,343,176,167
30,"14249",45,307,160,147
30,"14249A",45,875,480,395
30,"14251",45,266,131,135
30,"14251A",45,731,407,324
30,"14275",45,157,63,94
30,"14275A",45,602,315,287
30,"14282",45,30,12,18
30,"14282A",45,180,102,78
30,"14285A",46,40,25,15
30,"14291",45,15,6,9
30,"14291A",45,92,48,44
30,"14293",45,85,46,39
30,"14293A",45,313,216,97
30,"14295",45,145,83,62
30,"14295A",45,440,271,169
30,"14297",45,226,87,139
30,"14297A",45,715,367,348
30,"14298",45,102,43,59
30,"14298A",45,409,223,186
30,"14308",45,196,85,111
30,"14308A",45,664,348,316
30,"14316",45,239,84,155
30,"14316A",45,801,414,387
30,"14317",45,506,193,313
30,"14317A",45,1742,902,840
30,"14800",45,116,62,54
30,"14800A",45,200,124,76
30,"14801",45,52,27,25
30,"14801A",45,97,60,37
30,"14802",45,16,5,11
30,"14802A",45,42,24,18
30,"14804",45,28,15,13
30,"14804A",45,120,58,62
30,"14805",45,88,46,42
30,"14805A",45,227,145,82
30,"14809",45,176,70,106
30,"14809A",45,573,321,252
30,"14820",45,587,169,418
30,"14820A",45,1455,706,749
30,"14821",45,13,8,5
30,"14821A",45,56,28,28
30,"14823",45,189,78,111
30,"14823A",45,516,244,272
30,"16101",46,160,80,80
30,"16101A",46,493,278,215
30,"16106",46,27,6,21
30,"16106A",46,97,58,39
30,"16109",46,18,7,11
30,"16109A",46,33,20,13
30,"17251",38,512,180,332
30,"17251A",38,1932,1070,862
30,"17255",38,500,240,260
30,"17255A",38,1390,920,470
30,"17258",38,367,187,180
30,"17258A",38,827,546,281
30,"17260",38,233,77,156
30,"17260A",38,668,410,258
30,"17261",38,132,52,80
30,"17261A",38,454,283,171
30,"17263",38,30,9,21
30,"17263A",38,57,37,20
30,"17266",38,205,80,125
30,"17266A",38,520,276,244
30,"17271",38,97,33,64
30,"17271A",38,597,267,330
30,"17272",38,212,88,124
30,"17272A",38,784,482,302
30,"17274",38,395,149,246
30,"17274A",38,1262,826,436
30,"17278",38,144,54,90
30,"17278A",38,540,331,209
30,"17279",38,240,72,168
30,"17279A",38,816,448,368
30,"17281",38,440,143,297
30,"17281A",38,1079,558,521
30,"17286",38,92,50,42
30,"17286A",38,385,270,115
30,"17290",38,722,274,448
30,"17290A",38,2130,1198,932
30,"17334",38,170,60,110
30,"17334A",38,516,272,244
30,"17335",38,169,54,115
30,"17335A",38,417,219,198
30,"17345",38,253,107,146
30,"17345A",38,678,433,245
30,"17348",38,231,81,150
30,"17348A",38,612,361,251
30,"17355",38,392,192,200
30,"17355A",38,1400,853,547
30,"17800",38,183,53,130
30,"17800A",38,584,301,283
30,"17801",38,10,4,6
30,"17801A",38,34,12,22
30,"21369",46,237,131,106
30,"21369A",46,863,555,308
30,"21375A",46,36,17,19
30,"21376",46,123,56,67
30,"21376A",46,446,276,170
30,"21377",46,28,15,13
30,"21377A",46,112,70,42
30,"21380",46,255,119,136
30,"21380A",46,769,494,275
30,"22166",45,15,8,7
30,"22166A",45,193,97,96
30,"23145",45,182,87,95
30,"23145A",45,514,342,172
30,"23146",45,121,59,62
30,"23146A",45,289,169,120
30,"23147",45,418,119,299
30,"23147A",45,1369,674,695
30,"23150",45,66,18,48
30,"23150A",45,218,112,106
30,"23152",45,28,14,14
30,"23152A",45,67,37,30
30,"23153",45,63,31,32
30,"23153A",45,128,73,55
30,"23154",45,248,87,161
30,"23154A",45,657,355,302
30,"23155",45,27,16,11
30,"23155A",45,52,35,17
30,"23156",45,46,15,31
30,"23156A",45,107,57,50
30,"23162",45,55,14,41
30,"23162A",45,195,99,96
30,"23164",45,140,26,114
30,"23164A",45,474,199,275
30,"23165",45,79,19,60
30,"23165A",45,213,95,118
30,"23169",45,54,20,34
30,"23169A",45,233,117,116
30,"23174",45,204,43,161
30,"23174A",45,726,334,392
30,"23177",45,136,41,95
30,"23177A",45,405,197,208
30,"23178",45,419,126,293
30,"23178A",45,1431,693,738
30,"23180",45,498,142,356
30,"23180A",45,2234,1071,1163
30,"23188",45,74,38,36
30,"23188A",45,232,121,111
30,"23193",45,140,54,86
30,"23193A",45,402,195,207
30,"23194",45,129,58,71
30,"23194A",45,295,185,110
30,"23196",45,457,183,274
30,"23196A",45,1149,690,459
30,"23203",45,271,86,185
30,"23203A",45,996,502,494
30,"23206",45,255,154,101
30,"23206A",45,497,354,143
30,"23207",45,17,1,16
30,"23207A",45,69,40,29
30,"23213",45,43,29,14
30,"23213A",45,110,88,22
30,"23214",45,181,51,130
30,"23214A",45,528,236,292
30,"23216",45,68,23,45
30,"23216A",45,320,138,182
30,"23217",45,256,110,146
30,"23217A",45,576,369,207
30,"23221",45,32,6,26
30,"23221A",45,129,56,73
30,"23223",45,54,9,45
30,"23223A",45,135,69,66
30,"23224",45,26,8,18
30,"23224A",45,69,43,26
30,"23225",45,192,105,87
30,"23225A",45,399,262,137
30,"23227",45,54,17,37
30,"23227A",45,141,56,85
30,"23230",45,149,52,97
30,"23230A",45,526,278,248
30,"23800",45,138,66,72
30,"23800A",45,357,241,116
30,"23801",45,80,29,51
30,"23801A",45,212,95,117
30,"23802",45,45,13,32
30,"23802A",45,112,58,54
30,"23804",45,55,14,41
30,"23804A",45,129,68,61
30,"23805",45,46,14,32
30,"23805A",45,98,38,60
30,"23806A",45,22,13,9
30,"23807",45,57,24,33
30,"23807A",45,226,101,125
30,"23809A",45,15,8,7
30,"23810",45,78,17,61
30,"23810A",45,468,214,254
30,"23811",45,145,51,94
30,"23811A",45,664,328,336
30,"23812",45,20,4,16
30,"23812A",45,104,46,58
30,"23814",45,51,22,29
30,"23814A",45,260,126,134
30,"23815",45,46,11,35
30,"23815A",45,197,72,125
30,"25230",47,74,31,43
30,"25230A",47,580,346,234
30,"25231",40,278,82,196
30,"25231A",40,2734,1442,1292
30,"25234",40,332,110,222
30,"25234A",40,2850,1560,1290
30,"25371A",40,54,31,23
30,"25377",40,17,4,13
30,"25377A",40,105,48,57
30,"25382",40,67,26,41
30,"25382A",40,492,243,249
30,"25385",40,343,102,241
30,"25385A",40,2251,1217,1034
30,"25391",40,38,9,29
30,"25391A",40,412,186,226
30,"25800",40,248,90,158
30,"25800A",40,2038,1126,912
30,"27113",46,162,80,82
30,"27113A",46,524,317,207
30,"27115",46,55,26,29
30,"27115A",46,171,95,76
30,"27117",46,104,41,63
30,"27117A",46,320,192,128
30,"27133",46,34,16,18
30,"27133A",46,43,31,12
30,"27134",46,17,10,7
30,"27134A",46,45,29,16
30,"27135",46,95,45,50
30,"27135A",46,179,107,72
30,"27136",46,60,22,38
30,"27136A",46,160,95,65
30,"27138",46,86,40,46
30,"27138A",46,155,86,69
30,"27141",46,23,11,12
30,"27141A",46,53,41,12
30,"27142",46,56,29,27
30,"27142A",46,154,105,49
30,"27143",46,43,27,16
30,"27143A",46,89,62,27
30,"27145",46,108,55,53
30,"27145A",46,336,217,119
30,"27147",46,198,93,105
30,"27147A",46,496,325,171
30,"27149",46,179,94,85
30,"27149A",46,559,332,227
30,"27156",46,235,96,139
30,"27156A",46,847,492,355
30,"27157A",46,14,9,5
30,"27159",46,335,167,168
30,"27159A",46,1094,607,487
30,"27161",46,209,120,89
30,"27161A",46,489,301,188
30,"27162",46,167,55,112
30,"27162A",46,517,293,224
30,"27163",46,208,101,107
30,"27163A",46,539,351,188
30,"27164",46,30,13,17
30,"27164A",46,55,39,16
30,"27170",46,181,84,97
30,"27170A",46,588,348,240
30,"27800",46,65,25,40
30,"27800A",46,180,112,68
30,"27801",46,15,6,9
30,"27801A",46,48,24,24
30,"27802",46,15,5,10
30,"27802A",46,97,52,45
30,"27803",46,137,68,69
30,"27803A",46,286,192,94
30,"27805",46,44,13,31
30,"27805A",46,142,95,47
30,"28200",40,117,34,83
30,"28200A",40,412,214,198
30,"28247",40,148,15,133
30,"28247A",40,444,125,319
30,"28800",40,78,22,56
30,"28800A",40,230,122,108
30,"29277",40,501,135,366
30,"29277A",40,1760,732,1028
30,"29279",40,450,87,363
30,"29279A",40,1743,625,1118
30,"29285",40,726,126,600
30,"29285A",40,2762,996,1766
30,"29286",40,297,54,243
30,"29286A",40,1057,395,662
30,"29289A",40,13,3,10
30,"29292",40,372,59,313
30,"29292A",40,1215,458,757
30,"29294",40,359,69,290
30,"29294A",40,1117,438,679
30,"29295",40,92,28,64
30,"29295A",40,294,127,167
30,"29299",40,554,115,439
30,"29299A",40,1500,550,950
30,"29300",40,345,76,269
30,"29300A",40,1055,405,650
30,"29304",40,268,59,209
30,"29304A",40,818,293,525
30,"29308",40,395,99,296
30,"29308A",40,1398,557,841
30,"29314",40,533,101,432
30,"29314A",40,1921,705,1216
30,"29316A",40,11,2,9
30,"29345",40,123,28,95
30,"29345A",40,498,178,320
30,"29346",45,55,11,44
30,"29346A",45,277,117,160
30,"29347",40,622,114,508
30,"29347A",40,1730,651,1079
30,"29349",40,192,33,159
30,"29349A",40,632,215,417
30,"29356",40,341,53,288
30,"29356A",40,1383,516,867
30,"29359",40,524,109,415
30,"29359A",40,1770,615,1155
30,"29361",40,57,11,46
30,"29361A",40,217,69,148
30,"29362",40,389,82,307
30,"29362A",40,1566,609,957
30,"29363",40,445,116,329
30,"29363A",40,1262,533,729
30,"29365",40,164,30,134
30,"29365A",40,680,247,433
30,"29370",40,600,120,480
30,"29370A",40,2345,843,1502
30,"29371",40,30,14,16
30,"29371A",40,43,22,21
30,"29800",40,49,11,38
30,"29800A",40,79,41,38
30,"29801",40,63,18,45
30,"29801A",40,186,85,101
30,"29810",40,347,96,251
30,"29810A",40,978,463,515
30,"31002",45,197,49,148
30,"31002A",45,929,441,488
30,"31004",45,196,83,113
30,"31004A",45,715,396,319
30,"31009",45,206,58,148
30,"31009A",45,762,371,391
30,"31010",45,382,122,260
30,"31010A",45,1434,667,767
30,"31013",45,158,60,98
30,"31013A",45,622,374,248
30,"31014",45,99,22,77
30,"31014A",45,468,217,251
30,"31016",45,398,142,256
30,"31016A",45,1326,641,685
30,"31201",45,179,42,137
30,"31201A",45,709,346,363
30,"31210",45,64,15,49
30,"31210A",45,265,147,118
30,"31213",45,73,26,47
30,"31213A",45,331,158,173
30,"31214",45,273,85,188
30,"31214A",45,1129,613,516
30,"31218",45,401,184,217
30,"31218A",45,1564,833,731
30,"31224",45,219,55,164
30,"31224A",45,995,469,526
30,"31225",45,321,99,222
30,"31225A",45,1280,583,697
30,"31246",45,204,72,132
30,"31246A",45,601,323,278
30,"31248",45,343,115,228
30,"31248A",45,1632,861,771
30,"31802",45,185,58,127
30,"31802A",45,674,327,347
30,"31803",45,179,66,113
30,"31803A",45,540,270,270
30,"31808",45,208,59,149
30,"31808A",45,942,482,460
30,"31809",45,180,63,117
30,"31809A",45,687,368,319
30,"31810",45,196,63,133
30,"31810A",45,867,453,414
30,"31811",45,238,70,168
30,"31811A",45,807,389,418
30,"31812",45,266,102,164
30,"31812A",45,951,468,483
30,"31813",45,239,86,153
30,"31813A",45,766,391,375
30,"31815",45,526,210,316
30,"31815A",45,1852,1052,800
30,"32100",47,552,154,398
30,"32100A",47,1596,885,711
30,"32101",47,191,36,155
30,"32101A",47,839,354,485
30,"32102",47,200,42,158
30,"32102A",47,977,394,583
30,"32103",47,773,219,554
30,"32103A",47,2631,1382,1249
30,"32106",47,444,122,322
30,"32106A",47,1290,711,579
30,"32109",47,127,24,103
30,"32109A",47,484,174,310
30,"32112",47,27,6,21
30,"32112A",47,142,67,75
30,"32113",47,635,190,445
30,"32113A",47,1355,729,626
30,"32137",47,111,41,70
30,"32137A",47,281,171,110
30,"32143",47,227,48,179
30,"32143A",47,899,476,423
30,"32145",47,146,32,114
30,"32145A",47,685,336,349
30,"32146",47,217,57,160
30,"32146A",47,830,423,407
30,"32157",47,151,24,127
30,"32157A",47,794,268,526
30,"32160",47,691,166,525
30,"32160A",47,1927,980,947
30,"32166",47,278,82,196
30,"32166A",47,761,390,371
30,"32171",47,189,69,120
30,"32171A",47,597,299,298
30,"32178",47,339,128,211
30,"32178A",47,772,508,264
30,"32179",47,215,54,161
30,"32179A",47,859,461,398
30,"32180",47,144,39,105
30,"32180A",47,593,310,283
30,"32184",47,211,45,166
30,"32184A",47,774,339,435
30,"32190",47,503,107,396
30,"32190A",47,1705,912,793
30,"32193",47,339,95,244
30,"32193A",47,886,491,395
30,"32195",47,600,150,450
30,"32195A",47,2134,934,1200
30,"32196",47,872,232,640
30,"32196A",47,2489,1258,1231
30,"32200",47,449,115,334
30,"32200A",47,1539,829,710
30,"32205",47,217,53,164
30,"32205A",47,780,410,370
30,"32208",47,362,89,273
30,"32208A",47,2038,875,1163
30,"32211A",47,84,33,51
30,"32212",47,138,37,101
30,"32212A",47,390,205,185
30,"32232",47,655,147,508
30,"32232A",47,2126,1031,1095
30,"32265",47,229,54,175
30,"32265A",47,859,406,453
30,"32266",47,324,76,248
30,"32266A",47,1172,587,585
30,"32269",47,284,68,216
30,"32269A",47,1074,481,593
30,"32282",47,331,87,244
30,"32282A",47,1469,752,717
30,"32287",47,676,186,490
30,"32287A",47,2328,1216,1112
30,"32295",47,443,111,332
30,"32295A",47,1569,747,822
30,"32300",47,48,16,32
30,"32300A",47,194,78,116
30,"32305",47,523,124,399
30,"32305A",47,1873,978,895
30,"32306",47,430,85,345
30,"32306A",47,1969,952,1017
30,"32307",47,99,30,69
30,"32307A",47,336,162,174
30,"32308",47,297,75,222
30,"32308A",47,1137,591,546
30,"32309",47,185,43,142
30,"32309A",47,648,345,303
30,"32314",47,229,47,182
30,"32314A",47,750,352,398
30,"32316",47,216,57,159
30,"32316A",47,1063,510,553
30,"32319",47,253,57,196
30,"32319A",47,851,409,442
30,"32335",47,443,114,329
30,"32335A",47,1125,600,525
30,"32337",47,415,97,318
30,"32337A",47,964,459,505
30,"32338",47,561,120,441
30,"32338A",47,1407,727,680
30,"32349",47,258,53,205
30,"32349A",47,937,462,475
30,"32355",47,532,119,413
30,"32355A",47,1930,938,992
30,"32356",47,238,92,146
30,"32356A",47,538,276,262
30,"32362A",47,130,50,80
30,"32366",47,37,3,34
30,"32366A",47,67,26,41
30,"32368",47,177,47,130
30,"32368A",47,628,295,333
30,"32370",47,301,99,202
30,"32370A",47,756,426,330
30,"32371",47,281,78,203
30,"32371A",47,848,442,406
30,"32376",47,880,230,650
30,"32376A",47,1810,894,916
30,"32379",47,576,184,392
30,"32379A",47,1478,778,700
30,"32400",47,324,85,239
30,"32400A",47,1594,714,880
30,"32800",47,41,17,24
30,"32800A",47,87,62,25
30,"32801A",47,12,9,3
30,"32804",47,148,58,90
30,"32804A",47,268,183,85
30,"32805",47,401,198,203
30,"32805A",47,911,596,315
30,"32807",47,161,66,95
30,"32807A",47,320,205,115
30,"32813",47,147,38,109
30,"32813A",47,1175,661,514
30,"32814",47,272,87,185
30,"32814A",47,819,456,363
30,"32815",47,228,51,177
30,"32815A",47,887,392,495
30,"32816",47,200,41,159
30,"32816A",47,826,408,418
30,"32817",47,218,52,166
30,"32817A",47,811,416,395
30,"32818",47,162,37,125
30,"32818A",47,664,326,338
30,"32819",47,246,55,191
30,"32819A",47,900,458,442
30,"32820",47,428,104,324
30,"32820A",47,1321,768,553
30,"32821",47,323,82,241
30,"32821A",47,995,489,506
30,"32822",47,247,63,184
30,"32822A",47,767,381,386
30,"32823",47,166,39,127
30,"32823A",47,845,357,488
30,"32824",47,51,15,36
30,"32824A",47,208,111,97
30,"32825",47,296,55,241
30,"32825A",47,985,522,463
30,"32827",47,375,152,223
30,"32827A",47,912,534,378
30,"32828",47,284,77,207
30,"32828A",47,775,416,359
30,"32830",47,152,40,112
30,"32830A",47,618,304,314
30,"32831",47,255,71,184
30,"32831A",47,739,352,387
30,"32832",47,214,78,136
30,"32832A",47,465,307,158
30,"33114",45,39,17,22
30,"33114A",45,200,99,101
30,"33117",45,132,36,96
30,"33117A",45,656,316,340
30,"33118",45,220,84,136
30,"33118A",45,556,347,209
30,"33122",45,152,49,103
30,"33122A",45,563,269,294
30,"33123A",45,26,7,19
30,"33126",45,315,90,225
30,"33126A",45,819,406,413
30,"33127",45,102,23,79
30,"33127A",45,297,150,147
30,"33128",45,149,65,84
30,"33128A",45,351,219,132
30,"33131",45,13,6,7
30,"33132",45,45,16,29
30,"33132A",45,137,77,60
30,"33135",45,50,21,29
30,"33135A",45,173,85,88
30,"33136",45,21,9,12
30,"33136A",45,113,56,57
30,"33802",45,13,7,6
30,"33802A",45,40,18,22
30,"33804",45,30,16,14
30,"33804A",45,126,64,62
30,"33805",45,30,6,24
30,"33805A",45,73,51,22
30,"33806",45,33,12,21
30,"33806A",45,50,33,17
30,"33808",45,61,22,39
30,"33808A",45,101,57,44
30,"34091",45,60,32,28
30,"34091A",45,163,88,75
30,"34092",45,48,15,33
30,"34092A",45,234,102,132
30,"34093",45,69,29,40
30,"34093A",45,197,116,81
30,"34095",45,45,21,24
30,"34095A",45,166,77,89
30,"34097",45,136,57,79
30,"34097A",45,486,256,230
30,"34098",45,65,25,40
30,"34098A",45,191,111,80
30,"34337",45,246,99,147
30,"34337A",45,791,402,389
30,"35125",45,203,60,143
30,"35125A",45,686,316,370
30,"35128",45,235,68,167
30,"35128A",45,692,369,323
30,"35129",45,426,116,310
30,"35129A",45,1493,721,772
30,"35134",45,290,106,184
30,"35134A",45,1163,613,550
30,"35140",45,391,117,274
30,"35140A",45,1205,623,582
30,"36003",47,45,15,30
30,"36003A",47,489,274,215
30,"36007",47,67,26,41
30,"36007A",47,679,396,283
30,"36008",47,76,21,55
30,"36008A",47,1182,649,533
30,"36013",47,22,5,17
30,"36013A",47,232,122,110
30,"36014",47,142,64,78
30,"36014A",47,1528,883,645
30,"36015",47,80,28,52
30,"36015A",47,858,441,417
30,"36016",47,45,12,33
30,"36016A",47,484,274,210
30,"36105",47,79,28,51
30,"36105A",47,442,230,212
30,"36264",47,401,127,274
30,"36264A",47,1213,618,595
30,"36266",47,270,80,190
30,"36266A",47,919,544,375
30,"36268",47,541,165,376
30,"36268A",47,2528,1340,1188
30,"36277",47,29,8,21
30,"36277A",47,67,33,34
30,"36283",47,10,4,6
30,"36284",47,35,17,18
30,"36284A",47,46,24,22
30,"36317A",47,10,8,2
30,"36318A",47,54,32,22
30,"36320",47,110,50,60
30,"36320A",47,313,211,102
30,"36339",47,218,97,121
30,"36339A",47,662,399,263
30,"36340",47,336,92,244
30,"36340A",47,1524,830,694
30,"36347",47,58,7,51
30,"36347A",47,205,74,131
30,"38084",40,663,186,477
30,"38084A",40,2225,1130,1095
30,"38293",40,540,213,327
30,"38293A",40,1615,892,723
30,"38301",47,83,22,61
30,"38301A",47,249,132,117
30,"38302",47,212,73,139
30,"38302A",47,637,358,279
30,"38305",47,437,164,273
30,"38305A",47,994,608,386
30,"38310",40,405,95,310
30,"38310A",40,1920,828,1092
30,"38312",40,189,71,118
30,"38312A",40,551,331,220
30,"38317",40,283,69,214
30,"38317A",40,1253,509,744
30,"38374",40,415,123,292
30,"38374A",40,1435,704,731
30,"38378A",40,23,14,9
30,"38380A",40,39,15,24
30,"38384",40,291,96,195
30,"38384A",40,1035,566,469
30,"39201",45,342,129,213
30,"39201A",45,1224,606,618
30,"39204",45,331,96,235
30,"39204A",45,1008,559,449
30,"39206",45,642,347,295
30,"39206A",45,2090,1180,910
30,"39208",45,83,29,54
30,"39208A",45,252,123,129
30,"39217",45,557,147,410
30,"39217A",45,2168,1054,1114
30,"39219",45,269,115,154
30,"39219A",45,770,403,367
30,"39220",45,246,107,139
30,"39220A",45,1008,558,450
30,"39222",45,86,43,43
30,"39222A",45,258,153,105
30,"39223",45,139,77,62
30,"39223A",45,400,237,163
30,"39233",45,29,12,17
30,"39233A",45,183,81,102
30,"39234",45,349,137,212
30,"39234A",45,1517,763,754
30,"39239",45,207,84,123
30,"39239A",45,923,490,433
30,"39243",45,54,17,37
30,"39243A",45,205,112,93
30,"39274",45,29,10,19
30,"39274A",45,133,60,73
30,"39275",45,74,24,50
30,"39275A",45,473,244,229
30,"39317",45,371,146,225
30,"39317A",45,1476,756,720
30,"39335",45,181,75,106
30,"39335A",45,702,344,358
30,"39338",45,276,85,191
30,"39338A",45,1247,574,673
30,"39341",45,73,31,42
30,"39341A",45,239,123,116
30,"39344",45,238,114,124
30,"39344A",45,745,395,350
30,"39346",45,118,45,73
30,"39346A",45,345,208,137
30,"39350",45,335,137,198
30,"39350A",45,868,491,377
30,"39361",45,263,109,154
30,"39361A",45,1322,640,682
30,"39364",45,426,162,264
30,"39364A",45,1717,871,846
30,"39369",45,233,104,129
30,"39369A",45,754,386,368
30,"39373",45,310,108,202
30,"39373A",45,1372,687,685
30,"39378",45,329,137,192
30,"39378A",45,1435,750,685
30,"39800",45,109,37,72
30,"39800A",45,465,231,234
30,"39806",45,85,23,62
30,"39806A",45,271,118,153
30,"39807",45,17,9,8
30,"39807A",45,74,42,32
30,"39812",45,40,24,16
30,"39812A",45,90,64,26
30,"39814",45,155,78,77
30,"39814A",45,403,215,188
30,"39815",45,254,92,162
30,"39815A",45,804,412,392
30,"39817A",45,20,12,8
30,"39820",45,109,31,78
30,"39820A",45,317,172,145
30,"39822",45,141,73,68
30,"39822A",45,459,263,196
30,"39823",45,78,27,51
30,"39823A",45,218,118,100
30,"39824",45,22,8,14
30,"39824A",45,72,37,35
30,"39825",45,65,25,40
30,"39825A",45,272,141,131
30,"39826",45,64,17,47
30,"39826A",45,223,132,91
30,"41119",49,43,9,34
30,"41119A",49,280,87,193
30,"41121",49,309,74,235
30,"41121A",49,1282,666,616
30,"41122",49,209,66,143
30,"41122A",49,764,381,383
30,"41124",49,205,37,168
30,"41124A",49,940,446,494
30,"41154",49,112,23,89
30,"41154A",49,495,247,248
30,"41155",49,351,81,270
30,"41155A",49,1068,532,536
30,"41158",49,19,6,13
30,"41158A",49,76,28,48
30,"41161",49,199,50,149
30,"41161A",49,570,298,272
30,"41291",49,212,54,158
30,"41291A",49,702,400,302
30,"41292",49,154,30,124
30,"41292A",49,695,331,364
30,"41293",49,262,58,204
30,"41293A",49,1064,566,498
30,"41298",49,73,19,54
30,"41298A",49,209,115,94
30,"41302",49,89,26,63
30,"41302A",49,256,141,115
30,"41305",49,61,16,45
30,"41305A",49,144,81,63
30,"41313",49,80,24,56
30,"41313A",49,182,123,59
30,"41378",49,268,61,207
30,"41378A",49,1360,647,713
30,"41379",49,174,43,131
30,"41379A",49,834,368,466
30,"41801",49,40,2,38
30,"41801A",49,212,56,156
30,"41802",49,436,142,294
30,"41802A",49,1247,666,581
30,"41803",49,124,34,90
30,"41803A",49,661,347,314
30,"41805",49,221,52,169
30,"41805A",49,703,346,357
30,"41808",49,192,58,134
30,"41808A",49,514,305,209
30,"41810",49,83,25,58
30,"41810A",49,346,180,166
30,"41811",49,48,23,25
30,"41811A",49,101,76,25
30,"41812",49,19,1,18
30,"41812A",49,27,6,21
30,"41813",49,134,33,101
30,"41813A",49,610,255,355
30,"43132",47,113,17,96
30,"43132A",47,592,198,394
30,"44111",47,327,122,205
30,"44111A",47,988,632,356
30,"44113",49,82,22,60
30,"44113A",49,384,149,235
30,"44116",47,481,209,272
30,"44116A",47,2225,1461,764
30,"44138",47,617,280,337
30,"44138A",47,2264,1579,685
30,"44142",47,572,232,340
30,"44142A",47,2154,1320,834
30,"44144",47,129,71,58
30,"44144A",47,329,237,92
30,"44145",47,580,244,336
30,"44145A",47,2581,1712,869
30,"44800",47,46,10,36
30,"44800A",47,158,70,88
30,"44801",49,11,5,6
30,"44801A",49,55,39,16
30,"44803",47,176,85,91
30,"44803A",47,469,344,125
30,"45102",40,685,220,465
30,"45102A",40,2096,1057,1039
30,"45104",40,420,178,242
30,"45104A",40,1266,780,486
30,"45109",40,267,85,182
30,"45109A",40,904,518,386
30,"45115",40,365,123,242
30,"45115A",40,992,592,400
30,"45116",40,170,56,114
30,"45116A",40,777,444,333
30,"45117",40,393,141,252
30,"45117A",40,1328,779,549
30,"45118",40,308,92,216
30,"45118A",40,1535,802,733
30,"45120",40,240,82,158
30,"45120A",40,1105,619,486
30,"45129",40,734,251,483
30,"45129A",40,2204,1338,866
30,"45131",40,454,133,321
30,"45131A",40,1618,746,872
30,"45240",40,330,103,227
30,"45240A",40,1285,706,579
30,"45371",40,135,83,52
30,"45371A",40,344,256,88
30,"45373A",40,155,73,82
30,"45801",40,255,88,167
30,"45801A",40,1198,689,509
30,"45802",40,125,49,76
30,"45802A",40,436,246,190
30,"45803",40,203,72,131
30,"45803A",40,644,408,236
30,"45804",40,44,15,29
30,"45804A",40,150,90,60
30,"45805",40,131,47,84
30,"45805A",40,475,278,197
30,"45806",40,234,67,167
30,"45806A",40,833,423,410
30,"45807",40,28,15,13
30,"47201",40,260,98,162
30,"47201A",40,702,399,303
30,"47203",40,361,126,235
30,"47203A",40,1157,583,574
30,"47204",40,150,43,107
30,"47204A",40,484,245,239
30,"47247",40,20,4,16
30,"47247A",40,122,55,67
30,"47248",40,179,46,133
30,"47248A",40,695,339,356
30,"47251",40,380,114,266
30,"47251A",40,2017,1000,1017
30,"47253",40,770,236,534
30,"47253A",40,2894,1513,1381
30,"47256",40,281,73,208
30,"47256A",40,1550,672,878
30,"47258",40,275,83,192
30,"47258A",40,968,500,468
30,"47259",40,277,59,218
30,"47259A",40,1261,552,709
30,"47260",40,761,207,554
30,"47260A",40,2530,1249,1281
30,"47262",40,349,103,246
30,"47262A",40,1326,662,664
30,"47268",40,375,112,263
30,"47268A",40,1262,713,549
30,"47271",40,305,88,217
30,"47271A",40,1134,537,597
30,"47276",40,117,20,97
30,"47276A",40,479,204,275
30,"47278",40,459,136,323
30,"47278A",40,1822,1022,800
30,"47279",40,364,106,258
30,"47279A",40,1371,648,723
30,"47283",40,247,74,173
30,"47283A",40,1048,540,508
30,"47284",40,460,165,295
30,"47284A",40,1278,755,523
30,"47285",40,312,81,231
30,"47285A",40,1883,947,936
30,"47290",40,465,143,322
30,"47290A",40,1682,841,841
30,"47293",40,599,159,440
30,"47293A",40,2313,1171,1142
30,"47295",40,733,208,525
30,"47295A",40,2280,1196,1084
30,"47296",40,511,142,369
30,"47296A",40,1646,796,850
30,"47332",40,217,59,158
30,"47332A",40,445,228,217
30,"47336",40,230,88,142
30,"47336A",40,500,342,158
30,"47344",40,420,141,279
30,"47344A",40,903,490,413
30,"47346",40,227,67,160
30,"47346A",40,828,393,435
30,"47351",40,89,25,64
30,"47351A",40,216,124,92
30,"47352",40,53,20,33
30,"47352A",40,76,41,35
30,"47357A",40,31,14,17
30,"47802",40,164,51,113
30,"47802A",40,659,334,325
30,"47807",40,158,50,108
30,"47807A",40,512,270,242
30,"47810",40,103,26,77
30,"47810A",40,430,172,258
30,"47812",40,215,57,158
30,"47812A",40,801,420,381
30,"47814",40,252,66,186
30,"47814A",40,1733,798,935
30,"48141",49,352,81,271
30,"48141A",49,1277,512,765
30,"48142",49,587,142,445
30,"48142A",49,2059,1045,1014
30,"48143",49,592,158,434
30,"48143A",49,1638,811,827
30,"48147",49,272,59,213
30,"48147A",49,1067,498,569
30,"48148",49,541,132,409
30,"48148A",49,2099,1019,1080
30,"48151",49,805,161,644
30,"48151A",49,2657,1288,1369
30,"48152",49,183,58,125
30,"48152A",49,389,224,165
30,"48155",49,545,112,433
30,"48155A",49,1969,861,1108
30,"48156",49,356,66,290
30,"48156A",49,1432,609,823
30,"48157",49,689,124,565
30,"48157A",49,2547,1154,1393
30,"48161",49,192,42,150
30,"48161A",49,809,405,404
30,"48165",49,669,162,507
30,"48165A",49,2740,1259,1481
30,"48166",49,328,78,250
30,"48166A",49,1312,604,708
30,"48169",49,454,67,387
30,"48169A",49,1810,790,1020
30,"48173",49,347,75,272
30,"48173A",49,1380,631,749
30,"48245",49,27,7,20
30,"48245A",49,123,57,66
30,"48249",49,362,103,259
30,"48249A",49,838,472,366
30,"48250",49,60,19,41
30,"48250A",49,189,101,88
30,"48252",49,81,15,66
30,"48252A",49,288,99,189
30,"48257",49,87,24,63
30,"48257A",49,374,193,181
30,"48800",49,44,4,40
30,"48800A",49,198,72,126
30,"48801",49,202,35,167
30,"48801A",49,879,341,538
30,"48806",49,252,73,179
30,"48806A",49,511,254,257
30,"48807",49,58,34,24
30,"48807A",49,154,82,72
30,"48808",49,72,20,52
30,"48808A",49,262,134,128
30,"49114",49,109,20,89
30,"49114A",49,444,167,277
30,"49116",49,348,71,277
30,"49116A",49,1221,436,785
30,"49118",49,404,116,288
30,"49118A",49,1058,522,536
30,"49126",49,200,47,153
30,"49126A",49,767,342,425
30,"49129",49,99,30,69
30,"49129A",49,366,176,190
30,"49131",49,103,69,34
30,"49131A",49,238,157,81
30,"49132",49,31,9,22
30,"49132A",49,86,47,39
30,"49134A",49,28,6,22
30,"49333",49,175,104,71
30,"49333A",49,229,162,67
30,"49335",49,175,50,125
30,"49335A",49,547,264,283
30,"49338",49,42,11,31
30,"49338A",49,217,91,126
30,"49341",49,227,80,147
30,"49341A",49,490,316,174
30,"49346",49,304,163,141
30,"49346A",49,763,524,239
30,"49348",49,666,165,501
30,"49348A",49,2594,1214,1380
30,"49349",49,241,65,176
30,"49349A",49,677,301,376
30,"49355",49,49,12,37
30,"49355A",49,210,118,92
30,"49357",49,126,24,102
30,"49357A",49,577,215,362
30,"49801",49,351,85,266
30,"49801A",49,1030,505,525
30,"49802",49,65,14,51
30,"49802A",49,189,75,114
30,"49808A",49,47,20,27
30,"49811",49,190,64,126
30,"49811A",49,640,354,286
30,"49813",49,11,6,5
30,"49813A",49,30,17,13
30,"49817",49,125,29,96
30,"49817A",49,527,238,289
30,"49818",49,25,10,15
30,"49818A",49,160,76,84
30,"49820A",49,55,23,32
30,"49825",49,81,27,54
30,"49825A",49,192,128,64
30,"49829A",49,25,17,8
30,"49831",49,29,17,12
30,"49831A",49,73,51,22
30,"49838",49,130,37,93
30,"49838A",49,247,148,99
30,"50070",40,458,81,377
30,"50070A",40,1643,567,1076
30,"50091",40,108,26,82
30,"50091A",40,268,129,139
30,"50092",40,816,157,659
30,"50092A",40,2799,1042,1757
30,"50093",40,84,22,62
30,"50093A",40,290,105,185
30,"50094",40,345,73,272
30,"50094A",40,1189,484,705
30,"50115",40,35,11,24
30,"50115A",40,172,63,109
30,"51069",47,118,27,91
30,"51069A",47,317,180,137
30,"52001",47,177,93,84
30,"52001A",47,489,348,141
30,"52002",47,127,69,58
30,"52002A",47,264,200,64
30,"52003",47,315,103,212
30,"52003A",47,801,444,357
30,"52004",47,239,64,175
30,"52004A",47,879,408,471
30,"52009",47,503,158,345
30,"52009A",47,1627,806,821
30,"52010",47,142,75,67
30,"52010A",47,197,128,69
30,"52011",47,304,95,209
30,"52011A",47,1183,657,526
30,"52016",47,264,158,106
30,"52016A",47,444,317,127
30,"52022",47,126,32,94
30,"52022A",47,708,366,342
30,"52024",47,181,80,101
30,"52024A",47,391,248,143
30,"52025",47,184,106,78
30,"52025A",47,242,184,58
30,"52026",47,60,14,46
30,"52026A",47,178,106,72
30,"52027",47,14,5,9
30,"52027A",47,42,18,24
30,"52029",47,49,21,28
30,"52029A",47,99,47,52
30,"52031",47,304,100,204
30,"52031A",47,1020,623,397
30,"52032",47,231,106,125
30,"52032A",47,596,389,207
30,"52033",47,99,27,72
30,"52033A",47,314,186,128
30,"52034",47,297,89,208
30,"52034A",47,856,497,359
30,"52035",47,220,67,153
30,"52035A",47,973,498,475
30,"52037",47,379,126,253
30,"52037A",47,1389,738,651
30,"52042",47,274,80,194
30,"52042A",47,895,505,390
30,"52043",47,251,103,148
30,"52043A",47,733,440,293
30,"52044",47,157,56,101
30,"52044A",47,509,299,210
30,"52045",47,198,46,152
30,"52045A",47,857,404,453
30,"52047",47,13,6,7
30,"52047A",47,51,15,36
30,"52048",47,13,3,10
30,"52048A",47,98,47,51
30,"52049",47,18,7,11
30,"52049A",47,39,19,20
30,"52051",47,657,206,451
30,"52051A",47,2120,1078,1042
30,"52052",47,77,15,62
30,"52052A",47,251,143,108
30,"52057",47,49,28,21
30,"52057A",47,96,78,18
30,"52058",47,91,40,51
30,"52058A",47,331,218,113
30,"52059",47,212,78,134
30,"52059A",47,636,376,260
30,"52062",47,101,44,57
30,"52062A",47,271,187,84
30,"52063",47,116,32,84
30,"52063A",47,139,74,65
30,"52064A",47,56,23,33
30,"52065",47,343,104,239
30,"52065A",47,1075,495,580
30,"52066A",47,12,5,7
30,"52131",47,474,187,287
30,"52131A",47,1618,869,749
30,"52164",47,266,112,154
30,"52164A",47,518,307,211
30,"52167",47,295,102,193
30,"52167A",47,1277,702,575
30,"52180",47,47,19,28
30,"52180A",47,95,63,32
30,"52184",47,362,104,258
30,"52184A",47,1182,580,602
30,"52186",47,368,129,239
30,"52186A",47,1457,815,642
30,"52188A",47,11,4,7
30,"52194",47,44,20,24
30,"52194A",47,170,98,72
30,"52195",47,150,71,79
30,"52195A",47,357,257,100
30,"52196",47,55,20,35
30,"52196A",47,110,72,38
30,"52197",47,252,88,164
30,"52197A",47,889,515,374
30,"52200",47,306,106,200
30,"52200A",47,1051,638,413
30,"52207",47,87,47,40
30,"52207A",47,289,190,99
30,"52210",47,74,42,32
30,"52210A",47,227,150,77
30,"52211",47,41,18,23
30,"52211A",47,150,108,42
30,"52212",47,57,33,24
30,"52212A",47,166,118,48
30,"52213",47,52,13,39
30,"52213A",47,199,93,106
30,"52216",47,11,6,5
30,"52216A",47,32,25,7
30,"52224",47,442,190,252
30,"52224A",47,898,621,277
30,"52234",47,43,20,23
30,"52234A",47,118,59,59
30,"52237",47,75,40,35
30,"52237A",47,154,107,47
30,"52800",47,27,18,9
30,"52800A",47,32,22,10
30,"52803",47,52,18,34
30,"52803A",47,176,110,66
30,"52805",47,63,22,41
30,"52805A",47,354,180,174
30,"52806",47,93,27,66
30,"52806A",47,288,169,119
30,"52807",47,11,3,8
30,"52807A",47,46,26,20
30,"52808",47,86,31,55
30,"52808A",47,267,154,113
30,"52809",47,63,19,44
30,"52809A",47,201,135,66
30,"52810A",47,51,17,34
30,"52811",47,168,67,101
30,"52811A",47,506,289,217
30,"52812",47,55,32,23
30,"52812A",47,129,85,44
30,"52813",47,68,20,48
30,"52813A",47,218,138,80
30,"52817",47,40,13,27
30,"52817A",47,135,97,38
30,"52818",47,61,29,32
30,"52818A",47,219,99,120
30,"52820",47,59,19,40
30,"52820A",47,293,177,116
30,"52821",47,14,4,10
30,"52821A",47,91,53,38
30,"52822",47,85,58,27
30,"52822A",47,195,130,65
30,"52823A",47,16,14,2
30,"52824",47,21,10,11
30,"52824A",47,54,36,18
30,"52825",47,19,4,15
30,"52825A",47,45,22,23
30,"52826",47,195,110,85
30,"52826A",47,412,282,130
30,"52827",47,77,29,48
30,"52827A",47,372,217,155
30,"53052",47,207,67,140
30,"53052A",47,504,275,229
30,"53055A",47,43,9,34
30,"53057",47,145,33,112
30,"53057A",47,418,157,261
30,"53059",47,341,92,249
30,"53059A",47,1683,774,909
30,"53062",47,283,78,205
30,"53062A",47,980,401,579
30,"53064",47,521,121,400
30,"53064A",47,2364,1120,1244
30,"53065",47,16,6,10
30,"53065A",47,76,31,45
30,"53066",47,173,42,131
30,"53066A",47,463,217,246
30,"53068",47,41,9,32
30,"53068A",47,315,121,194
30,"53069",47,182,33,149
30,"53069A",47,693,220,473
30,"53071",47,70,18,52
30,"53071A",47,293,134,159
30,"53073",47,518,110,408
30,"53073A",47,1143,443,700
30,"53074",47,378,103,275
30,"53074A",47,957,470,487
30,"53075",47,201,23,178
30,"53075A",47,1002,331,671
30,"53080",47,56,7,49
30,"53080A",47,195,56,139
30,"53081",47,200,51,149
30,"53081A",47,662,306,356
30,"53082",47,304,59,245
30,"53082A",47,1377,481,896
30,"53083",47,473,108,365
30,"53083A",47,2441,889,1552
30,"53084",47,171,47,124
30,"53084A",47,709,288,421
30,"53085",47,93,22,71
30,"53085A",47,467,149,318
30,"53089",47,299,71,228
30,"53089A",47,1265,489,776
30,"53090",47,49,8,41
30,"53090A",47,245,98,147
30,"53091",47,31,8,23
30,"53091A",47,207,83,124
30,"53097",47,297,75,222
30,"53097A",47,675,306,369
30,"53098",47,143,26,117
30,"53098A",47,643,223,420
30,"53100",47,303,77,226
30,"53100A",47,833,349,484
30,"53101",47,387,117,270
30,"53101A",47,1055,558,497
30,"53108",47,124,28,96
30,"53108A",47,565,262,303
30,"53142",47,169,41,128
30,"53142A",47,692,315,377
30,"53145",47,264,66,198
30,"53145A",47,655,335,320
30,"53146",47,301,88,213
30,"53146A",47,1242,583,659
30,"53148",47,372,107,265
30,"53148A",47,1182,562,620
30,"53154",47,173,35,138
30,"53154A",47,860,247,613
30,"53155",47,55,17,38
30,"53155A",47,214,118,96
30,"53156A",47,27,8,19
30,"53158",47,23,4,19
30,"53158A",47,114,58,56
30,"53160",47,136,27,109
30,"53160A",47,600,238,362
30,"53162",47,45,10,35
30,"53162A",47,141,62,79
30,"53170A",47,50,18,32
30,"53171",47,212,56,156
30,"53171A",47,862,322,540
30,"53174",47,103,28,75
30,"53174A",47,402,171,231
30,"53305",47,206,47,159
30,"53305A",47,937,337,600
30,"53343",47,75,15,60
30,"53343A",47,311,125,186
30,"53346",47,76,21,55
30,"53346A",47,135,69,66
30,"53347",47,18,5,13
30,"53347A",47,128,69,59
30,"53348",47,31,10,21
30,"53348A",47,229,108,121
30,"53353",47,239,70,169
30,"53353A",47,850,376,474
30,"53363",47,24,3,21
30,"53363A",47,116,38,78
30,"53366",47,274,86,188
30,"53366A",47,689,329,360
30,"53375",47,63,15,48
30,"53375A",47,296,145,151
30,"53376",47,69,25,44
30,"53376A",47,205,122,83
30,"53380",47,351,93,258
30,"53380A",47,984,436,548
30,"53381",47,82,27,55
30,"53381A",47,249,126,123
30,"53384",47,139,44,95
30,"53384A",47,677,311,366
30,"53393",47,218,91,127
30,"53393A",47,405,242,163
30,"53808",47,140,32,108
30,"53808A",47,427,202,225
30,"53809",47,73,7,66
30,"53809A",47,423,103,320
30,"53810",47,32,10,22
30,"53810A",47,187,58,129
30,"53815A",47,9,3,6
30,"53816",47,60,11,49
30,"53816A",47,246,101,145
30,"53819",47,41,10,31
30,"53819A",47,126,76,50
30,"53820",47,14,4,10
30,"53820A",47,39,13,26
30,"53822A",47,15,5,10
30,"53827",47,206,68,138
30,"53827A",47,649,358,291
30,"53830",47,191,46,145
30,"53830A",47,871,310,561
30,"54101",40,518,171,347
30,"54101A",40,1439,754,685
30,"54102",40,274,79,195
30,"54102A",40,814,440,374
30,"54103",40,329,98,231
30,"54103A",40,1057,541,516
30,"54109",40,54,16,38
30,"54109A",40,267,108,159
30,"54112",40,155,43,112
30,"54112A",40,443,210,233
30,"54121",40,695,205,490
30,"54121A",40,2363,1306,1057
30,"54123",40,565,184,381
30,"54123A",40,1607,811,796
30,"54141",40,643,133,510
30,"54141A",40,1936,845,1091
30,"54144",40,570,138,432
30,"54144A",40,1648,727,921
30,"54161",40,144,30,114
30,"54161A",40,520,271,249
30,"54181",40,508,174,334
30,"54181A",40,1292,707,585
30,"54184",40,311,98,213
30,"54184A",40,707,293,414
30,"54802",40,578,152,426
30,"54802A",40,1726,903,823
30,"54804",40,274,74,200
30,"54804A",40,805,391,414
30,"54807",40,97,23,74
30,"54807A",40,311,174,137
30,"54808",40,117,26,91
30,"54808A",40,264,108,156
30,"54809",40,485,136,349
30,"54809A",40,1158,618,540
30,"54810",40,71,22,49
30,"54810A",40,270,123,147
30,"56065",40,600,174,426
30,"56065A",40,2114,1202,912
30,"56066",40,288,95,193
30,"56066A",40,1114,534,580
30,"56070",40,524,163,361
30,"56070A",40,1545,876,669
30,"56071",40,267,81,186
30,"56071A",40,1209,621,588
30,"56073",40,428,148,280
30,"56073A",40,1404,821,583
30,"56078",40,168,67,101
30,"56078A",40,584,385,199
30,"56079",40,312,105,207
30,"56079A",40,1419,716,703
30,"56081",40,18,2,16
30,"56081A",40,33,20,13
30,"56083",40,99,36,63
30,"56083A",40,303,185,118
30,"56084",40,30,7,23
30,"56084A",40,137,65,72
30,"56090",40,125,31,94
30,"56090A",40,512,249,263
30,"56091",40,143,40,103
30,"56091A",40,619,272,347
30,"56094",40,144,60,84
30,"56094A",40,550,273,277
30,"56095",40,127,45,82
30,"56095A",40,521,316,205
30,"56096",40,386,177,209
30,"56096A",40,993,509,484
30,"56101",40,205,67,138
30,"56101A",40,923,508,415
30,"56102",40,109,34,75
30,"56102A",40,280,177,103
30,"56108",40,10,5,5
30,"56108A",40,227,106,121
30,"56109",40,396,106,290
30,"56109A",40,1489,784,705
30,"56277",40,244,78,166
30,"56277A",40,674,362,312
30,"56278",40,56,17,39
30,"56278A",40,170,100,70
30,"56282",40,392,129,263
30,"56282A",40,1635,790,845
30,"56286",40,182,39,143
30,"56286A",40,639,344,295
30,"56287",40,684,198,486
30,"56287A",40,2043,1078,965
30,"56288",40,114,32,82
30,"56288A",40,501,226,275
30,"56290",40,272,93,179
30,"56290A",40,1025,530,495
30,"56292",40,248,58,190
30,"56292A",40,864,446,418
30,"56294",40,124,31,93
30,"56294A",40,594,305,289
30,"56295",40,133,44,89
30,"56295A",40,311,188,123
30,"56296",40,85,41,44
30,"56296A",40,292,169,123
30,"56301",40,264,107,157
30,"56301A",40,888,482,406
30,"56303",40,46,11,35
30,"56303A",40,152,82,70
30,"56307",40,134,35,99
30,"56307A",40,487,260,227
30,"56308",40,337,133,204
30,"56308A",40,1507,843,664
30,"56315",40,202,53,149
30,"56315A",40,1127,531,596
30,"56382",40,92,35,57
30,"56382A",40,325,159,166
30,"56808",40,131,56,75
30,"56808A",40,495,255,240
30,"56809",40,55,10,45
30,"56809A",40,143,75,68
30,"56816",40,218,47,171
30,"56816A",40,885,406,479
30,"56818",40,67,24,43
30,"56818A",40,144,103,41
30,"56819",40,436,112,324
30,"56819A",40,1483,673,810
30,"56821",40,143,52,91
30,"56821A",40,553,303,250
30,"57002",45,47,27,20
30,"57002A",45,153,107,46
30,"58107",49,491,139,352
30,"58107A",49,2177,1042,1135
30,"58108",49,714,187,527
30,"58108A",49,2500,1378,1122
30,"58111",49,47,18,29
30,"58111A",49,328,151,177
30,"58114",49,352,106,246
30,"58114A",49,835,484,351
30,"58118",49,382,124,258
30,"58118A",49,1344,743,601
30,"58121",49,521,168,353
30,"58121A",49,2184,1219,965
30,"58299",49,165,26,139
30,"58299A",49,688,283,405
30,"58314",49,204,45,159
30,"58314A",49,885,432,453
30,"58324",49,267,70,197
30,"58324A",49,1080,564,516
30,"58327",49,135,36,99
30,"58327A",49,390,209,181
30,"58330",49,445,129,316
30,"58330A",49,1662,863,799
30,"58336",49,273,103,170
30,"58336A",49,417,255,162
30,"58350",49,475,113,362
30,"58350A",49,2453,1200,1253
30,"58354",49,593,201,392
30,"58354A",49,1971,1025,946
30,"58357",49,289,102,187
30,"58357A",49,809,435,374
30,"58371",49,280,99,181
30,"58371A",49,1109,539,570
30,"58372",49,738,228,510
30,"58372A",49,2449,1340,1109
30,"58373",49,552,160,392
30,"58373A",49,1907,1067,840
30,"58804A",49,29,8,21
30,"58807",49,24,8,16
30,"58807A",49,100,51,49
30,"58813",49,180,55,125
30,"58813A",49,471,263,208
30,"58819",49,311,100,211
30,"58819A",49,1117,648,469
30,"58820",49,186,49,137
30,"58820A",49,730,405,325
30,"58821",49,172,37,135
30,"58821A",49,653,325,328
30,"59006",47,91,42,49
30,"59006A",47,367,226,141
30,"59007",47,48,26,22
30,"59007A",47,97,61,36
30,"59009",47,117,62,55
30,"59009A",47,617,406,211
30,"59015",47,217,94,123
30,"59015A",47,1077,727,350
30,"59016",47,552,269,283
30,"59016A",47,2518,1631,887
30,"59018",47,236,92,144
30,"59018A",47,1702,1022,680
30,"59019",47,300,271,29
30,"59019A",47,126,122,4
30,"59020",47,300,140,160
30,"59020A",47,1247,800,447
30,"59021",47,422,201,221
30,"59021A",47,1467,1046,421
30,"59022",47,248,83,165
30,"59022A",47,1079,585,494
30,"59026",47,546,212,334
30,"59026A",47,2708,1659,1049
30,"59027",47,195,88,107
30,"59027A",47,628,425,203
30,"59033",47,445,183,262
30,"59033A",47,2403,1454,949
30,"59034",47,145,53,92
30,"59034A",47,802,474,328
30,"59036",47,532,234,298
30,"59036A",47,2387,1546,841
30,"59041",47,207,82,125
30,"59041A",47,1247,793,454
30,"59042",47,136,75,61
30,"59042A",47,487,297,190
30,"59043",47,527,205,322
30,"59043A",47,3006,1744,1262
30,"59045",47,491,219,272
30,"59045A",47,2414,1464,950
30,"59047",47,331,140,191
30,"59047A",47,1840,1140,700
30,"59054",47,167,72,95
30,"59054A",47,773,475,298
30,"59057",47,235,141,94
30,"59057A",47,517,369,148
30,"59058",47,435,357,78
30,"59058A",47,2010,1775,235
30,"59062",47,246,117,129
30,"59062A",47,904,625,279
30,"59072",47,326,124,202
30,"59072A",47,1611,971,640
30,"59074",47,137,101,36
30,"59074A",47,271,194,77
30,"59075",47,92,37,55
30,"59075A",47,367,229,138
30,"59082",47,222,89,133
30,"59082A",47,1664,1053,611
30,"59088",47,496,206,290
30,"59088A",47,2910,1865,1045
30,"59090",47,385,175,210
30,"59090A",47,1491,1000,491
30,"59092",47,347,132,215
30,"59092A",47,1344,803,541
30,"59097",47,162,74,88
30,"59097A",47,612,435,177
30,"59099",47,264,138,126
30,"59099A",47,718,506,212
30,"59101",47,197,91,106
30,"59101A",47,714,492,222
30,"59103",47,235,131,104
30,"59103A",47,707,464,243
30,"59106",47,378,184,194
30,"59106A",47,2245,1436,809
30,"59108",47,196,106,90
30,"59108A",47,434,294,140
30,"59111",47,181,67,114
30,"59111A",47,763,504,259
30,"59113",47,832,763,69
30,"59113A",47,274,252,22
30,"59118",47,270,107,163
30,"59118A",47,1364,778,586
30,"59127",47,337,125,212
30,"59127A",47,1528,904,624
30,"59129",47,696,309,387
30,"59129A",47,2106,1375,731
30,"59130",47,76,29,47
30,"59130A",47,293,178,115
30,"59131",47,731,365,366
30,"59131A",47,1347,953,394
30,"59132",47,465,203,262
30,"59132A",47,2134,1361,773
30,"59133",47,377,338,39
30,"59133A",47,1017,959,58
30,"59136",47,314,112,202
30,"59136A",47,986,555,431
30,"59137",47,93,27,66
30,"59137A",47,496,187,309
30,"59141",47,473,187,286
30,"59141A",47,2407,1528,879
30,"59146",47,395,173,222
30,"59146A",47,1488,1006,482
30,"59149",47,433,183,250
30,"59149A",47,1441,1006,435
30,"59151",47,623,280,343
30,"59151A",47,1902,1241,661
30,"59152",47,80,31,49
30,"59152A",47,308,188,120
30,"59153",47,532,261,271
30,"59153A",47,1486,948,538
30,"59158",47,231,205,26
30,"59158A",47,69,63,6
30,"59163",47,91,47,44
30,"59163A",47,371,223,148
30,"59164",47,216,81,135
30,"59164A",47,822,431,391
30,"59169",47,462,190,272
30,"59169A",47,1984,1323,661
30,"59170A",47,63,35,28
30,"59172",47,490,216,274
30,"59172A",47,1101,747,354
30,"59173",47,260,131,129
30,"59173A",47,994,719,275
30,"59174",47,704,309,395
30,"59174A",47,2483,1686,797
30,"59175",47,242,111,131
30,"59175A",47,913,603,310
30,"59206",47,58,28,30
30,"59206A",47,266,159,107
30,"59208",47,415,193,222
30,"59208A",47,824,556,268
30,"59211",47,200,69,131
30,"59211A",47,1085,667,418
30,"59214",47,355,131,224
30,"59214A",47,1019,605,414
30,"59804",47,167,62,105
30,"59804A",47,611,405,206
30,"59805",47,40,15,25
30,"59805A",47,157,115,42
30,"59810",47,181,73,108
30,"59810A",47,504,346,158
30,"59811",47,115,43,72
30,"59811A",47,497,273,224
30,"59813",47,56,16,40
30,"59813A",47,303,181,122
30,"59815",47,54,35,19
30,"59815A",47,144,106,38
30,"59822",47,183,129,54
30,"59822A",47,276,197,79
30,"59823",47,74,32,42
30,"59823A",47,338,198,140
30,"59825",47,133,61,72
30,"59825A",47,531,371,160
30,"59826",47,102,44,58
30,"59826A",47,452,244,208
30,"59828",47,13,6,7
30,"59828A",47,100,63,37
30,"59829",47,74,39,35
30,"59829A",47,147,100,47
30,"59830",47,44,18,26
30,"59830A",47,265,143,122
30,"59831",47,32,18,14
30,"59831A",47,139,71,68
30,"59833",47,165,56,109
30,"59833A",47,501,331,170
30,"59834",47,68,26,42
30,"59834A",47,230,158,72
30,"59835",47,83,64,19
30,"59835A",47,468,310,158
30,"59836",47,114,60,54
30,"59836A",47,378,260,118
30,"59837",47,178,82,96
30,"59837A",47,399,260,139
30,"59838",47,637,288,349
30,"59838A",47,1630,1108,522
30,"59839A",47,21,17,4
30,"59841",47,21,6,15
30,"59841A",47,241,140,101
30,"59843",47,108,48,60
30,"59843A",47,371,245,126
30,"59844",47,188,81,107
30,"59844A",47,332,213,119
30,"59848",47,50,30,20
30,"59848A",47,115,86,29
30,"59849",47,94,48,46
30,"59849A",47,286,205,81
30,"59850",47,394,178,216
30,"59850A",47,1496,994,502
30,"62081",46,39,15,24
30,"62081A",46,97,58,39
30,"63001",40,250,70,180
30,"63001A",40,947,461,486
30,"63002",46,268,133,135
30,"63002A",46,713,454,259
30,"63005",46,194,98,96
30,"63005A",46,547,370,177
30,"63009",40,361,115,246
30,"63009A",40,1213,678,535
30,"63010",40,15,1,14
30,"63010A",40,43,17,26
30,"63011",40,307,78,229
30,"63011A",40,1085,526,559
30,"63014",40,354,134,220
30,"63014A",40,1088,602,486
30,"63018",40,17,8,9
30,"63018A",40,75,29,46
30,"63019",40,339,117,222
30,"63019A",40,1039,563,476
30,"63023",40,15,8,7
30,"63023A",40,45,32,13
30,"63024",40,300,70,230
30,"63024A",40,1110,550,560
30,"63026",40,109,37,72
30,"63026A",40,332,163,169
30,"63027",46,118,42,76
30,"63027A",46,383,207,176
30,"63028",40,421,106,315
30,"63028A",40,1452,738,714
30,"63029",40,255,107,148
30,"63029A",40,653,419,234
30,"63031",40,337,97,240
30,"63031A",40,1494,655,839
30,"63032",46,113,54,59
30,"63032A",46,515,349,166
30,"63034",46,38,21,17
30,"63034A",46,70,40,30
30,"63036",40,799,370,429
30,"63036A",40,2367,1242,1125
30,"63039",40,274,109,165
30,"63039A",40,786,466,320
30,"63041",40,225,74,151
30,"63041A",40,1016,534,482
30,"63043",46,343,161,182
30,"63043A",46,1237,835,402
30,"63046",46,163,56,107
30,"63046A",46,547,370,177
30,"63049",46,233,151,82
30,"63049A",46,478,365,113
30,"63051",40,106,61,45
30,"63051A",40,256,192,64
30,"63052A",40,16,6,10
30,"63053",40,97,37,60
30,"63053A",40,254,140,114
30,"63056",40,47,30,17
30,"63056A",40,119,84,35
30,"63061",40,104,23,81
30,"63061A",40,526,225,301
30,"63066",40,29,6,23
30,"63066A",40,146,51,95
30,"63069",40,153,53,100
30,"63069A",40,569,315,254
30,"63071",46,206,62,144
30,"63071A",46,715,370,345
30,"63077",40,130,32,98
30,"63077A",40,459,206,253
30,"63079",40,51,17,34
30,"63079A",40,264,104,160
30,"63080",40,84,19,65
30,"63080A",40,355,152,203
30,"63088",40,113,18,95
30,"63088A",40,388,136,252
30,"63097",40,78,24,54
30,"63097A",40,238,112,126
30,"63120",40,30,18,12
30,"63120A",40,59,43,16
30,"63122",46,40,20,20
30,"63122A",46,94,48,46
30,"63123",40,248,80,168
30,"63123A",40,916,489,427
30,"63150",40,653,198,455
30,"63150A",40,2410,1301,1109
30,"63170",40,102,52,50
30,"63170A",40,224,146,78
30,"63171",40,18,5,13
30,"63171A",40,46,17,29
30,"63172A",40,23,3,20
30,"63173A",40,52,24,28
30,"63202A",40,14,4,10
30,"63206A",40,13,2,11
30,"63208A",40,27,5,22
30,"63210",40,19,3,16
30,"63210A",40,66,25,41
30,"63211A",40,12,8,4
30,"63214A",40,25,3,22
30,"63215",40,65,13,52
30,"63215A",40,266,111,155
30,"63216",40,432,111,321
30,"63216A",40,1605,802,803
30,"63219A",40,63,38,25
30,"63220",40,14,8,6
30,"63220A",40,20,13,7
30,"63221",40,118,57,61
30,"63221A",40,232,152,80
30,"63231",40,139,27,112
30,"63231A",40,629,206,423
30,"63236",40,99,28,71
30,"63236A",40,220,91,129
30,"63251",40,34,13,21
30,"63251A",40,90,63,27
30,"63252",40,32,10,22
30,"63252A",40,79,47,32
30,"63262",40,239,80,159
30,"63262A",40,858,449,409
30,"63347",40,397,114,283
30,"63347A",40,2056,845,1211
30,"63348",40,59,36,23
30,"63348A",40,105,71,34
30,"63351",40,19,8,11
30,"63351A",40,109,48,61
30,"63353A",40,32,16,16
30,"63358A",40,69,20,49
30,"63361A",40,49,28,21
30,"63362",40,232,66,166
30,"63362A",40,683,348,335
30,"63372",46,24,12,12
30,"63372A",46,75,61,14
30,"63373",46,101,41,60
30,"63373A",46,380,265,115
30,"63374",46,254,132,122
30,"63374A",46,673,484,189
30,"63377",40,276,60,216
30,"63377A",40,1124,448,676
30,"63383",40,21,2,19
30,"63383A",40,166,60,106
30,"63384",40,341,72,269
30,"63384A",40,1426,578,848
30,"63390",46,234,78,156
30,"63390A",46,873,460,413
30,"63391",40,38,5,33
30,"63391A",40,154,54,100
30,"63800",40,33,9,24
30,"63800A",40,169,92,77
30,"63804A",46,12,8,4
30,"63807",46,297,106,191
30,"63807A",46,834,471,363
30,"63809A",40,26,13,13
30,"63811",46,69,27,42
30,"63811A",46,193,123,70
30,"63815",46,188,119,69
30,"63815A",46,411,290,121
30,"63818",46,249,113,136
30,"63818A",46,713,434,279
30,"63823",46,112,64,48
30,"63823A",46,216,146,70
30,"63825",40,24,7,17
30,"63825A",40,89,49,40
30,"63831",46,34,19,15
30,"63831A",46,55,36,19
30,"63832",46,122,66,56
30,"63832A",46,432,261,171
30,"63833",46,141,43,98
30,"63833A",46,443,228,215
30,"63834",46,344,90,254
30,"63834A",46,1006,536,470
30,"63838",40,256,91,165
30,"63838A",40,775,457,318
30,"63841",46,279,164,115
30,"63841A",46,563,419,144
30,"63844A",40,10,2,8
30,"63845",46,118,79,39
30,"63845A",46,230,171,59
30,"65081",40,155,35,120
30,"65081A",40,489,144,345
30,"65087",40,180,87,93
30,"65087A",40,414,300,114
30,"65091",40,40,14,26
30,"65091A",40,170,105,65
30,"65800A",40,17,7,10
30,"67114",49,567,141,426
30,"67114A",49,1435,699,736
30,"67117",49,892,237,655
30,"67117A",49,2704,1347,1357
30,"67118",49,690,201,489
30,"67118A",49,2253,1147,1106
30,"67121",49,867,203,664
30,"67121A",49,2945,1329,1616
30,"67804",49,52,21,31
30,"67804A",49,223,127,96
30,"68007",40,19,9,10
30,"68007A",40,87,54,33
30,"68050",46,456,230,226
30,"68050A",46,1686,953,733
30,"68052",46,138,99,39
30,"68052A",46,398,306,92
30,"68053",46,229,111,118
30,"68053A",46,1077,771,306
30,"68057",46,263,124,139
30,"68057A",46,1044,644,400
30,"68058",46,702,379,323
30,"68058A",46,2159,1328,831
30,"68061",46,489,306,183
30,"68061A",46,1259,938,321
30,"68070",46,133,71,62
30,"68070A",46,375,274,101
30,"68073",46,266,159,107
30,"68073A",46,1165,859,306
30,"68076",46,197,102,95
30,"68076A",46,641,466,175
30,"68077",46,199,113,86
30,"68077A",46,923,689,234
30,"68083",46,148,93,55
30,"68083A",46,388,291,97
30,"68086",46,290,215,75
30,"68086A",46,642,505,137
30,"68091",46,49,27,22
30,"68091A",46,99,73,26
30,"68094",46,493,337,156
30,"68094A",46,1421,1157,264
30,"68098",46,137,96,41
30,"68098A",46,356,272,84
30,"68100",46,548,369,179
30,"68100A",46,1390,1100,290
30,"68103",46,374,250,124
30,"68103A",46,1094,875,219
30,"68106",46,84,46,38
30,"68106A",46,347,250,97
30,"68119",46,326,207,119
30,"68119A",46,1001,778,223
30,"68123",46,242,127,115
30,"68123A",46,833,609,224
30,"68128",46,363,223,140
30,"68128A",46,1252,967,285
30,"68130",46,273,191,82
30,"68130A",46,923,714,209
30,"68131",46,121,78,43
30,"68131A",46,476,345,131
30,"68133",46,162,106,56
30,"68133A",46,541,402,139
30,"68135",46,420,244,176
30,"68135A",46,1449,1057,392
30,"68137",46,216,138,78
30,"68137A",46,641,498,143
30,"68138",46,457,255,202
30,"68138A",46,1624,1151,473
30,"68145",46,205,92,113
30,"68145A",46,940,589,351
30,"68158",46,497,262,235
30,"68158A",46,1534,1074,460
30,"68167",46,48,22,26
30,"68167A",46,183,138,45
30,"68177",46,123,88,35
30,"68177A",46,349,285,64
30,"68179",46,117,80,37
30,"68179A",46,478,345,133
30,"68180",46,63,38,25
30,"68180A",46,152,125,27
30,"68181",46,139,84,55
30,"68181A",46,386,289,97
30,"68183",46,170,91,79
30,"68183A",46,648,426,222
30,"68185",46,451,205,246
30,"68185A",46,1403,853,550
30,"68188",46,169,104,65
30,"68188A",46,399,288,111
30,"68195",46,511,266,245
30,"68195A",46,1708,1034,674
30,"68197",46,221,74,147
30,"68197A",46,863,430,433
30,"68212",46,60,34,26
30,"68212A",46,188,114,74
30,"68214",46,14,7,7
30,"68214A",46,56,39,17
30,"68215",46,62,53,9
30,"68215A",46,135,108,27
30,"68216",46,204,130,74
30,"68216A",46,617,505,112
30,"68217",46,39,25,14
30,"68217A",46,125,93,32
30,"68279",46,150,98,52
30,"68279A",46,483,355,128
30,"68283",46,383,181,202
30,"68283A",46,1875,1354,521
30,"68287",46,381,198,183
30,"68287A",46,1263,842,421
30,"68296",46,180,119,61
30,"68296A",46,383,291,92
30,"68297",46,283,199,84
30,"68297A",46,624,499,125
30,"68302",46,124,85,39
30,"68302A",46,220,179,41
30,"68306",46,158,88,70
30,"68306A",46,471,339,132
30,"68311",46,11,9,2
30,"68311A",46,27,17,10
30,"68315",46,288,139,149
30,"68315A",46,1055,702,353
30,"68316",46,135,62,73
30,"68316A",46,687,457,230
30,"68318",46,418,208,210
30,"68318A",46,1181,751,430
30,"68319",46,83,40,43
30,"68319A",46,313,195,118
30,"68324",46,390,199,191
30,"68324A",46,1264,786,478
30,"68330",46,201,150,51
30,"68330A",46,422,339,83
30,"68334",46,491,338,153
30,"68334A",46,1474,1205,269
30,"68335",46,213,97,116
30,"68335A",46,364,262,102
30,"68336",46,370,208,162
30,"68336A",46,1329,854,475
30,"68350",46,114,60,54
30,"68350A",46,382,213,169
30,"68364",46,339,199,140
30,"68364A",46,1277,861,416
30,"68369",46,141,58,83
30,"68369A",46,303,199,104
30,"68804A",46,34,25,9
30,"68807",46,40,29,11
30,"68807A",46,68,60,8
30,"68809",46,81,57,24
30,"68809A",46,222,144,78
30,"68822",46,168,97,71
30,"68822A",46,794,571,223
30,"68833",46,64,31,33
30,"68833A",46,198,154,44
30,"68834",46,354,237,117
30,"68834A",46,830,655,175
30,"68835",46,41,15,26
30,"68835A",46,199,119,80
30,"68836",46,87,41,46
30,"68836A",46,498,311,187
30,"68837",46,250,130,120
30,"68837A",46,671,460,211
30,"68838",46,168,57,111
30,"68838A",46,675,372,303
30,"68840A",46,27,14,13
30,"68841",46,133,75,58
30,"68841A",46,442,313,129
30,"68842",46,10,8,2
30,"68842A",46,18,15,3
30,"68843",46,162,109,53
30,"68843A",46,436,352,84
30,"68845",46,248,182,66
30,"68845A",46,469,392,77
30,"68847",46,87,58,29
30,"68847A",46,207,163,44
30,"68848",46,47,28,19
30,"68848A",46,103,72,31
30,"68849",46,70,31,39
30,"68849A",46,242,173,69
30,"68851",46,193,111,82
30,"68851A",46,743,519,224
30,"68855A",46,11,3,8
30,"68859",46,221,152,69
30,"68859A",46,604,477,127
30,"68861",46,25,17,8
30,"68861A",46,93,75,18
30,"68862",46,160,112,48
30,"68862A",46,324,255,69
30,"68863",46,264,156,108
30,"68863A",46,903,706,197
30,"68865",46,67,35,32
30,"68865A",46,321,200,121
30,"69106",40,347,74,273
30,"69106A",40,1401,583,818
30,"69110",49,655,184,471
30,"69110A",49,2437,1258,1179
30,"69112",49,991,238,753
30,"69112A",49,3033,1627,1406
30,"69124",49,302,92,210
30,"69124A",49,810,445,365
30,"69128",49,414,112,302
30,"69128A",49,1631,831,800
30,"69822",49,90,23,67
30,"69822A",49,113,53,60
30,"70087",40,241,89,152
30,"70087A",40,496,300,196
30,"70117A",40,12,6,6
30,"70125",40,131,32,99
30,"70125A",40,214,105,109
30,"71120",40,210,106,104
30,"71120A",40,571,369,202
30,"71121",40,151,73,78
30,"71121A",40,431,278,153
30,"71231",40,262,92,170
30,"71231A",40,1028,553,475
30,"71232",40,144,81,63
30,"71232A",40,387,267,120
30,"71239",40,216,112,104
30,"71239A",40,594,398,196
30,"71240",40,468,189,279
30,"71240A",40,1488,856,632
30,"71245",40,293,92,201
30,"71245A",40,1333,712,621
30,"71247",40,17,8,9
30,"71247A",40,41,26,15
30,"71258",40,215,95,120
30,"71258A",40,658,393,265
30,"71262",40,713,281,432
30,"71262A",40,2778,1618,1160
30,"71263",40,278,68,210
30,"71263A",40,1422,717,705
30,"71266",40,388,124,264
30,"71266A",40,1525,790,735
30,"71272A",40,12,8,4
30,"71283",40,444,250,194
30,"71283A",40,1102,742,360
30,"71284",40,84,32,52
30,"71284A",40,359,203,156
30,"71350",40,161,80,81
30,"71350A",40,312,235,77
30,"71357",40,206,87,119
30,"71357A",40,538,355,183
30,"71361",40,175,53,122
30,"71361A",40,833,437,396
30,"71364",40,77,34,43
30,"71364A",40,341,195,146
30,"71368",40,166,50,116
30,"71368A",40,793,446,347
30,"71370",40,112,31,81
30,"71370A",40,526,263,263
30,"71380",40,30,10,20
30,"71380A",40,103,43,60
30,"71381",40,486,195,291
30,"71381A",40,2278,1325,953
30,"71801",40,188,60,128
30,"71801A",40,731,445,286
30,"71803",40,22,10,12
30,"71803A",40,101,67,34
30,"71808",40,40,24,16
30,"71808A",40,166,116,50
30,"71809",40,16,6,10
30,"71809A",40,53,30,23
30,"71811",40,56,34,22
30,"71811A",40,119,84,35
30,"71812",40,148,83,65
30,"71812A",40,439,286,153
30,"71813",40,150,69,81
30,"71813A",40,535,313,222
30,"71816",40,87,28,59
30,"71816A",40,380,206,174
30,"71819A",40,44,28,16
30,"71820",40,188,80,108
30,"71820A",40,686,385,301
30,"71824",40,61,18,43
30,"71824A",40,264,163,101
30,"71825",40,212,95,117
30,"71825A",40,865,519,346
30,"71827",40,89,39,50
30,"71827A",40,348,217,131
30,"72081",40,87,14,73
30,"72081A",40,399,153,246
30,"72091",40,247,46,201
30,"72091A",40,1064,437,627
30,"72093",40,63,9,54
30,"72093A",40,164,58,106
30,"72096",40,353,99,254
30,"72096A",40,1476,694,782
30,"72122",40,155,49,106
30,"72122A",40,582,280,302
30,"72197",40,248,60,188
30,"72197A",40,1187,513,674
30,"72254",40,444,118,326
30,"72254A",40,1555,698,857
30,"72255",40,317,121,196
30,"72255A",40,1068,544,524
30,"72256",40,498,124,374
30,"72256A",40,2038,910,1128
30,"72269",40,77,26,51
30,"72269A",40,239,107,132
30,"72272",40,170,36,134
30,"72272A",40,770,349,421
30,"72312",40,64,14,50
30,"72312A",40,203,84,119
30,"72318",40,240,74,166
30,"72318A",40,731,406,325
30,"72321",40,118,28,90
30,"72321A",40,398,189,209
30,"72800",40,48,12,36
30,"72800A",40,145,78,67
30,"72801",40,62,9,53
30,"72801A",40,241,120,121
30,"72807",40,32,8,24
30,"72807A",40,121,52,69
30,"72808",40,19,7,12
30,"72808A",40,62,22,40
30,"72809",40,54,15,39
30,"72809A",40,254,112,142
30,"72810",40,24,4,20
30,"72810A",40,79,26,53
30,"72811A",40,16,8,8
30,"72812",40,223,57,166
30,"72812A",40,872,348,524
30,"72814",40,67,16,51
30,"72814A",40,212,115,97
30,"72815",40,12,5,7
30,"72815A",40,35,17,18
30,"75110",40,156,35,121
30,"75110A",40,786,250,536
30,"75113",40,43,13,30
30,"75113A",40,236,72,164
30,"75114",40,159,17,142
30,"75114A",40,980,290,690
30,"75116",40,150,33,117
30,"75116A",40,669,252,417
30,"75117A",40,51,15,36
30,"75121",40,23,5,18
30,"75121A",40,38,14,24
30,"75122",40,47,11,36
30,"75122A",40,233,84,149
30,"75800",40,29,4,25
30,"75800A",40,126,52,74
30,"75802",40,21,1,20
30,"75802A",40,63,14,49
30,"75803A",40,44,27,17
30,"99999",0,121,42,79
30,"99999A",0,302,118,184
30,"CNTYTOT",0,1357499,686186,671313
30,"AD68_TOT",0,134513,87452,47061
30,"AD59_TOT",0,197809,84013,113796
30,"AD67_TOT",0,135242,73795,61447
30,"AD70_TOT",0,179535,91419,88116
30,"AD64_TOT",0,23411,12612,10799
30,"AD72_TOT",0,269668,124891,144777
30,"AD73_TOT",0,194784,113027,81757
30,"AD74_TOT",0,110762,49377,61385
30,"AD71_TOT",0,111352,49440,61912
30,"AD00_TOT",0,423,160,263
30,"CD46_TOT",0,211215,133979,77236
30,"CD40_TOT",0,352932,158655,194277
30,"CD45_TOT",0,281914,139172,142742
30,"CD38_TOT",0,23411,12612,10799
30,"CD47_TOT",0,353206,181701,171505
30,"CD49_TOT",0,134398,59907,74491
30,"CD00_TOT",0,423,160,263
30,"SD34_TOT",0,250669,154955,95714
30,"SD37_TOT",0,462219,238234,223985
30,"SD30_TOT",0,23450,10529,12921
30,"SD32_TOT",0,39711,13532,26179
30,"SD36_TOT",0,438180,204989,233191
30,"SD38_TOT",0,142847,63787,79060
30,"SD00_TOT",0,423,160,263
30,"BE04_TOT",0,1357076,686026,671050
30,"BE00_TOT",0,423,160,263
30,"SOV_CD38",0,23411,12612,10799
30,"SOV_CD40",0,353112,158714,194398
30,"SOV_CD45",0,281969,139198,142771
30,"SOV_CD46",0,211292,134013,77279
30,"SOV_CD47",0,353275,181721,171554
30,"SOV_CD49",0,134440,59928,74512
31,"0131101",3,33,7,26
31,"0131101A",3,139,43,96
31,"0131102A",3,23,6,17
31,"0131103",3,78,23,55
31,"0131103A",3,488,279,209
31,"0131104",3,154,59,95
31,"0131104A",3,658,340,318
31,"0151105",3,43,8,35
31,"0151105A",3,157,58,99
31,"0151106",3,241,80,161
31,"0151106A",3,873,418,455
31,"0151107A",3,20,3,17
31,"0151108",3,149,39,110
31,"0151108A",3,590,217,373
31,"0151109",3,203,52,151
31,"0151109A",3,750,337,413
31,"0157202",3,17,3,14
31,"0157202A",3,61,23,38
31,"0157205",3,369,116,253
31,"0157205A",3,1352,617,735
31,"0157212A",3,13,6,7
31,"0157213",3,657,240,417
31,"0157213A",3,1337,676,661
31,"0157214",3,500,172,328
31,"0157214A",3,1255,636,619
31,"0157215",3,32,10,22
31,"0157215A",3,124,82,42
31,"0157216",3,133,43,90
31,"0157216A",3,368,174,194
31,"0157225",3,230,69,161
31,"0157225A",3,641,309,332
31,"0157305",3,307,93,214
31,"0157305A",3,1066,486,580
31,"0157310",3,417,125,292
31,"0157310A",3,1099,542,557
31,"0157312",3,399,117,282
31,"0157312A",3,1083,524,559
31,"0157394",3,489,152,337
31,"0157394A",3,1451,670,781
31,"0157401",3,194,70,124
31,"0157401A",3,1934,955,979
31,"0157403",3,375,117,258
31,"0157403A",3,1169,532,637
31,"0157404",3,179,68,111
31,"0157404A",3,712,317,395
31,"0157405",3,413,124,289
31,"0157405A",3,1379,573,806
31,"0157408",3,238,92,146
31,"0157408A",3,1988,959,1029
31,"0157410",3,456,148,308
31,"0157410A",3,1128,514,614
31,"0157411",3,223,85,138
31,"0157411A",3,585,300,285
31,"0157412",3,458,165,293
31,"0157412A",3,1597,785,812
31,"0157414",3,468,129,339
31,"0157414A",3,1473,678,795
31,"0157416",3,363,120,243
31,"0157416A",3,1252,588,664
31,"0157494",3,140,38,102
31,"0157494A",3,434,211,223
31,"0157502",3,527,170,357
31,"0157502A",3,1584,781,803
31,"0157504",3,427,107,320
31,"0157504A",3,1342,595,747
31,"0157506",3,530,150,380
31,"0157506A",3,1629,759,870
31,"0157509",3,517,176,341
31,"0157509A",3,1144,547,597
31,"0231120A",3,23,7,16
31,"0231121A",3,20,1,19
31,"0231127",3,478,66,412
31,"0231127A",3,740,206,534
31,"0231135A",3,49,6,43
31,"0231147",3,436,71,365
31,"0231147A",3,1163,310,853
31,"0231163",3,199,11,188
31,"0231163A",3,489,113,376
31,"0231173",3,15,3,12
31,"0231173A",3,24,6,18
31,"0231257",3,20,3,17
31,"0231257A",3,68,22,46
31,"0234104",3,44,7,37
31,"0234104A",3,73,27,46
31,"0251141A",3,85,28,57
31,"0251168",3,75,8,67
31,"0251168A",3,307,88,219
31,"0251260A",3,40,12,28
31,"0251263",3,35,7,28
31,"0251263A",3,174,83,91
31,"0254102",3,360,75,285
31,"0254102A",3,1145,447,698
31,"0254103",3,393,90,303
31,"0254103A",3,1197,499,698
31,"0254194",3,464,114,350
31,"0254194A",3,1266,498,768
31,"0254198",3,198,37,161
31,"0254198A",3,453,232,221
31,"0254203",3,367,104,263
31,"0254203A",3,984,479,505
31,"0254205",3,636,154,482
31,"0254205A",3,1602,649,953
31,"0254206",3,91,37,54
31,"0254206A",3,253,109,144
31,"0254301",3,302,96,206
31,"0254301A",3,751,335,416
31,"0254302",3,331,65,266
31,"0254302A",3,996,448,548
31,"0254304",3,412,115,297
31,"0254304A",3,1007,450,557
31,"0254307",3,358,91,267
31,"0254307A",3,1021,393,628
31,"0254401",3,257,76,181
31,"0254401A",3,1861,941,920
31,"0254403",3,267,93,174
31,"0254403A",3,2003,1023,980
31,"0254406",3,113,31,82
31,"0254406A",3,842,413,429
31,"0254408",3,366,128,238
31,"0254408A",3,1921,947,974
31,"0254495",3,151,41,110
31,"0254495A",3,1254,611,643
31,"0254501",3,365,76,289
31,"0254501A",3,893,332,561
31,"0254503",3,392,84,308
31,"0254503A",3,1212,432,780
31,"0254504",3,408,121,287
31,"0254504A",3,1393,530,863
31,"0254506",3,98,29,69
31,"0254506A",3,801,394,407
31,"0254507",3,477,147,330
31,"0254507A",3,1260,586,674
31,"0257501",3,603,198,405
31,"0257501A",3,1733,861,872
31,"0257511",3,466,156,310
31,"0257511A",3,1807,973,834
31,"0257513",3,538,207,331
31,"0257513A",3,1615,910,705
31,"0257514",3,305,108,197
31,"0257514A",3,883,444,439
31,"0257515",3,365,122,243
31,"0257515A",3,819,412,407
31,"0257516",3,335,111,224
31,"0257516A",3,881,458,423
31,"0257517",3,547,191,356
31,"0257517A",3,1603,809,794
31,"0257518",3,39,14,25
31,"0257518A",3,137,79,58
31,"0257527",3,465,167,298
31,"0257527A",3,1242,635,607
31,"0257528",3,631,225,406
31,"0257528A",3,1737,884,853
31,"0351144",3,222,41,181
31,"0351144A",3,719,233,486
31,"0351145",3,20,5,15
31,"0351145A",3,92,20,72
31,"0351221",3,13,1,12
31,"0351221A",3,36,16,20
31,"0351227A",3,26,10,16
31,"0351276",3,180,34,146
31,"0351276A",3,475,176,299
31,"0351278",3,45,6,39
31,"0351278A",3,95,30,65
31,"0351279",3,58,14,44
31,"0351279A",3,128,41,87
31,"0351283",3,26,7,19
31,"0351283A",3,67,24,43
31,"0351332",3,40,6,34
31,"0351332A",3,111,27,84
31,"0351334",3,80,19,61
31,"0351334A",3,320,126,194
31,"0351335",3,42,4,38
31,"0351335A",3,114,38,76
31,"0351395A",3,15,3,12
31,"0351415",3,49,8,41
31,"0351415A",3,246,92,154
31,"0351416A",3,30,8,22
31,"0351419",3,14,1,13
31,"0351419A",3,66,27,39
31,"0355001",3,29,4,25
31,"0355001A",3,130,44,86
31,"0355003",3,175,36,139
31,"0355003A",3,568,169,399
31,"0355005",3,468,80,388
31,"0355005A",3,1199,426,773
31,"0355010",3,393,60,333
31,"0355010A",3,1087,388,699
31,"0356001",3,392,132,260
31,"0356001A",3,1169,580,589
31,"0356002",3,381,114,267
31,"0356002A",3,915,421,494
31,"0356003",3,15,9,6
31,"0356003A",3,61,35,26
31,"0356004",3,233,52,181
31,"0356004A",3,661,294,367
31,"0356005",3,237,69,168
31,"0356005A",3,754,325,429
31,"0356006",3,254,69,185
31,"0356006A",3,960,402,558
31,"0356009",3,229,64,165
31,"0356009A",3,720,319,401
31,"0356010",3,238,94,144
31,"0356010A",3,798,299,499
31,"0356013",3,494,119,375
31,"0356013A",3,1558,661,897
31,"0356014",3,168,41,127
31,"0356014A",3,685,346,339
31,"0356015",3,313,88,225
31,"0356015A",3,652,294,358
31,"0356016",3,392,109,283
31,"0356016A",3,1489,645,844
31,"0356018",3,205,58,147
31,"0356018A",3,645,287,358
31,"0356019",3,384,121,263
31,"0356019A",3,1161,568,593
31,"0356020",3,426,137,289
31,"0356020A",3,1341,652,689
31,"0356023",3,305,102,203
31,"0356023A",3,861,451,410
31,"0356024",3,234,65,169
31,"0356024A",3,717,327,390
31,"0356031",3,182,54,128
31,"0356031A",3,829,350,479
31,"0356033",3,414,111,303
31,"0356033A",3,1531,725,806
31,"0356035",3,76,20,56
31,"0356035A",3,461,225,236
31,"0356036",3,545,180,365
31,"0356036A",3,1665,810,855
31,"0356038",3,305,100,205
31,"0356038A",3,1048,513,535
31,"0356039",3,261,83,178
31,"0356039A",3,816,377,439
31,"0356040",3,457,155,302
31,"0356040A",3,1531,729,802
31,"0356043",3,398,114,284
31,"0356043A",3,1533,659,874
31,"0356047",3,533,148,385
31,"0356047A",3,1830,850,980
31,"0356049",3,445,159,286
31,"0356049A",3,1388,627,761
31,"0356050",3,311,100,211
31,"0356050A",3,712,346,366
31,"0356066",3,7,1,6
31,"0356066A",3,18,7,11
31,"0356067A",3,15,3,12
31,"0451110",3,99,25,74
31,"0451110A",3,244,86,158
31,"0451116",3,27,11,16
31,"0451116A",3,87,27,60
31,"0451117",3,40,6,34
31,"0451117A",3,138,42,96
31,"0451118",3,37,5,32
31,"0451118A",3,155,51,104
31,"0451119",3,17,6,11
31,"0451119A",3,54,19,35
31,"0451201",3,528,191,337
31,"0451201A",3,1229,540,689
31,"0451202",3,638,196,442
31,"0451202A",3,1699,759,940
31,"0451204",3,435,119,316
31,"0451204A",3,945,377,568
31,"0451207",3,529,126,403
31,"0451207A",3,1206,505,701
31,"0451209",3,358,97,261
31,"0451209A",3,807,332,475
31,"0451211",3,51,12,39
31,"0451211A",3,161,49,112
31,"0451213",3,197,30,167
31,"0451213A",3,443,142,301
31,"0451303",3,282,98,184
31,"0451303A",3,553,246,307
31,"0451304",3,331,106,225
31,"0451304A",3,907,398,509
31,"0451312",3,583,167,416
31,"0451312A",3,1481,614,867
31,"0451313",3,32,8,24
31,"0451313A",3,63,32,31
31,"0451317",3,257,50,207
31,"0451317A",3,667,246,421
31,"0451318",3,284,48,236
31,"0451318A",3,1102,328,774
31,"0451323A",3,10,4,6
31,"0451404",3,25,8,17
31,"0451404A",3,114,49,65
31,"0451405",3,258,64,194
31,"0451405A",3,669,246,423
31,"0451408",3,20,2,18
31,"0451408A",3,162,53,109
31,"0451413",3,115,19,96
31,"0451413A",3,494,149,345
31,"0451414",3,13,4,9
31,"0451414A",3,87,27,60
31,"0457102",3,305,80,225
31,"0457102A",3,1000,481,519
31,"0457109",3,556,132,424
31,"0457109A",3,1606,660,946
31,"0457113",3,457,136,321
31,"0457113A",3,1322,596,726
31,"0457114",3,393,121,272
31,"0457114A",3,1089,513,576
31,"0457116",3,399,148,251
31,"0457116A",3,1033,500,533
31,"0457118",3,167,50,117
31,"0457118A",3,773,364,409
31,"0457120",3,327,104,223
31,"0457120A",3,776,397,379
31,"0457121",3,399,136,263
31,"0457121A",3,1299,655,644
31,"0457122",3,369,138,231
31,"0457122A",3,920,506,414
31,"0457187",3,347,97,250
31,"0457187A",3,1255,555,700
31,"0457190",3,362,113,249
31,"0457190A",3,1085,533,552
31,"0457203",3,614,206,408
31,"0457203A",3,1649,757,892
31,"0457204",3,157,56,101
31,"0457204A",3,449,241,208
31,"0457303",3,463,149,314
31,"0457303A",3,1735,770,965
31,"0457315",3,305,84,221
31,"0457315A",3,825,380,445
31,"0457316",3,475,141,334
31,"0457316A",3,1382,717,665
31,"0511541",3,24,3,21
31,"0511541A",3,75,39,36
31,"0511551",3,213,50,163
31,"0511551A",3,730,251,479
31,"0511563",3,10,3,7
31,"0511563A",3,92,38,54
31,"0511572",3,218,40,178
31,"0511572A",3,592,196,396
31,"0511573",3,317,78,239
31,"0511573A",3,1018,429,589
31,"0511583",3,8,2,6
31,"0511583A",3,36,17,19
31,"0511584",3,427,88,339
31,"0511584A",3,1133,448,685
31,"0511601",3,19,5,14
31,"0511601A",3,31,13,18
31,"0511603",3,553,104,449
31,"0511603A",3,1126,353,773
31,"0511604",3,513,69,444
31,"0511604A",3,1189,396,793
31,"0511608",3,20,11,9
31,"0511608A",3,126,50,76
31,"0511610",3,18,4,14
31,"0511610A",3,64,24,40
31,"0511611A",3,15,7,8
31,"0511612",3,12,1,11
31,"0511612A",3,47,17,30
31,"0511623A",3,31,10,21
31,"0511624",3,299,59,240
31,"0511624A",3,847,304,543
31,"0511630",3,22,2,20
31,"0511630A",3,32,7,25
31,"0511704A",3,14,7,7
31,"0511801",3,93,62,31
31,"0511801A",3,534,418,116
31,"0511817A",3,14,8,6
31,"0511819",3,26,11,15
31,"0511819A",3,275,164,111
31,"0511902",3,507,328,179
31,"0511902A",3,1411,1004,407
31,"0511915",3,51,34,17
31,"0511915A",3,223,182,41
31,"0511927",3,23,14,9
31,"0511927A",3,171,120,51
31,"0511930",3,83,47,36
31,"0511930A",3,236,172,64
31,"0511931",3,98,67,31
31,"0511931A",3,359,280,79
31,"0511939",3,12,8,4
31,"0511939A",3,67,51,16
31,"0511949",3,379,270,109
31,"0511949A",3,1517,1166,351
31,"0511965",3,43,27,16
31,"0511965A",3,530,415,115
31,"0511971A",3,10,8,2
31,"0513001",3,274,69,205
31,"0513001A",3,637,281,356
31,"0551241",3,115,22,93
31,"0551241A",3,521,180,341
31,"0551251",3,10,1,9
31,"0551251A",3,76,22,54
31,"0551252A",3,17,12,5
31,"0551255",3,107,22,85
31,"0551255A",3,325,111,214
31,"0551267",3,43,6,37
31,"0551267A",3,217,63,154
31,"0551272A",3,40,11,29
31,"0551301",3,37,14,23
31,"0551301A",3,136,60,76
31,"0551340",3,60,10,50
31,"0551340A",3,291,106,185
31,"0551341",3,131,31,100
31,"0551341A",3,528,185,343
31,"0551375",3,11,3,8
31,"0551375A",3,21,4,17
31,"0551380A",3,12,4,8
31,"0551386",3,16,10,6
31,"0551386A",3,140,61,79
31,"0551418A",3,45,15,30
31,"0551429A",3,10,1,9
31,"0551431A",3,18,6,12
31,"0551435",3,303,78,225
31,"0551435A",3,1365,508,857
31,"0551437A",3,16,1,15
31,"0551447",3,31,5,26
31,"0551447A",3,199,73,126
31,"0551462A",3,11,2,9
31,"0551465",3,16,1,15
31,"0551465A",3,106,39,67
31,"0551466",3,416,95,321
31,"0551466A",3,1640,619,1021
31,"0551467",3,208,83,125
31,"0551467A",3,646,313,333
31,"0551472A",3,36,13,23
31,"0551492",3,79,16,63
31,"0551492A",3,453,170,283
31,"0551496",3,21,7,14
31,"0551496A",3,64,28,36
31,"0551497",3,12,5,7
31,"0551497A",3,24,13,11
31,"0551501",3,71,13,58
31,"0551501A",3,241,92,149
31,"0551504",3,127,46,81
31,"0551504A",3,438,235,203
31,"0551507",3,158,40,118
31,"0551507A",3,564,241,323
31,"0551514",3,340,95,245
31,"0551514A",3,1497,665,832
31,"0551520",3,262,72,190
31,"0551520A",3,1137,475,662
31,"0551532",3,28,8,20
31,"0551532A",3,106,32,74
31,"0551537",3,314,77,237
31,"0551537A",3,1255,495,760
31,"0551540",3,51,16,35
31,"0551540A",3,120,45,75
31,"0551543",3,374,103,271
31,"0551543A",3,1422,558,864
31,"0551548",3,70,13,57
31,"0551548A",3,249,82,167
31,"0551552",3,158,42,116
31,"0551552A",3,620,279,341
31,"0551561",3,220,47,173
31,"0551561A",3,634,264,370
31,"0551597",3,18,3,15
31,"0551597A",3,119,58,61
31,"0552001",3,122,39,83
31,"0552001A",3,476,215,261
31,"0552002",3,426,133,293
31,"0552002A",3,1867,928,939
31,"0552005",3,385,164,221
31,"0552005A",3,1319,749,570
31,"0552009",3,163,68,95
31,"0552009A",3,441,199,242
31,"0552012",3,250,93,157
31,"0552012A",3,911,522,389
31,"0552015",3,365,114,251
31,"0552015A",3,1259,614,645
31,"0552021",3,21,4,17
31,"0552021A",3,109,51,58
31,"CNTYTOT",0,227795,94970,132825
31,"AD03_TOT",0,5450,1624,3826
31,"AD05_TOT",0,204864,85007,119857
31,"AD01_TOT",0,17481,8339,9142
31,"CD03_TOT",0,227795,94970,132825
31,"SD06_TOT",0,188491,77787,110704
31,"SD01_TOT",0,32501,12290,20211
31,"SD04_TOT",0,6803,4893,1910
31,"BE01_TOT",0,227795,94970,132825
31,"SOV_CD03",0,227795,94970,132825
32,"01",3,272,50,222
32,"02",3,315,97,218
32,"03",3,171,68,103
32,"04",3,14,1,13
32,"05",3,259,158,101
32,"07",3,48,26,22
32,"08",3,34,18,16
32,"10",3,319,150,169
32,"11",3,512,183,329
32,"12",3,621,208,413
32,"13",3,788,338,450
32,"14",3,535,225,310
32,"15",3,289,136,153
32,"16",3,324,131,193
32,"17",3,734,285,449
32,"18",3,412,195,217
32,"19",3,406,165,241
32,"20",3,479,252,227
32,"21",3,441,267,174
32,"22",3,135,44,91
32,"23",3,384,148,236
32,"24",3,141,57,84
32,"25",3,256,101,155
32,"26",3,382,122,260
32,"27",3,567,168,399
32,"28",3,609,171,438
32,"29",3,476,119,357
32,"CNTYTOT",0,9927,3883,6044
32,"AD01_TOT",0,9927,3883,6044
32,"CD03_TOT",0,9927,3883,6044
32,"SD01_TOT",0,9927,3883,6044
32,"BE01_TOT",0,9927,3883,6044
32,"SOV_CD03",0,9927,3883,6044
33,"101100A",39,95,53,42
33,"101100",39,31,13,18
33,"101103A",39,765,448,317
33,"101103",39,189,94,95
33,"103105A",39,564,286,278
33,"103105",39,122,35,87
33,"103108A",39,1001,438,563
33,"103108",39,195,58,137
33,"104103A",39,71,37,34
33,"104103",39,21,7,14
33,"104109A",39,863,460,403
33,"104109",39,223,74,149
33,"104115A",39,320,200,120
33,"104115",39,119,50,69
33,"104116A",39,435,339,96
33,"104116",39,154,97,57
33,"104121A",39,1128,805,323
33,"104121",39,352,202,150
33,"104124A",39,100,63,37
33,"104124",39,33,20,13
33,"104125A",39,430,301,129
33,"104125",39,131,69,62
33,"105105A",39,831,403,428
33,"105105",39,179,66,113
33,"105107A",39,1076,507,569
33,"105107",39,237,73,164
33,"105116A",39,235,105,130
33,"105116",39,51,26,25
33,"105118A",39,611,341,270
33,"105118",39,160,70,90
33,"105124A",39,434,238,196
33,"105124",39,105,36,69
33,"105127A",39,1441,789,652
33,"105127",39,306,107,199
33,"105138A",39,602,366,236
33,"105138",39,131,69,62
33,"105141A",39,668,391,277
33,"105141",39,122,50,72
33,"118040A",39,135,69,66
33,"118040",39,22,5,17
33,"118041A",39,43,9,34
33,"119023A",39,538,249,289
33,"119023",39,117,34,83
33,"119025A",39,823,497,326
33,"119025",39,246,123,123
33,"119027A",39,1206,700,506
33,"119027",39,405,191,214
33,"119035A",39,418,257,161
33,"119035",39,181,100,81
33,"119037A",39,231,102,129
33,"119037",39,80,32,48
33,"119047A",39,46,21,25
33,"119049A",39,172,112,60
33,"119049",39,75,39,36
33,"119052A",39,21,12,9
33,"119065A",39,141,79,62
33,"119065",39,36,11,25
33,"119070A",39,383,210,173
33,"119070",39,23,16,7
33,"119081A",39,1331,732,599
33,"119081",39,340,149,191
33,"119086A",39,1860,1067,793
33,"119086",39,514,243,271
33,"121000A",39,1219,793,426
33,"121000",39,374,202,172
33,"121009A",39,908,591,317
33,"121009",39,274,130,144
33,"121012A",39,246,170,76
33,"121012",39,80,43,37
33,"121016A",39,1627,1090,537
33,"121016",39,312,163,149
33,"121021A",39,1591,1072,519
33,"121021",39,433,211,222
33,"121024A",39,830,482,348
33,"121024",39,140,59,81
33,"121025A",39,1856,1143,713
33,"121025",39,293,136,157
33,"121033A",39,936,701,235
33,"121033",39,200,111,89
33,"121035A",39,87,63,24
33,"121035",39,11,5,6
33,"121040A",39,1844,1327,517
33,"121040",39,456,276,180
33,"122004A",39,187,144,43
33,"122004",39,62,43,19
33,"122010A",39,46,35,11
33,"122010",39,19,7,12
33,"122011A",39,824,545,279
33,"122011",39,283,186,97
33,"122017A",39,1303,844,459
33,"122017",39,266,189,77
33,"122021A",39,507,410,97
33,"122021",39,410,333,77
33,"122026A",39,742,514,228
33,"122026",39,752,625,127
33,"122031A",39,2134,1333,801
33,"122031",39,379,208,171
33,"122036A",39,2157,1169,988
33,"122036",39,202,84,118
33,"122039A",39,1168,702,466
33,"122039",39,192,108,84
33,"122045A",39,571,383,188
33,"122045",39,141,77,64
33,"122048A",39,1934,891,1043
33,"122048",39,249,64,185
33,"122054A",39,36,11,25
33,"123004A",39,136,93,43
33,"123004",39,41,15,26
33,"123005A",39,726,413,313
33,"123005",39,192,82,110
33,"123009A",39,1123,635,488
33,"123009",39,174,62,112
33,"123014A",39,1878,1111,767
33,"123014",39,482,245,237
33,"123015A",39,1537,904,633
33,"123015",39,275,128,147
33,"123021A",39,1048,614,434
33,"123021",39,174,79,95
33,"123022A",39,426,241,185
33,"123022",39,69,19,50
33,"123025A",39,1570,769,801
33,"123025",39,142,46,96
33,"123028A",39,1937,1053,884
33,"123028",39,362,156,206
33,"123036A",39,1633,813,820
33,"123036",39,306,128,178
33,"123037A",39,1007,606,401
33,"123037",39,212,98,114
33,"123044A",39,1369,679,690
33,"123044",39,175,77,98
33,"124003A",39,584,255,329
33,"124003",39,99,40,59
33,"124010A",39,1505,674,831
33,"124010",39,236,92,144
33,"124016A",39,2540,1021,1519
33,"124016",39,309,90,219
33,"124019A",39,1520,739,781
33,"124019",39,136,44,92
33,"124026A",39,887,428,459
33,"124026",39,99,25,74
33,"124028A",39,1275,589,686
33,"124028",39,180,58,122
33,"124034A",39,1616,840,776
33,"124034",39,303,122,181
33,"124035A",39,2365,1125,1240
33,"124035",39,408,131,277
33,"124047A",39,3037,1460,1577
33,"124047",39,612,194,418
33,"124048A",39,1666,845,821
33,"124048",39,326,121,205
33,"124053A",39,2070,997,1073
33,"124053",39,339,98,241
33,"125000A",39,1028,556,472
33,"125000",39,266,100,166
33,"125004A",39,801,454,347
33,"125004",39,137,63,74
33,"125010A",39,1108,629,479
33,"125010",39,288,105,183
33,"125012A",39,1797,1001,796
33,"125012",39,454,195,259
33,"125019A",39,746,414,332
33,"125019",39,167,80,87
33,"125024A",39,782,477,305
33,"125024",39,160,66,94
33,"125027A",39,576,324,252
33,"125027",39,99,39,60
33,"125031A",39,756,377,379
33,"125031",39,148,41,107
33,"125037A",39,1019,538,481
33,"125037",39,164,68,96
33,"125043A",39,669,399,270
33,"125043",39,189,88,101
33,"125045A",39,995,631,364
33,"125045",39,217,101,116
33,"125051A",39,1155,756,399
33,"125051",39,318,179,139
33,"126002A",39,1314,864,450
33,"126002",39,359,212,147
33,"126013A",39,1471,906,565
33,"126013",39,316,150,166
33,"126014A",39,1645,1035,610
33,"126014",39,354,152,202
33,"126020A",39,923,574,349
33,"126020",39,220,116,104
33,"126024A",39,378,169,209
33,"126024",39,37,10,27
33,"126026A",39,581,315,266
33,"126026",39,132,60,72
33,"126030A",39,973,521,452
33,"126030",39,187,85,102
33,"126034A",39,333,209,124
33,"126034",39,115,63,52
33,"126039A",39,1549,875,674
33,"126039",39,277,113,164
33,"127002A",39,1737,877,860
33,"127002",39,401,176,225
33,"127005A",39,1929,1176,753
33,"127005",39,521,276,245
33,"127015A",39,431,252,179
33,"127015",39,150,82,68
33,"127022A",41,1709,877,832
33,"127022",41,348,136,212
33,"127024A",39,1592,934,658
33,"127024",39,397,200,197
33,"127028A",41,279,159,120
33,"127028",41,48,22,26
33,"127034A",41,335,197,138
33,"127034",41,58,28,30
33,"127036A",39,1235,738,497
33,"127036",39,250,109,141
33,"127040A",39,1601,887,714
33,"127040",39,342,179,163
33,"129001A",39,169,78,91
33,"129001",39,33,11,22
33,"131000A",39,72,23,49
33,"131000",39,28,11,17
33,"131008A",39,1412,887,525
33,"131008",39,361,187,174
33,"131016A",39,926,585,341
33,"131016",39,305,157,148
33,"131018A",39,166,96,70
33,"131018",39,60,28,32
33,"131021A",39,1454,935,519
33,"131021",39,400,211,189
33,"132001A",39,1502,1013,489
33,"132001",39,351,189,162
33,"132005A",39,1973,1297,676
33,"132005",39,435,243,192
33,"132012A",39,531,328,203
33,"132012",39,123,63,60
33,"132014A",39,606,392,214
33,"132014",39,130,66,64
33,"133001A",39,782,513,269
33,"133001",39,173,77,96
33,"133003A",39,103,64,39
33,"133003",39,19,8,11
33,"133006A",39,1022,703,319
33,"133006",39,307,159,148
33,"133012A",39,857,587,270
33,"133012",39,258,147,111
33,"133016A",39,137,98,39
33,"133016",39,41,22,19
33,"134001A",39,124,88,36
33,"134001",39,38,21,17
33,"134011A",39,908,639,269
33,"134011",39,220,119,101
33,"134014A",39,980,669,311
33,"134014",39,350,189,161
33,"134018A",39,1603,913,690
33,"134018",39,439,176,263
33,"158053A",39,281,194,87
33,"158053",39,111,50,61
33,"158055A",39,19,9,10
33,"158057A",39,319,192,127
33,"158057",39,130,74,56
33,"158058A",39,336,222,114
33,"158058",39,144,74,70
33,"158070A",39,290,109,181
33,"158070",39,58,28,30
33,"158078A",39,147,52,95
33,"158078",39,36,9,27
33,"158080A",39,251,120,131
33,"158080",39,44,11,33
33,"201100A",39,24,9,15
33,"201101A",39,364,188,176
33,"201101",39,83,45,38
33,"201104A",39,548,280,268
33,"201104",39,103,40,63
33,"201107A",39,141,50,91
33,"201107",39,38,10,28
33,"201117A",39,49,27,22
33,"201119A",39,905,479,426
33,"201119",39,206,83,123
33,"201125A",39,1741,918,823
33,"201125",39,386,163,223
33,"202103A",39,1154,668,486
33,"202103",39,244,112,132
33,"202111A",39,1475,710,765
33,"202111",39,254,88,166
33,"202115A",39,236,154,82
33,"202115",39,55,28,27
33,"202121A",39,2399,998,1401
33,"202121",39,431,125,306
33,"202124A",39,1406,765,641
33,"202124",39,332,145,187
33,"203101A",39,189,114,75
33,"203101",39,52,26,26
33,"203103A",39,244,147,97
33,"203103",39,56,25,31
33,"203109A",39,1068,636,432
33,"203109",39,227,123,104
33,"203113A",39,996,562,434
33,"203113",39,259,94,165
33,"203114A",39,164,92,72
33,"203114",39,33,17,16
33,"203116A",39,624,375,249
33,"203116",39,159,72,87
33,"204100A",39,313,148,165
33,"204100",39,60,22,38
33,"218004A",41,852,302,550
33,"218004",41,180,43,137
33,"218005A",41,634,256,378
33,"218005",41,156,61,95
33,"218009A",41,790,230,560
33,"218009",41,155,32,123
33,"218024A",41,63,27,36
33,"218026A",41,308,91,217
33,"218026",41,65,6,59
33,"218033A",41,560,171,389
33,"218033",41,63,13,50
33,"221107A",35,2133,1133,1000
33,"221107",35,382,156,226
33,"221109A",35,956,591,365
33,"221109",35,269,127,142
33,"221111A",35,550,334,216
33,"221111",35,132,54,78
33,"222100A",35,897,482,415
33,"222100",35,176,77,99
33,"222102A",41,638,339,299
33,"222102",41,149,55,94
33,"222106A",41,2236,1052,1184
33,"222106",41,367,130,237
33,"222107A",41,886,431,455
33,"222107",41,142,45,97
33,"223103A",35,1233,647,586
33,"223103",35,272,99,173
33,"223106A",35,1166,605,561
33,"223106",35,242,89,153
33,"223110A",35,1512,778,734
33,"223110",35,294,119,175
33,"223112A",41,444,258,186
33,"223112",41,119,42,77
33,"224101A",35,799,379,420
33,"224101",35,148,56,92
33,"224104A",35,1385,705,680
33,"224104",35,236,84,152
33,"224110A",41,1733,913,820
33,"224110",41,354,159,195
33,"224113A",41,1041,589,452
33,"224113",41,220,76,144
33,"225102A",35,1218,625,593
33,"225102",35,278,115,163
33,"225106A",35,1665,756,909
33,"225106",35,296,103,193
33,"225112A",35,1830,848,982
33,"225112",35,333,104,229
33,"228042A",39,206,125,81
33,"228042",39,80,39,41
33,"228047A",39,859,540,319
33,"228047",39,228,118,110
33,"228054A",39,1016,597,419
33,"228054",39,216,86,130
33,"228059A",39,404,202,202
33,"228059",39,79,30,49
33,"228060A",41,18,11,7
33,"228067A",41,2087,1088,999
33,"228067",41,385,172,213
33,"228074A",41,518,262,256
33,"228074",41,134,53,81
33,"228076A",41,1231,578,653
33,"228076",41,215,65,150
33,"228080A",41,1714,833,881
33,"228080",41,449,144,305
33,"228090A",41,1794,855,939
33,"228090",41,372,120,252
33,"228093A",41,1150,463,687
33,"228093",41,199,75,124
33,"228800A",41,2848,1165,1683
33,"228800",41,562,160,402
33,"228807A",41,1134,499,635
33,"228807",41,229,74,155
33,"228810A",41,361,177,184
33,"228810",41,69,22,47
33,"229001A",41,140,45,95
33,"229001",41,22,5,17
33,"229003A",41,1154,528,626
33,"229003",41,226,76,150
33,"229004A",41,462,232,230
33,"229004",41,100,32,68
33,"229016A",41,130,46,84
33,"229016",41,23,5,18
33,"229022A",41,859,434,425
33,"229022",41,175,49,126
33,"229025A",41,2193,1097,1096
33,"229025",41,507,164,343
33,"229031A",41,2457,1103,1354
33,"229031",41,291,94,197
33,"229044A",41,2260,1283,977
33,"229044",41,516,192,324
33,"229045A",41,166,105,61
33,"229046A",41,21,8,13
33,"229057A",41,1469,787,682
33,"229057",41,224,79,145
33,"229077A",41,894,448,446
33,"229077",41,316,112,204
33,"229079A",41,1435,659,776
33,"229079",41,493,147,346
33,"230009A",41,2423,680,1743
33,"230009",41,568,97,471
33,"230013A",41,2827,832,1995
33,"230013",41,577,94,483
33,"230016A",41,2253,744,1509
33,"230016",41,391,74,317
33,"230024A",41,1916,669,1247
33,"230024",41,411,105,306
33,"248002A",41,41,9,32
33,"248024A",41,671,306,365
33,"248024",41,124,56,68
33,"248026A",41,199,114,85
33,"248026",41,36,11,25
33,"248044A",48,39,21,18
33,"248045A",41,158,44,114
33,"248045",41,21,1,20
33,"248047A",41,127,50,77
33,"248047",41,35,13,22
33,"248048A",48,67,20,47
33,"249007A",41,372,175,197
33,"249007",41,115,51,64
33,"249010A",41,764,332,432
33,"249010",41,140,41,99
33,"249011A",41,75,26,49
33,"249011",41,15,6,9
33,"249020A",41,1072,499,573
33,"249020",41,303,117,186
33,"249022A",41,754,373,381
33,"249022",41,277,100,177
33,"249028A",41,145,99,46
33,"249028",41,65,20,45
33,"249030A",41,63,19,44
33,"249030",41,16,3,13
33,"251001A",41,2011,1092,919
33,"251001",41,427,182,245
33,"251011A",41,1114,609,505
33,"251011",41,259,95,164
33,"251017A",41,1773,1041,732
33,"251017",41,433,168,265
33,"251018A",41,401,244,157
33,"251018",41,80,42,38
33,"251022A",41,1872,1042,830
33,"251022",41,486,223,263
33,"251025A",41,23,15,8
33,"251029A",41,195,85,110
33,"251029",41,36,12,24
33,"251030A",41,1371,705,666
33,"251030",41,380,137,243
33,"251037A",41,855,415,440
33,"251037",41,171,60,111
33,"252000A",41,783,315,468
33,"252000",41,130,31,99
33,"252007A",41,2154,1024,1130
33,"252007",41,401,111,290
33,"252013A",41,1040,601,439
33,"252013",41,255,107,148
33,"252014A",41,490,338,152
33,"252014",41,190,96,94
33,"252022A",41,917,599,318
33,"252022",41,304,178,126
33,"252024A",41,2404,1462,942
33,"252024",41,478,215,263
33,"253001A",41,668,383,285
33,"253001",41,179,73,106
33,"253008A",41,1611,1023,588
33,"253008",41,421,220,201
33,"253014A",41,1838,972,866
33,"253014",41,357,152,205
33,"253019A",41,1786,878,908
33,"253019",41,380,122,258
33,"253022A",41,1364,773,591
33,"253022",41,376,160,216
33,"253026A",41,668,331,337
33,"253026",41,151,67,84
33,"254002A",40,1744,747,997
33,"254002",40,337,106,231
33,"254009A",40,1723,767,956
33,"254009",40,353,124,229
33,"254014A",40,423,214,209
33,"254014",40,111,48,63
33,"254018A",41,902,460,442
33,"254018",41,179,65,114
33,"254025A",41,382,180,202
33,"254025",41,70,28,42
33,"254028A",41,2176,1053,1123
33,"254028",41,415,138,277
33,"254029A",41,417,242,175
33,"254029",41,65,22,43
33,"254035A",41,1859,897,962
33,"254035",41,325,108,217
33,"254043A",41,1794,880,914
33,"254043",41,331,128,203
33,"254046A",41,652,322,330
33,"254046",41,135,42,93
33,"255000A",41,2121,1011,1110
33,"255000",41,447,157,290
33,"255009A",41,1673,793,880
33,"255009",41,335,129,206
33,"255011A",41,1468,630,838
33,"255011",41,216,70,146
33,"255017A",41,1574,761,813
33,"255017",41,338,116,222
33,"255021A",41,2301,993,1308
33,"255021",41,380,132,248
33,"255026A",41,2532,1089,1443
33,"255026",41,446,141,305
33,"255033A",41,2220,1140,1080
33,"255033",41,550,197,353
33,"261100A",41,625,343,282
33,"261100",41,179,63,116
33,"261101A",41,826,458,368
33,"261101",41,292,115,177
33,"261105A",41,572,311,261
33,"261105",41,159,66,93
33,"261108A",41,186,74,112
33,"261108",41,46,16,30
33,"261123A",41,237,123,114
33,"261123",41,93,41,52
33,"261127A",41,249,111,138
33,"261127",41,41,13,28
33,"262106A",41,1385,668,717
33,"262106",41,301,115,186
33,"262110A",41,311,157,154
33,"262110",41,72,32,40
33,"262122A",41,727,428,299
33,"262122",41,174,62,112
33,"262125A",41,1186,686,500
33,"262125",41,357,144,213
33,"262130A",41,521,277,244
33,"262130",41,127,55,72
33,"263108A",41,985,508,477
33,"263108",41,224,84,140
33,"263114A",41,1877,985,892
33,"263114",41,557,190,367
33,"263120A",41,317,164,153
33,"263120",41,92,40,52
33,"263129A",41,273,132,141
33,"263129",41,101,32,69
33,"263134A",41,1469,704,765
33,"263134",41,366,111,255
33,"264104A",41,1990,861,1129
33,"264104",41,381,136,245
33,"264107A",41,1780,835,945
33,"264107",41,386,127,259
33,"264113A",41,770,408,362
33,"264113",41,236,97,139
33,"265104A",41,860,510,350
33,"265104",41,317,156,161
33,"265106A",41,58,39,19
33,"265106",41,39,18,21
33,"265108A",41,1791,991,800
33,"265108",41,485,189,296
33,"265109A",41,483,268,215
33,"265109",41,147,43,104
33,"265117A",41,854,358,496
33,"265117",41,259,104,155
33,"270005A",41,729,183,546
33,"270005",41,223,28,195
33,"270011A",41,2796,737,2059
33,"270011",41,711,79,632
33,"270013A",41,1311,290,1021
33,"270013",41,351,54,297
33,"270017A",41,476,109,367
33,"270017",41,120,19,101
33,"301005A",41,2495,1229,1266
33,"301005",41,311,110,201
33,"301012A",41,2038,936,1102
33,"301012",41,344,104,240
33,"301015A",41,2961,1440,1521
33,"301015",41,307,96,211
33,"301017A",41,653,277,376
33,"301017",41,143,32,111
33,"301022A",41,1877,893,984
33,"301022",41,286,97,189
33,"301034A",41,979,505,474
33,"301034",41,183,69,114
33,"301036A",41,1142,503,639
33,"301036",41,294,95,199
33,"302000A",41,1571,700,871
33,"302000",41,454,139,315
33,"302005A",41,1301,604,697
33,"302005",41,264,75,189
33,"302007A",41,1067,532,535
33,"302007",41,199,57,142
33,"302009A",41,2240,1007,1233
33,"302009",41,405,96,309
33,"302011A",41,2205,1130,1075
33,"302011",41,479,152,327
33,"302013A",41,1774,817,957
33,"302013",41,404,128,276
33,"302019A",41,524,165,359
33,"302019",41,107,19,88
33,"302024A",41,22,7,15
33,"302035A",41,260,132,128
33,"302035",41,59,30,29
33,"303002A",41,231,90,141
33,"303002",41,30,7,23
33,"303007A",41,1517,708,809
33,"303007",41,313,112,201
33,"303008A",41,711,339,372
33,"303008",41,158,53,105
33,"303012A",41,1522,661,861
33,"303012",41,316,102,214
33,"303015A",41,90,55,35
33,"303015",41,34,9,25
33,"303020A",41,77,39,38
33,"303020",41,13,5,8
33,"303022A",41,1457,640,817
33,"303022",41,270,80,190
33,"303023A",41,109,53,56
33,"303023",41,12,4,8
33,"303027A",41,1032,407,625
33,"303027",41,215,47,168
33,"303030A",41,1494,679,815
33,"303030",41,265,96,169
33,"303032A",41,27,2,25
33,"303033A",41,365,127,238
33,"303033",41,53,14,39
33,"303036A",41,110,43,67
33,"303036",41,15,4,11
33,"303037A",41,253,94,159
33,"303037",41,29,9,20
33,"303043A",41,1241,593,648
33,"303043",41,170,64,106
33,"303048A",41,219,130,89
33,"303048",41,43,13,30
33,"304000A",41,76,50,26
33,"304000",41,37,14,23
33,"304001A",41,426,174,252
33,"304001",41,154,59,95
33,"304002A",41,221,135,86
33,"304002",41,82,40,42
33,"304010A",41,108,58,50
33,"304010",41,27,8,19
33,"304012A",41,101,52,49
33,"304012",41,46,15,31
33,"304014A",41,1635,849,786
33,"304014",41,480,178,302
33,"304017A",41,1511,832,679
33,"304017",41,296,98,198
33,"304019A",41,979,419,560
33,"304019",41,220,78,142
33,"304021A",41,22,9,13
33,"304022A",41,134,71,63
33,"304022",41,49,20,29
33,"304023A",41,771,363,408
33,"304023",41,131,35,96
33,"304031A",41,1431,593,838
33,"304031",41,58,16,42
33,"304038A",41,208,111,97
33,"304038",41,33,11,22
33,"304045A",41,2478,1246,1232
33,"304045",41,541,209,332
33,"304051A",41,201,136,65
33,"304051",41,123,70,53
33,"309096A",48,2419,1135,1284
33,"309096",48,365,106,259
33,"309099A",48,489,181,308
33,"309099",48,73,15,58
33,"311000A",41,591,298,293
33,"311000",41,175,78,97
33,"311002A",41,389,117,272
33,"311002",41,77,22,55
33,"311005A",41,975,418,557
33,"311005",41,221,78,143
33,"311010A",41,106,47,59
33,"311010",41,30,11,19
33,"312007A",41,1310,535,775
33,"312007",41,268,53,215
33,"312011A",41,741,289,452
33,"312011",41,125,42,83
33,"312018A",41,180,82,98
33,"312018",41,57,22,35
33,"312022A",41,590,242,348
33,"312022",41,127,44,83
33,"313003A",41,1509,566,943
33,"313003",41,306,80,226
33,"313006A",41,1279,510,769
33,"313006",41,211,57,154
33,"314000A",41,1414,531,883
33,"314000",41,346,97,249
33,"314008A",41,920,348,572
33,"314008",41,184,42,142
33,"314013A",41,204,89,115
33,"314013",41,56,21,35
33,"315004A",41,1726,763,963
33,"315004",41,394,134,260
33,"315005A",41,973,387,586
33,"315005",41,223,51,172
33,"319050A",41,534,246,288
33,"319050",41,166,54,112
33,"319063A",41,147,59,88
33,"319063",41,36,12,24
33,"319064A",41,417,188,229
33,"319064",41,123,48,75
33,"319068A",25,97,39,58
33,"319068",25,13,1,12
33,"319074A",41,385,231,154
33,"319074",41,195,101,94
33,"319081A",41,15,8,7
33,"319083A",41,29,10,19
33,"319084A",41,561,264,297
33,"319084",41,177,76,101
33,"319085A",41,742,353,389
33,"319085",41,198,86,112
33,"321001A",48,1403,559,844
33,"321001",48,345,87,258
33,"321007A",48,1636,607,1029
33,"321007",48,277,63,214
33,"321010A",48,611,219,392
33,"321010",48,113,43,70
33,"321013A",48,1483,612,871
33,"321013",48,364,104,260
33,"321017A",48,1440,628,812
33,"321017",48,399,121,278
33,"321025A",48,755,348,407
33,"321025",48,138,47,91
33,"321034A",48,631,287,344
33,"321034",48,130,38,92
33,"321035A",48,243,116,127
33,"321035",48,53,19,34
33,"322001A",48,1395,636,759
33,"322001",48,369,99,270
33,"322005A",48,513,215,298
33,"322005",48,133,39,94
33,"322007A",48,1412,640,772
33,"322007",48,252,74,178
33,"322025A",48,1064,494,570
33,"322025",48,184,62,122
33,"322026A",48,35,8,27
33,"322036A",48,1259,645,614
33,"322036",48,210,69,141
33,"322038A",48,949,468,481
33,"322038",48,240,70,170
33,"322043A",48,11,2,9
33,"322046A",48,911,382,529
33,"322046",48,155,55,100
33,"323001A",48,3016,982,2034
33,"323001",48,403,72,331
33,"323005A",48,1940,559,1381
33,"323005",48,285,38,247
33,"323009A",48,678,287,391
33,"323009",48,135,43,92
33,"323016A",48,1791,556,1235
33,"323016",48,395,95,300
33,"323019A",48,1272,499,773
33,"323019",48,307,83,224
33,"323021A",48,105,22,83
33,"323021",48,17,1,16
33,"323022A",48,106,26,80
33,"323022",48,18,4,14
33,"323038A",48,576,217,359
33,"323038",48,105,21,84
33,"323043A",48,312,150,162
33,"323043",48,34,14,20
33,"324005A",48,2096,890,1206
33,"324005",48,426,131,295
33,"324008A",48,1408,631,777
33,"324008",48,158,36,122
33,"324013A",48,961,429,532
33,"324013",48,152,46,106
33,"324014A",48,69,51,18
33,"324014",48,35,21,14
33,"324031A",48,1245,555,690
33,"324031",48,307,116,191
33,"324033A",48,1308,603,705
33,"324033",48,265,77,188
33,"324048A",48,1165,505,660
33,"324048",48,203,70,133
33,"325007A",48,1137,565,572
33,"325007",48,265,105,160
33,"325009A",48,1912,894,1018
33,"325009",48,373,119,254
33,"325017A",48,980,487,493
33,"325017",48,166,64,102
33,"325023A",48,934,452,482
33,"325023",48,197,78,119
33,"325029A",48,1314,553,761
33,"325029",48,220,60,160
33,"325032A",48,583,219,364
33,"325032",48,49,14,35
33,"325036A",48,622,272,350
33,"325036",48,69,16,53
33,"331014A",48,1458,665,793
33,"331014",48,281,74,207
33,"331018A",48,1766,829,937
33,"331018",48,262,96,166
33,"331022A",48,2148,1019,1129
33,"331022",48,364,103,261
33,"331029A",48,1238,515,723
33,"331029",48,194,64,130
33,"331035A",48,963,464,499
33,"331035",48,137,45,92
33,"331038A",48,649,285,364
33,"331038",48,81,12,69
33,"331041A",48,568,300,268
33,"331041",48,81,23,58
33,"332002A",48,1773,852,921
33,"332002",48,414,148,266
33,"332007A",48,929,419,510
33,"332007",48,148,46,102
33,"332008A",48,210,110,100
33,"332008",48,61,26,35
33,"332009A",48,1447,647,800
33,"332009",48,195,67,128
33,"332016A",48,1578,686,892
33,"332016",48,296,91,205
33,"332019A",48,1316,487,829
33,"332019",48,192,51,141
33,"332021A",48,287,142,145
33,"332021",48,48,20,28
33,"333001A",48,2219,1004,1215
33,"333001",48,275,70,205
33,"333011A",48,2714,1077,1637
33,"333011",48,352,107,245
33,"333015A",48,1281,560,721
33,"333015",48,187,49,138
33,"333019A",48,2251,1030,1221
33,"333019",48,315,77,238
33,"333021A",48,1499,584,915
33,"333021",48,211,48,163
33,"334004A",48,1148,564,584
33,"334004",48,166,40,126
33,"334007A",48,1136,543,593
33,"334007",48,207,58,149
33,"334010A",48,1697,814,883
33,"334010",48,353,130,223
33,"334012A",48,756,287,469
33,"334012",48,124,42,82
33,"334018A",48,2106,794,1312
33,"334018",48,337,104,233
33,"334022A",48,1819,752,1067
33,"334022",48,291,75,216
33,"334024A",48,1556,608,948
33,"334024",48,238,78,160
33,"334034A",48,724,307,417
33,"334034",48,92,22,70
33,"335002A",48,2194,1036,1158
33,"335002",48,522,167,355
33,"335008A",48,807,378,429
33,"335008",48,199,57,142
33,"335012A",48,1812,978,834
33,"335012",48,519,186,333
33,"335013A",48,982,439,543
33,"335013",48,243,74,169
33,"335020A",48,745,378,367
33,"335020",48,116,49,67
33,"357001A",48,1231,305,926
33,"357001",48,196,27,169
33,"357011A",48,301,84,217
33,"357011",48,36,4,32
33,"357014A",48,10,6,4
33,"357015A",48,15,7,8
33,"357027A",48,27,10,17
33,"357028A",48,999,363,636
33,"357028",48,185,38,147
33,"357030A",48,10,4,6
33,"357053A",48,25,15,10
33,"357064A",48,202,89,113
33,"357064",48,30,8,22
33,"357071A",48,46,20,26
33,"358000A",41,449,261,188
33,"358000",41,144,49,95
33,"358003",41,118,48,70
33,"358009A",41,428,228,200
33,"358009",41,106,27,79
33,"358010A",41,277,125,152
33,"358010",41,45,19,26
33,"358012A",41,210,46,164
33,"358012",41,35,3,32
33,"358014A",25,1123,540,583
33,"358014",25,362,129,233
33,"358015A",41,62,28,34
33,"358015",41,20,10,10
33,"358020A",41,673,320,353
33,"358020",41,144,45,99
33,"358024A",41,31,14,17
33,"358025A",41,13,5,8
33,"358027A",41,1353,675,678
33,"358027",41,280,100,180
33,"358030A",41,1492,673,819
33,"358030",41,334,100,234
33,"358032A",41,143,65,78
33,"358032",41,23,6,17
33,"358035A",41,18,9,9
33,"358038A",41,1553,750,803
33,"358038",41,298,100,198
33,"358041A",41,694,320,374
33,"358041",41,126,40,86
33,"358102A",41,12,5,7
33,"358106A",41,1083,548,535
33,"358106",41,319,116,203
33,"359000A",41,43,6,37
33,"359015A",41,11,4,7
33,"359016A",41,104,34,70
33,"359016",41,16,2,14
33,"359017A",41,400,87,313
33,"359017",41,48,11,37
33,"359021A",41,13,4,9
33,"367007A",41,1138,529,609
33,"367007",41,208,64,144
33,"367009A",41,801,401,400
33,"367009",41,194,74,120
33,"367010A",41,63,37,26
33,"367010",41,30,14,16
33,"367020A",41,1885,885,1000
33,"367020",41,315,120,195
33,"367022A",41,1636,729,907
33,"367022",41,316,86,230
33,"367030A",41,1797,826,971
33,"367030",41,366,108,258
33,"367032A",41,1644,614,1030
33,"367032",41,241,57,184
33,"367043A",48,112,51,61
33,"367043",48,24,6,18
33,"367045A",48,995,475,520
33,"367045",48,149,41,108
33,"367046A",48,1078,495,583
33,"367046",48,201,68,133
33,"367048A",41,1551,681,870
33,"367048",41,261,86,175
33,"367051A",41,126,60,66
33,"367051",41,27,9,18
33,"367053A",48,42,17,25
33,"367062A",48,14,2,12
33,"368000A",48,23,7,16
33,"368004A",48,59,14,45
33,"368004",48,12,3,9
33,"368005A",48,260,72,188
33,"368005",48,47,5,42
33,"368010A",48,924,284,640
33,"368010",48,133,35,98
33,"368011A",48,494,218,276
33,"368011",48,64,15,49
33,"368015A",48,13,2,11
33,"368017A",48,20,5,15
33,"368025A",48,2066,872,1194
33,"368025",48,254,76,178
33,"368031A",48,83,17,66
33,"368031",48,29,6,23
33,"368034A",48,42,9,33
33,"368036A",48,21,6,15
33,"368037A",48,578,166,412
33,"368037",48,106,25,81
33,"368040A",48,860,257,603
33,"368040",48,148,31,117
33,"368045A",48,10,1,9
33,"368060A",48,29,3,26
33,"368072A",48,302,83,219
33,"368072",48,53,9,44
33,"368074A",48,105,16,89
33,"368074",48,23,5,18
33,"369001A",41,207,57,150
33,"369001",41,30,7,23
33,"369009A",48,26,8,18
33,"369014A",48,86,25,61
33,"369014",48,16,3,13
33,"369016A",41,424,125,299
33,"369016",41,97,18,79
33,"369022A",41,31,8,23
33,"369022",41,17,1,16
33,"369024A",41,237,60,177
33,"369024",41,41,8,33
33,"369026A",41,174,61,113
33,"369026",41,31,4,27
33,"369033A",48,326,136,190
33,"369033",48,49,12,37
33,"369035A",48,133,27,106
33,"369035",48,37,11,26
33,"369038A",48,207,53,154
33,"369038",48,47,6,41
33,"377002A",25,946,424,522
33,"377002",25,182,63,119
33,"377025A",25,579,235,344
33,"377025",25,112,30,82
33,"377026A",25,1106,558,548
33,"377026",25,265,100,165
33,"377029A",25,558,252,306
33,"377029",25,168,68,100
33,"377031A",25,1335,599,736
33,"377031",25,302,130,172
33,"377032A",25,273,120,153
33,"377032",25,54,13,41
33,"377039A",25,769,272,497
33,"377039",25,90,24,66
33,"377040A",25,480,213,267
33,"377040",25,106,35,71
33,"377049A",25,297,126,171
33,"377049",25,27,6,21
33,"377051A",25,116,43,73
33,"377055A",41,40,20,20
33,"377057A",25,414,148,266
33,"377057",25,77,20,57
33,"377061A",41,331,131,200
33,"377061",41,40,13,27
33,"379050A",48,274,89,185
33,"379050",48,54,13,41
33,"379060A",41,14,7,7
33,"379061A",48,580,169,411
33,"379061",48,100,14,86
33,"379072A",48,67,23,44
33,"379072",48,19,5,14
33,"379073A",25,138,38,100
33,"379073",25,27,7,20
33,"379075A",48,56,25,31
33,"379075",48,8,1,7
33,"379079A",41,827,312,515
33,"379079",41,245,67,178
33,"379085A",25,285,111,174
33,"379085",25,66,24,42
33,"379089A",48,189,62,127
33,"379089",48,47,9,38
33,"387001A",41,26,11,15
33,"387003A",41,139,24,115
33,"387003",41,13,5,8
33,"401005A",25,1072,769,303
33,"401005",25,281,178,103
33,"401012A",25,354,255,99
33,"401012",25,46,34,12
33,"401016A",25,12,5,7
33,"401016",25,10,3,7
33,"402012A",25,737,471,266
33,"402012",25,146,66,80
33,"402018A",25,287,176,111
33,"402018",25,90,47,43
33,"402020A",25,1199,775,424
33,"402020",25,270,135,135
33,"403001A",25,1172,790,382
33,"403001",25,320,175,145
33,"403004A",25,269,190,79
33,"403004",25,53,30,23
33,"404001A",25,115,73,42
33,"404001",25,21,15,6
33,"404007A",25,1150,726,424
33,"404007",25,230,121,109
33,"404008A",25,425,296,129
33,"404008",25,73,51,22
33,"404011A",25,12,8,4
33,"408006A",41,445,277,168
33,"408006",41,88,39,49
33,"408013A",41,458,290,168
33,"408013",41,84,45,39
33,"408015A",41,808,521,287
33,"408015",41,221,104,117
33,"408026A",41,30,17,13
33,"408028A",41,17,8,9
33,"408093A",25,61,31,30
33,"408094A",25,136,97,39
33,"408094",25,34,19,15
33,"409003A",25,792,435,357
33,"409003",25,82,32,50
33,"409013A",25,60,36,24
33,"409013",25,16,7,9
33,"409014A",25,205,119,86
33,"409014",25,37,17,20
33,"409021A",25,27,17,10
33,"409030A",25,137,83,54
33,"409030",25,30,21,9
33,"409031A",25,46,31,15
33,"409038A",25,215,137,78
33,"409038",25,51,26,25
33,"409051A",25,382,309,73
33,"409051",25,105,68,37
33,"409055A",25,493,376,117
33,"409055",25,104,60,44
33,"409056A",25,219,152,67
33,"409056",25,18,13,5
33,"409066A",25,325,206,119
33,"409066",25,59,31,28
33,"409075A",25,35,18,17
33,"411113A",41,1964,1639,325
33,"411113",41,296,210,86
33,"411123A",41,98,83,15
33,"411130A",41,1157,969,188
33,"411130",41,134,84,50
33,"411132A",41,250,205,45
33,"411132",41,19,15,4
33,"412107A",41,1353,1011,342
33,"412107",41,177,91,86
33,"412108A",41,2404,1972,432
33,"412108",41,263,182,81
33,"412117A",41,707,620,87
33,"412117",41,48,38,10
33,"413103A",41,1517,1190,327
33,"413103",41,205,135,70
33,"413112A",41,2261,1966,295
33,"413112",41,339,251,88
33,"414102A",41,52,42,10
33,"414105A",41,2301,1909,392
33,"414105",41,221,150,71
33,"414107A",41,1332,1115,217
33,"414107",41,146,105,41
33,"414110A",41,1220,967,253
33,"414110",41,95,60,35
33,"415104A",41,884,749,135
33,"415104",41,104,73,31
33,"415109A",41,2449,2099,350
33,"415109",41,223,167,56
33,"415113A",41,1934,1626,308
33,"415113",41,140,99,41
33,"421001A",25,802,653,149
33,"421001",25,181,126,55
33,"421002A",25,409,345,64
33,"421002",25,66,46,20
33,"421011A",25,1394,1162,232
33,"421011",25,146,102,44
33,"421016A",25,241,207,34
33,"421016",25,20,15,5
33,"422000A",25,1654,1333,321
33,"422000",25,261,198,63
33,"422014A",25,227,188,39
33,"422014",25,61,35,26
33,"422015A",25,987,804,183
33,"422015",25,79,54,25
33,"423005A",25,648,465,183
33,"423005",25,113,64,49
33,"423013A",25,1342,896,446
33,"423013",25,182,100,82
33,"423015A",25,1289,970,319
33,"423015",25,185,113,72
33,"423017A",25,518,427,91
33,"423017",25,63,44,19
33,"423026A",25,212,150,62
33,"423026",25,15,10,5
33,"424002A",25,1155,853,302
33,"424002",25,164,108,56
33,"424004A",25,1933,1407,526
33,"424004",25,365,228,137
33,"425005A",25,2113,1452,661
33,"425005",25,363,223,140
33,"425010A",25,1698,1246,452
33,"425010",25,267,145,122
33,"427017A",41,20,18,2
33,"427041A",41,25,10,15
33,"427043A",41,22,13,9
33,"427049A",25,28,22,6
33,"428002A",25,1051,649,402
33,"428002",25,276,159,117
33,"428010A",25,1329,825,504
33,"428010",25,159,87,72
33,"428051A",25,553,233,320
33,"428051",25,116,41,75
33,"428056A",25,520,276,244
33,"428056",25,121,61,60
33,"428069A",25,1000,447,553
33,"428069",25,119,51,68
33,"428070A",25,944,456,488
33,"428070",25,137,56,81
33,"429000A",25,2767,1656,1111
33,"429000",25,89,45,44
33,"429007A",25,2474,1511,963
33,"429007",25,118,52,66
33,"429050A",41,98,35,63
33,"430002A",41,27,22,5
33,"430006A",41,2078,1400,678
33,"430006",41,158,74,84
33,"430007A",41,1862,1274,588
33,"430007",41,104,51,53
33,"430018A",41,24,15,9
33,"430022A",41,1638,1132,506
33,"430022",41,168,106,62
33,"430023A",41,2604,1599,1005
33,"430023",41,216,109,107
33,"430030A",41,928,597,331
33,"430030",41,132,73,59
33,"430031A",41,1542,878,664
33,"430031",41,156,64,92
33,"441001A",41,362,213,149
33,"441001",41,82,40,42
33,"441007A",41,389,236,153
33,"441007",41,86,51,35
33,"441008A",41,1135,707,428
33,"441008",41,271,149,122
33,"441011A",41,378,230,148
33,"441011",41,128,45,83
33,"441012A",41,245,134,111
33,"441012",41,39,10,29
33,"441015A",41,218,126,92
33,"441015",41,43,25,18
33,"441017A",41,23,14,9
33,"441017",41,10,3,7
33,"442000A",41,30,19,11
33,"442004A",41,649,410,239
33,"442004",41,103,41,62
33,"442012A",41,1992,1108,884
33,"442012",41,199,97,102
33,"442014A",41,38,11,27
33,"442015A",41,2110,1146,964
33,"442015",41,270,120,150
33,"443001A",41,1574,952,622
33,"443001",41,323,131,192
33,"443007A",41,988,513,475
33,"443007",41,87,36,51
33,"443010A",41,2039,1033,1006
33,"443010",41,242,100,142
33,"443011A",41,531,327,204
33,"443011",41,86,32,54
33,"444000A",41,389,234,155
33,"444000",41,42,14,28
33,"444003A",41,1474,840,634
33,"444003",41,188,82,106
33,"444008A",41,514,267,247
33,"444008",41,27,14,13
33,"444010A",41,821,459,362
33,"444010",41,100,37,63
33,"444013A",41,1592,873,719
33,"444013",41,268,108,160
33,"445000A",41,722,390,332
33,"445000",41,81,38,43
33,"445005A",41,2091,1201,890
33,"445005",41,156,65,91
33,"445006A",41,903,577,326
33,"445006",41,106,66,40
33,"445008A",41,596,329,267
33,"445008",41,59,19,40
33,"445009A",41,956,494,462
33,"445009",41,58,16,42
33,"445010A",41,389,250,139
33,"445010",41,29,10,19
33,"450000A",41,173,63,110
33,"450000",41,26,13,13
33,"450005A",41,1319,596,723
33,"450005",41,135,39,96
33,"450006A",41,80,40,40
33,"450009A",41,1012,416,596
33,"450009",41,93,34,59
33,"459005A",25,255,139,116
33,"459005",25,37,15,22
33,"459021A",25,74,58,16
33,"459021",25,11,8,3
33,"460002A",41,651,332,319
33,"460002",41,63,27,36
33,"460007A",41,2659,1230,1429
33,"460007",41,369,146,223
33,"460010A",41,2257,1127,1130
33,"460010",41,357,141,216
33,"460021A",41,2058,894,1164
33,"460021",41,154,52,102
33,"460026A",41,3035,1886,1149
33,"460026",41,469,234,235
33,"460029A",41,786,420,366
33,"460029",41,89,39,50
33,"460030A",41,2375,1421,954
33,"460030",41,336,150,186
33,"460039A",41,2268,965,1303
33,"460039",41,218,66,152
33,"460047A",41,1308,680,628
33,"460047",41,107,44,63
33,"466053A",25,77,57,20
33,"466053",25,21,17,4
33,"466080A",25,133,101,32
33,"466080",25,34,30,4
33,"467002A",25,34,21,13
33,"467004A",25,607,410,197
33,"467004",25,120,88,32
33,"467011A",25,352,246,106
33,"467011",25,98,63,35
33,"467055A",25,209,174,35
33,"467055",25,88,71,17
33,"467061A",25,709,581,128
33,"467061",25,280,222,58
33,"467062A",25,29,19,10
33,"468000A",25,11,8,3
33,"468019A",25,381,287,94
33,"468019",25,128,102,26
33,"469011A",25,40,12,28
33,"471102A",25,22,10,12
33,"471102",25,14,7,7
33,"471103A",25,1028,512,516
33,"471103",25,197,94,103
33,"471109A",25,1347,820,527
33,"471109",25,114,51,63
33,"471111A",25,2637,1505,1132
33,"471111",25,139,51,88
33,"471120A",25,371,259,112
33,"471120",25,55,36,19
33,"471127A",25,723,453,270
33,"471127",25,166,95,71
33,"471128A",25,1761,882,879
33,"471128",25,152,57,95
33,"472103A",25,1870,1035,835
33,"472103",25,317,146,171
33,"472104A",25,726,370,356
33,"472104",25,135,61,74
33,"472114A",25,955,683,272
33,"472114",25,245,170,75
33,"472115A",25,171,131,40
33,"472115",25,39,28,11
33,"472117A",25,24,17,7
33,"472117",25,10,7,3
33,"472126A",25,45,38,7
33,"472126",25,11,7,4
33,"472127A",25,334,263,71
33,"472127",25,81,54,27
33,"473103A",25,913,530,383
33,"473103",25,180,79,101
33,"473106A",25,2173,1363,810
33,"473106",25,347,156,191
33,"473112A",25,22,18,4
33,"473112",25,16,14,2
33,"473113A",25,118,97,21
33,"473113",25,34,21,13
33,"473119A",25,233,169,64
33,"473119",25,49,31,18
33,"473125A",25,253,185,68
33,"473125",25,48,26,22
33,"473126A",25,979,774,205
33,"473126",25,298,198,100
33,"473128A",25,31,6,25
33,"473128",25,15,7,8
33,"474101A",25,862,616,246
33,"474101",25,194,129,65
33,"474106A",25,1140,772,368
33,"474106",25,183,102,81
33,"474108A",25,939,659,280
33,"474108",25,193,119,74
33,"474116A",25,340,199,141
33,"474116",25,36,23,13
33,"474117A",25,327,238,89
33,"474117",25,100,73,27
33,"475101A",25,787,546,241
33,"475101",25,159,90,69
33,"475107A",25,1237,863,374
33,"475107",25,216,122,94
33,"475112A",25,1044,569,475
33,"475112",25,112,59,53
33,"475116A",25,1271,704,567
33,"475116",25,149,65,84
33,"475117A",25,10,8,2
33,"475120A",25,1787,1104,683
33,"475120",25,215,130,85
33,"479080A",25,10,2,8
33,"480002A",25,909,729,180
33,"480002",25,197,139,58
33,"480003A",25,59,38,21
33,"480003",25,21,12,9
33,"480007A",25,1488,1107,381
33,"480007",25,336,213,123
33,"480024A",25,1656,1313,343
33,"480024",25,388,286,102
33,"480029A",25,1587,1197,390
33,"480029",25,366,226,140
33,"480030A",25,177,127,50
33,"480030",25,73,50,23
33,"480033A",25,1406,1109,297
33,"480033",25,354,259,95
33,"487001A",41,34,16,18
33,"487006A",41,91,28,63
33,"487006",41,20,5,15
33,"487007A",41,18,5,13
33,"488070A",25,620,371,249
33,"488070",25,41,24,17
33,"488078A",25,814,534,280
33,"488078",25,90,53,37
33,"489003A",25,12,6,6
33,"489004A",25,768,390,378
33,"489004",25,115,57,58
33,"490009A",25,1522,693,829
33,"490009",25,517,173,344
33,"490011A",25,1006,514,492
33,"490011",25,330,143,187
33,"497004A",41,220,123,97
33,"497004",41,25,14,11
33,"497009A",41,13,10,3
33,"497010A",41,104,62,42
33,"497020A",25,31,23,8
33,"498000A",25,91,22,69
33,"498012A",41,146,110,36
33,"498026A",25,144,43,101
33,"498026",25,28,4,24
33,"498041A",25,53,14,39
33,"498043A",25,40,22,18
33,"498043",25,12,4,8
33,"498052A",25,135,81,54
33,"498052",25,18,7,11
33,"498070A",25,67,33,34
33,"498070",25,21,7,14
33,"498080A",25,78,44,34
33,"498080",25,15,6,9
33,"501008A",39,1330,888,442
33,"501008",39,337,191,146
33,"501010A",39,1039,727,312
33,"501010",39,315,193,122
33,"501019A",39,1604,1022,582
33,"501019",39,416,222,194
33,"501021A",39,1201,806,395
33,"501021",39,304,155,149
33,"501026A",39,196,124,72
33,"501026",39,50,31,19
33,"501028A",39,1123,776,347
33,"501028",39,342,201,141
33,"501030A",39,1581,1083,498
33,"501030",39,386,208,178
33,"502005A",39,1789,1048,741
33,"502005",39,334,162,172
33,"502007A",39,2423,1531,892
33,"502007",39,476,238,238
33,"502014A",39,1906,1128,778
33,"502014",39,364,143,221
33,"502017A",39,1160,710,450
33,"502017",39,330,152,178
33,"502022A",39,1662,1013,649
33,"502022",39,333,156,177
33,"502029A",39,1221,713,508
33,"502029",39,247,98,149
33,"502033A",39,1609,923,686
33,"502033",39,289,124,165
33,"502039A",39,1682,938,744
33,"502039",39,328,142,186
33,"502040A",39,1029,462,567
33,"502040",39,173,52,121
33,"502044A",39,1063,647,416
33,"502044",39,202,85,117
33,"503000A",39,1185,798,387
33,"503000",39,288,155,133
33,"503016A",39,1725,1155,570
33,"503016",39,434,241,193
33,"503022A",39,1761,1129,632
33,"503022",39,394,199,195
33,"503024A",39,1957,1155,802
33,"503024",39,448,230,218
33,"503027A",39,1876,1257,619
33,"503027",39,502,258,244
33,"503033A",39,1867,1153,714
33,"503033",39,454,236,218
33,"503038A",39,2042,1321,721
33,"503038",39,450,224,226
33,"504003A",39,1425,951,474
33,"504003",39,347,187,160
33,"504005A",39,439,310,129
33,"504005",39,150,88,62
33,"504009A",39,1431,991,440
33,"504009",39,319,170,149
33,"504012A",39,1429,923,506
33,"504012",39,383,198,185
33,"504016A",39,1450,1008,442
33,"504016",39,316,164,152
33,"504017A",39,1537,1009,528
33,"504017",39,369,193,176
33,"504019A",39,1964,1385,579
33,"504019",39,391,226,165
33,"504022A",39,1141,793,348
33,"504022",39,257,146,111
33,"504034A",39,2063,1298,765
33,"504034",39,345,156,189
33,"508004A",41,10,2,8
33,"508007A",41,342,94,248
33,"508007",41,35,4,31
33,"508010A",25,63,22,41
33,"508015A",41,300,118,182
33,"508015",41,91,23,68
33,"508016A",41,264,86,178
33,"508016",41,53,14,39
33,"508019A",41,9,1,8
33,"508020A",41,47,10,37
33,"508022A",41,60,28,32
33,"508030A",41,1660,609,1051
33,"508030",41,259,66,193
33,"508037A",41,134,48,86
33,"508037",41,13,2,11
33,"508043A",41,459,140,319
33,"508043",41,99,11,88
33,"508044A",41,24,7,17
33,"509003A",39,13,7,6
33,"509003",39,13,8,5
33,"509008A",39,29,10,19
33,"509009A",39,32,14,18
33,"509011A",39,83,27,56
33,"509011",39,15,7,8
33,"509079A",41,19,6,13
33,"517000A",25,49,14,35
33,"517001A",25,169,57,112
33,"517001",25,25,9,16
33,"518011A",25,324,203,121
33,"518011",25,58,19,39
33,"518053A",25,403,218,185
33,"518053",25,131,57,74
33,"519008A",41,51,13,38
33,"519008",41,24,4,20
33,"519032A",41,407,175,232
33,"519032",41,123,36,87
33,"519034A",41,33,13,20
33,"519035A",41,112,54,58
33,"519035",41,35,12,23
33,"519040A",39,139,61,78
33,"519040",39,23,9,14
33,"519044A",39,138,85,53
33,"519044",39,47,24,23
33,"519045A",41,1094,481,613
33,"519045",41,319,109,210
33,"519046A",41,59,24,35
33,"519046",41,21,3,18
33,"519051A",41,177,82,95
33,"519051",41,61,19,42
33,"519056A",41,27,10,17
33,"519057A",41,151,64,87
33,"519057",41,41,10,31
33,"519060A",41,453,156,297
33,"519060",41,135,37,98
33,"519063A",41,87,33,54
33,"519063",41,26,10,16
33,"519065A",41,31,8,23
33,"519068A",41,37,12,25
33,"519069A",41,18,4,14
33,"519069",41,15,3,12
33,"519070A",41,22,12,10
33,"519071A",41,133,41,92
33,"519071",41,56,23,33
33,"519072A",41,182,54,128
33,"519072",41,15,2,13
33,"519085A",41,238,41,197
33,"519086A",25,282,141,141
33,"519086",25,34,18,16
33,"519160A",41,23,7,16
33,"527000A",25,16,2,14
33,"528001A",25,70,22,48
33,"528023A",25,67,34,33
33,"528034A",25,44,16,28
33,"528038A",25,37,17,20
33,"528052A",25,46,25,21
33,"528052",25,16,4,12
33,"528053A",25,55,19,36
33,"528060A",25,123,80,43
33,"528060",25,15,8,7
33,"529029A",39,228,92,136
33,"529029",39,28,11,17
33,"529031A",39,31,18,13
33,"529049A",41,36,13,23
33,"529056A",41,76,25,51
33,"529056",41,15,5,10
33,"529060A",41,13,6,7
33,"529062A",41,113,42,71
33,"529062",41,18,6,12
33,"529065A",41,38,10,28
33,"529065",41,11,5,6
33,"530002A",41,64,14,50
33,"530005A",41,1681,620,1061
33,"530005",41,387,89,298
33,"530011A",41,190,80,110
33,"530011",41,29,9,20
33,"530017A",41,1434,601,833
33,"530017",41,212,59,153
33,"530023A",41,867,261,606
33,"530023",41,172,57,115
33,"530038A",41,572,182,390
33,"530038",41,85,14,71
33,"540001A",25,2248,1055,1193
33,"540001",25,521,191,330
33,"540003A",25,1263,559,704
33,"540003",25,254,68,186
33,"540005A",25,1041,521,520
33,"540005",25,336,137,199
33,"540013A",25,1738,865,873
33,"540013",25,92,33,59
33,"540016A",25,1777,815,962
33,"540016",25,452,177,275
33,"540018A",25,773,321,452
33,"540018",25,202,63,139
33,"540027A",25,560,256,304
33,"540027",25,166,48,118
33,"540033A",25,1757,995,762
33,"540033",25,304,94,210
33,"540041A",25,2204,1226,978
33,"540041",25,423,159,264
33,"540045A",25,2668,1472,1196
33,"540045",25,192,72,120
33,"540048A",25,631,385,246
33,"540048",25,175,82,93
33,"540057A",25,676,312,364
33,"540057",25,127,34,93
33,"540064A",25,185,114,71
33,"540064",25,66,30,36
33,"540065A",25,528,286,242
33,"540065",25,158,57,101
33,"540070A",25,501,228,273
33,"540070",25,131,48,83
33,"540086A",25,19,8,11
33,"540088A",25,35,7,28
33,"540118A",25,745,310,435
33,"540118",25,163,45,118
33,"540123A",25,885,443,442
33,"540123",25,240,80,160
33,"551104A",25,652,347,305
33,"551104",25,83,46,37
33,"551106A",25,163,101,62
33,"551106",25,50,17,33
33,"551113A",25,780,456,324
33,"551113",25,118,54,64
33,"552101A",25,223,142,81
33,"552101",25,61,35,26
33,"552103A",25,674,376,298
33,"552103",25,116,41,75
33,"552108A",25,432,241,191
33,"552108",25,78,43,35
33,"553100A",25,304,136,168
33,"553100",25,36,15,21
33,"553105A",25,2237,1104,1133
33,"553105",25,195,72,123
33,"553106A",25,1429,671,758
33,"553106",25,94,26,68
33,"554108A",25,868,499,369
33,"554108",25,282,115,167
33,"554109A",25,740,356,384
33,"554109",25,130,30,100
33,"554115A",25,532,256,276
33,"554115",25,101,37,64
33,"554116A",25,95,37,58
33,"554116",25,28,7,21
33,"554118A",25,272,156,116
33,"554118",25,44,20,24
33,"555101A",25,250,168,82
33,"555101",25,38,21,17
33,"555105A",25,599,362,237
33,"555105",25,142,72,70
33,"555108A",25,303,192,111
33,"555108",25,88,48,40
33,"560004A",25,876,461,415
33,"560004",25,197,77,120
33,"560010A",25,1422,750,672
33,"560010",25,310,128,182
33,"560015A",25,1063,640,423
33,"560015",25,291,154,137
33,"560019A",25,657,349,308
33,"560019",25,185,84,101
33,"560022A",25,649,365,284
33,"560022",25,160,63,97
33,"560023A",25,851,433,418
33,"560023",25,232,111,121
33,"560025A",25,687,391,296
33,"560025",25,184,100,84
33,"560034A",25,570,359,211
33,"560034",25,112,59,53
33,"560037A",25,421,227,194
33,"560037",25,83,32,51
33,"560043A",25,941,466,475
33,"560043",25,192,78,114
33,"560045A",25,144,82,62
33,"560045",25,30,9,21
33,"560048A",25,158,76,82
33,"560048",25,28,14,14
33,"560051A",25,202,108,94
33,"560051",25,26,14,12
33,"560058A",25,1666,897,769
33,"560058",25,393,165,228
33,"560061A",25,1274,676,598
33,"560061",25,301,128,173
33,"560070A",25,607,315,292
33,"560070",25,165,62,103
33,"560071A",25,102,53,49
33,"560071",25,16,3,13
33,"571001A",25,812,462,350
33,"571001",25,156,78,78
33,"571005A",25,81,46,35
33,"571005",25,23,9,14
33,"571009A",25,1037,614,423
33,"571009",25,300,135,165
33,"571010A",25,952,448,504
33,"571010",25,187,69,118
33,"571012A",25,63,22,41
33,"571017A",25,1090,488,602
33,"571017",25,178,63,115
33,"571018A",25,34,21,13
33,"572001A",25,1663,783,880
33,"572001",25,170,54,116
33,"572010A",25,1300,613,687
33,"572010",25,209,79,130
33,"572015A",25,1321,655,666
33,"572015",25,325,148,177
33,"572018A",25,614,367,247
33,"572018",25,183,86,97
33,"572020A",25,799,352,447
33,"572020",25,206,77,129
33,"573000A",25,1951,1107,844
33,"573000",25,415,193,222
33,"573007A",25,588,293,295
33,"573007",25,53,19,34
33,"573010A",25,1478,779,699
33,"573010",25,322,127,195
33,"573012A",25,892,449,443
33,"573012",25,105,53,52
33,"573018A",25,441,197,244
33,"573018",25,99,37,62
33,"574004A",25,1845,936,909
33,"574004",25,337,119,218
33,"574007A",25,1198,549,649
33,"574007",25,216,83,133
33,"574008A",25,1830,890,940
33,"574008",25,230,95,135
33,"574013A",25,748,386,362
33,"574013",25,158,71,87
33,"574022A",25,202,111,91
33,"574022",25,49,23,26
33,"575000A",25,1149,657,492
33,"575000",25,207,93,114
33,"575003A",25,444,259,185
33,"575003",25,122,49,73
33,"575011A",25,939,525,414
33,"575011",25,208,93,115
33,"575013A",25,505,291,214
33,"575013",25,96,45,51
33,"575026A",25,341,161,180
33,"575026",25,75,28,47
33,"575029A",25,650,310,340
33,"575029",25,152,65,87
33,"577002A",25,139,56,83
33,"577006A",25,991,448,543
33,"577006",25,173,67,106
33,"577009A",25,1730,778,952
33,"577009",25,388,121,267
33,"CNTYTOT",0,916947,468094,448853
33,"AD58_TOT",0,152432,82581,69851
33,"AD63_TOT",0,219308,98119,121189
33,"AD60_TOT",0,130934,74354,56580
33,"AD71_TOT",0,133230,53711,79519
33,"AD36_TOT",0,100307,54086,46221
33,"AD47_TOT",0,180736,105243,75493
33,"CD39_TOT",0,229660,130191,99469
33,"CD41_TOT",0,354445,171229,183216
33,"CD35_TOT",0,18402,9066,9336
33,"CD40_TOT",0,4691,2006,2685
33,"CD48_TOT",0,119177,48028,71149
33,"CD25_TOT",0,190572,107574,82998
33,"SD31_TOT",0,280476,156899,123577
33,"SD32_TOT",0,367869,156015,211854
33,"SD19_TOT",0,215566,121832,93734
33,"SD18_TOT",0,53036,33348,19688
33,"BE04_TOT",0,916947,468094,448853
33,"SOV_CD25",0,190572,107574,82998
33,"SOV_CD35",0,18402,9066,9336
33,"SOV_CD39",0,229660,130191,99469
33,"SOV_CD40",0,4691,2006,2685
33,"SOV_CD41",0,354445,171229,183216
33,"SOV_CD48",0,119177,48028,71149
34,"0011267",6,33,15,18
34,"0011267A",6,147,69,78
34,"0011902",6,158,104,54
34,"0011902A",6,969,659,310
34,"0012600",6,134,59,75
34,"0012600A",6,881,536,345
34,"0012669",6,42,24,18
34,"0012669A",6,1239,874,365
34,"0012681",6,74,37,37
34,"0012681A",6,809,581,228
34,"0012702",6,184,117,67
34,"0012702A",6,1056,763,293
34,"0012733",6,135,67,68
34,"0012733A",6,970,676,294
34,"0012765",6,102,54,48
34,"0012765A",6,889,625,264
34,"0012786",6,99,43,56
34,"0012786A",6,1093,748,345
34,"0012807",6,131,63,68
34,"0012807A",6,887,598,289
34,"0012815",6,144,85,59
34,"0012815A",6,1090,780,310
34,"0012884",6,106,58,48
34,"0012884A",6,894,599,295
34,"0013032",6,150,29,121
34,"0013032A",6,928,312,616
34,"0013210A",6,101,39,62
34,"0013239A",6,45,17,28
34,"0013301",6,108,19,89
34,"0013301A",6,942,333,609
34,"0013424",6,242,53,189
34,"0013424A",6,1077,373,704
34,"0013551",6,143,33,110
34,"0013551A",6,830,330,500
34,"0013635",6,186,33,153
34,"0013635A",6,977,354,623
34,"0013658",6,186,51,135
34,"0013658A",6,728,320,408
34,"0013706",6,220,57,163
34,"0013706A",6,1042,450,592
34,"0014314",6,107,56,51
34,"0014314A",6,1070,782,288
34,"0014363",6,82,44,38
34,"0014363A",6,1309,888,421
34,"0014564",6,117,60,57
34,"0014564A",6,907,649,258
34,"0014570",6,109,54,55
34,"0014570A",6,1099,760,339
34,"0014675",6,89,47,42
34,"0014675A",6,817,562,255
34,"0014783",6,10,2,8
34,"0014783A",6,163,76,87
34,"0014820",6,135,72,63
34,"0014820A",6,941,613,328
34,"0014837",6,132,70,62
34,"0014837A",6,1019,698,321
34,"0014971",6,71,43,28
34,"0014971A",6,405,266,139
34,"0015018",6,154,87,67
34,"0015018A",6,1036,760,276
34,"0015233",6,140,73,67
34,"0015233A",6,981,674,307
34,"0015287",6,132,71,61
34,"0015287A",6,1117,797,320
34,"0015372",6,128,70,58
34,"0015372A",6,922,593,329
34,"0015445",6,136,66,70
34,"0015445A",6,900,569,331
34,"0015530",6,190,123,67
34,"0015530A",6,1052,804,248
34,"0015547",6,158,104,54
34,"0015547A",6,1014,777,237
34,"0015697",6,132,87,45
34,"0015697A",6,706,485,221
34,"0015707",6,151,99,52
34,"0015707A",6,922,711,211
34,"0015864",6,141,86,55
34,"0015864A",6,812,590,222
34,"0016114",6,154,66,88
34,"0016114A",6,965,522,443
34,"0016318",6,157,82,75
34,"0016318A",6,793,440,353
34,"0016430",6,78,37,41
34,"0016430A",6,531,342,189
34,"0016550",6,154,83,71
34,"0016550A",6,893,562,331
34,"0016801",6,117,74,43
34,"0016801A",6,577,382,195
34,"0016836",6,143,83,60
34,"0016836A",6,767,575,192
34,"0016911",6,211,133,78
34,"0016911A",6,780,570,210
34,"0017349",6,139,90,49
34,"0017349A",6,1054,806,248
34,"0017405",6,136,89,47
34,"0017405A",6,835,637,198
34,"0017428",6,71,35,36
34,"0017428A",6,1055,707,348
34,"0017587",6,167,99,68
34,"0017587A",6,1300,951,349
34,"0018067",6,138,104,34
34,"0018067A",6,1019,765,254
34,"0018119",6,153,89,64
34,"0018119A",6,1144,834,310
34,"0018175",6,179,123,56
34,"0018175A",6,921,722,199
34,"0018206",6,97,49,48
34,"0018206A",6,1002,750,252
34,"0018351",6,89,56,33
34,"0018351A",6,887,666,221
34,"0018385",6,129,82,47
34,"0018385A",6,994,757,237
34,"0018501",6,118,72,46
34,"0018501A",6,999,708,291
34,"0018533",6,120,59,61
34,"0018533A",6,833,577,256
34,"0018626",6,107,56,51
34,"0018626A",6,704,487,217
34,"0018687",6,101,61,40
34,"0018687A",6,982,721,261
34,"0018791",6,128,72,56
34,"0018791A",6,844,573,271
34,"0018996",6,154,90,64
34,"0018996A",6,1190,902,288
34,"0019049",6,123,75,48
34,"0019049A",6,709,545,164
34,"0019319",6,177,98,79
34,"0019319A",6,730,529,201
34,"0019354",6,136,88,48
34,"0019354A",6,526,367,159
34,"0019370",6,117,61,56
34,"0019370A",6,651,437,214
34,"0019478",6,139,87,52
34,"0019478A",6,619,421,198
34,"0019532",6,121,55,66
34,"0019532A",6,713,457,256
34,"0019685A",6,37,18,19
34,"0019721",6,43,23,20
34,"0019721A",6,227,140,87
34,"0019800",6,15,10,5
34,"0019800A",6,59,40,19
34,"0019839",6,171,109,62
34,"0019839A",6,717,491,226
34,"0019948",6,94,67,27
34,"0019948A",6,300,252,48
34,"0021009",6,166,56,110
34,"0021009A",6,922,442,480
34,"0021013",6,141,46,95
34,"0021013A",6,922,484,438
34,"0021044",6,176,51,125
34,"0021044A",6,1215,615,600
34,"0021097",6,162,56,106
34,"0021097A",6,926,454,472
34,"0021141",6,115,38,77
34,"0021141A",6,954,476,478
34,"0021166",6,172,65,107
34,"0021166A",6,1066,559,507
34,"0021231",6,142,59,83
34,"0021231A",6,728,438,290
34,"0021340",6,186,66,120
34,"0021340A",6,955,496,459
34,"0021489",6,133,52,81
34,"0021489A",6,940,434,506
34,"0021516A",6,27,10,17
34,"0021564",6,180,79,101
34,"0021564A",6,937,491,446
34,"0021615",6,138,52,86
34,"0021615A",6,945,544,401
34,"0021688",6,126,63,63
34,"0021688A",6,705,398,307
34,"0021712",6,196,87,109
34,"0021712A",6,839,457,382
34,"0021783",6,25,9,16
34,"0021783A",6,116,85,31
34,"0021817",6,180,70,110
34,"0021817A",6,934,551,383
34,"0021933",6,167,81,86
34,"0021933A",6,691,387,304
34,"0021975",6,171,89,82
34,"0021975A",6,747,447,300
34,"0022003",6,123,43,80
34,"0022003A",6,895,452,443
34,"0022034",6,75,23,52
34,"0022034A",6,915,449,466
34,"0022056",6,138,44,94
34,"0022056A",6,1146,590,556
34,"0022090",6,74,26,48
34,"0022090A",6,924,471,453
34,"0022139",6,82,18,64
34,"0022139A",6,815,341,474
34,"0022143",6,99,32,67
34,"0022143A",6,947,445,502
34,"0022195",6,129,45,84
34,"0022195A",6,831,367,464
34,"0022315",6,101,47,54
34,"0022315A",6,731,379,352
34,"0022337",6,28,12,16
34,"0022337A",6,301,136,165
34,"0022453",6,105,43,62
34,"0022453A",6,827,437,390
34,"0022491",6,125,44,81
34,"0022491A",6,691,383,308
34,"0022517",6,162,59,103
34,"0022517A",6,863,436,427
34,"0022541",6,122,32,90
34,"0022541A",6,900,437,463
34,"0022575",6,165,73,92
34,"0022575A",6,1064,539,525
34,"0022642",6,153,55,98
34,"0022642A",6,983,449,534
34,"0022685",6,15,9,6
34,"0022685A",6,151,68,83
34,"0022694",6,122,50,72
34,"0022694A",6,709,418,291
34,"0022709",6,186,75,111
34,"0022709A",6,1052,549,503
34,"0022763",6,116,58,58
34,"0022763A",6,734,431,303
34,"0022805",6,65,19,46
34,"0022805A",6,570,305,265
34,"0022824",6,166,87,79
34,"0022824A",6,778,523,255
34,"0022873",6,121,41,80
34,"0022873A",6,1084,560,524
34,"0023002",6,116,38,78
34,"0023002A",6,976,498,478
34,"0023028",6,120,31,89
34,"0023028A",6,871,430,441
34,"0023109",6,85,17,68
34,"0023109A",6,940,446,494
34,"0023172",6,120,36,84
34,"0023172A",6,955,498,457
34,"0023240",6,164,56,108
34,"0023240A",6,972,414,558
34,"0023295",6,91,24,67
34,"0023295A",6,689,340,349
34,"0023347",6,112,39,73
34,"0023347A",6,900,486,414
34,"0023423",6,69,19,50
34,"0023423A",6,851,440,411
34,"0023465",6,137,40,97
34,"0023465A",6,1072,501,571
34,"0023486",6,134,32,102
34,"0023486A",6,1245,565,680
34,"0023542",6,71,20,51
34,"0023542A",6,983,542,441
34,"0023637",6,146,52,94
34,"0023637A",6,1163,575,588
34,"0023641",6,123,54,69
34,"0023641A",6,823,462,361
34,"0023835",6,119,49,70
34,"0023835A",6,1106,623,483
34,"0023943",6,163,42,121
34,"0023943A",6,1239,613,626
34,"0023998",6,118,37,81
34,"0023998A",6,926,425,501
34,"0024148",6,153,70,83
34,"0024148A",6,683,336,347
34,"0024175",6,156,74,82
34,"0024175A",6,736,425,311
34,"0024182",6,110,40,70
34,"0024182A",6,602,304,298
34,"0024263A",6,11,8,3
34,"0024352",6,166,66,100
34,"0024352A",6,1109,563,546
34,"0024500",6,141,75,66
34,"0024500A",6,1112,716,396
34,"0024526",6,91,37,54
34,"0024526A",6,1348,793,555
34,"0024568",6,94,40,54
34,"0024568A",6,1201,689,512
34,"0024603",6,23,6,17
34,"0024603A",6,186,95,91
34,"0024651",6,142,72,70
34,"0024651A",6,1032,625,407
34,"0024669",6,145,77,68
34,"0024669A",6,842,562,280
34,"0024716",6,104,49,55
34,"0024716A",6,838,516,322
34,"0024753",6,101,59,42
34,"0024753A",6,1116,736,380
34,"0024874",6,95,50,45
34,"0024874A",6,806,517,289
34,"0024927",6,135,62,73
34,"0024927A",6,1168,676,492
34,"0025076",6,47,14,33
34,"0025076A",6,340,158,182
34,"0025155",6,167,63,104
34,"0025155A",6,1051,562,489
34,"0025227",6,136,72,64
34,"0025227A",6,735,410,325
34,"0025278",6,51,28,23
34,"0025278A",6,550,337,213
34,"0025404",6,14,7,7
34,"0025404A",6,54,40,14
34,"0025432",6,153,79,74
34,"0025432A",6,1054,645,409
34,"0025493",6,77,38,39
34,"0025493A",6,826,485,341
34,"0025501",6,26,9,17
34,"0025501A",6,357,211,146
34,"0025560",6,75,19,56
34,"0025560A",6,895,482,413
34,"0025703",6,84,37,47
34,"0025703A",6,1197,749,448
34,"0025717",6,104,41,63
34,"0025717A",6,1154,681,473
34,"0025770",6,142,45,97
34,"0025770A",6,1298,752,546
34,"0025935",6,105,41,64
34,"0025935A",6,963,557,406
34,"0025964",6,178,99,79
34,"0025964A",6,1118,700,418
34,"0025990",6,158,64,94
34,"0025990A",6,1207,683,524
34,"0026018",6,138,70,68
34,"0026018A",6,838,448,390
34,"0026069",6,137,53,84
34,"0026069A",6,987,567,420
34,"0026145",6,110,21,89
34,"0026145A",6,955,465,490
34,"0026180",6,114,30,84
34,"0026180A",6,912,480,432
34,"0026244",6,113,41,72
34,"0026244A",6,854,456,398
34,"0026287",6,161,59,102
34,"0026287A",6,1109,605,504
34,"0026413",6,110,44,66
34,"0026413A",6,1034,558,476
34,"0026442",6,94,37,57
34,"0026442A",6,862,489,373
34,"0026597",6,87,30,57
34,"0026597A",6,639,335,304
34,"0026659",6,117,41,76
34,"0026659A",6,904,513,391
34,"0026715",6,94,38,56
34,"0026715A",6,1194,677,517
34,"0026747",6,87,38,49
34,"0026747A",6,873,481,392
34,"0026791",6,96,37,59
34,"0026791A",6,942,525,417
34,"0026808",6,104,42,62
34,"0026808A",6,1361,765,596
34,"0026861",6,23,5,18
34,"0026861A",6,238,128,110
34,"0026916",6,85,41,44
34,"0026916A",6,1256,721,535
34,"0026978",6,116,28,88
34,"0026978A",6,1224,726,498
34,"0027004",6,78,38,40
34,"0027004A",6,381,267,114
34,"0027046",6,162,88,74
34,"0027046A",6,832,569,263
34,"0027152",6,173,87,86
34,"0027152A",6,1038,659,379
34,"0027194",6,133,77,56
34,"0027194A",6,971,656,315
34,"0027320",6,148,103,45
34,"0027320A",6,1115,827,288
34,"0027401",6,203,150,53
34,"0027401A",6,616,467,149
34,"0027429",6,178,113,65
34,"0027429A",6,802,573,229
34,"0027602",6,119,48,71
34,"0027602A",6,1051,701,350
34,"0027648",6,149,82,67
34,"0027648A",6,908,598,310
34,"0027686",6,64,18,46
34,"0027686A",6,1189,687,502
34,"0027787",7,37,24,13
34,"0027787A",7,245,168,77
34,"0027834",6,115,76,39
34,"0027834A",6,723,555,168
34,"0027980",6,94,53,41
34,"0027980A",6,1396,910,486
34,"0028014",6,106,45,61
34,"0028014A",6,1191,777,414
34,"0028200",6,86,44,42
34,"0028200A",6,1046,655,391
34,"0028253",6,61,32,29
34,"0028253A",6,1228,692,536
34,"0028368",6,88,41,47
34,"0028368A",6,916,558,358
34,"0028375",6,134,47,87
34,"0028375A",6,1304,793,511
34,"0028522",6,52,22,30
34,"0028522A",6,1257,790,467
34,"0028530",6,60,24,36
34,"0028530A",6,1209,719,490
34,"0028681",6,55,23,32
34,"0028681A",6,891,505,386
34,"0028740",6,44,26,18
34,"0028740A",6,997,543,454
34,"0028785",6,65,26,39
34,"0028785A",6,1414,788,626
34,"0028939",6,36,15,21
34,"0028939A",6,1008,621,387
34,"0029128",6,60,27,33
34,"0029128A",6,555,334,221
34,"0029171",6,118,50,68
34,"0029171A",6,1215,754,461
34,"0029400",6,115,47,68
34,"0029400A",6,1077,679,398
34,"0029504",6,79,38,41
34,"0029504A",6,1024,629,395
34,"0029706",6,17,8,9
34,"0029706A",6,440,277,163
34,"0029848",6,76,35,41
34,"0029848A",6,1347,871,476
34,"0031082",6,209,75,134
34,"0031082A",6,1109,557,552
34,"0031193",6,136,44,92
34,"0031193A",6,1173,524,649
34,"0031245",6,120,33,87
34,"0031245A",6,1026,463,563
34,"0031283",6,114,31,83
34,"0031283A",6,1155,525,630
34,"0031359",6,155,42,113
34,"0031359A",6,1321,583,738
34,"0031432",6,172,51,121
34,"0031432A",6,1219,601,618
34,"0031546",6,213,92,121
34,"0031546A",6,750,413,337
34,"0031631",6,126,31,95
34,"0031631A",6,927,419,508
34,"0031662",6,140,50,90
34,"0031662A",6,1148,508,640
34,"0031765",6,168,68,100
34,"0031765A",6,855,476,379
34,"0031839",3,79,21,58
34,"0031839A",3,842,327,515
34,"0031900",3,88,24,64
34,"0031900A",3,803,366,437
34,"0031958",3,125,30,95
34,"0031958A",3,1200,502,698
34,"0031981",3,22,10,12
34,"0031981A",3,210,123,87
34,"0032101",3,53,8,45
34,"0032101A",3,792,272,520
34,"0032156",3,147,26,121
34,"0032156A",3,1105,371,734
34,"0032340",3,157,28,129
34,"0032340A",3,1223,422,801
34,"0032554",3,125,24,101
34,"0032554A",3,1015,391,624
34,"0032649",3,188,54,134
34,"0032649A",3,1305,504,801
34,"0032722",3,133,40,93
34,"0032722A",3,1191,454,737
34,"0033108",3,87,23,64
34,"0033108A",3,1177,495,682
34,"0033126",3,109,22,87
34,"0033126A",3,1287,590,697
34,"0033227",3,80,25,55
34,"0033227A",3,1404,620,784
34,"0033431",3,87,24,63
34,"0033431A",3,1020,445,575
34,"0033529",3,77,24,53
34,"0033529A",3,872,389,483
34,"0033774",3,119,47,72
34,"0033774A",3,1297,565,732
34,"0033832",3,103,29,74
34,"0033832A",3,1000,438,562
34,"0033859",3,114,37,77
34,"0033859A",3,1365,609,756
34,"0033909",3,78,28,50
34,"0033909A",3,1002,508,494
34,"0033942",3,121,45,76
34,"0033942A",3,1202,631,571
34,"0034009",6,186,53,133
34,"0034009A",6,1349,703,646
34,"0034151",6,140,56,84
34,"0034151A",6,965,572,393
34,"0034225",6,180,76,104
34,"0034225A",6,1070,677,393
34,"0034322",6,113,38,75
34,"0034322A",6,1245,654,591
34,"0034452",6,68,23,45
34,"0034452A",6,697,422,275
34,"0034572A",3,13,8,5
34,"0034600A",6,28,6,22
34,"0034639",6,44,19,25
34,"0034639A",6,442,232,210
34,"0034657",6,90,43,47
34,"0034657A",6,1044,557,487
34,"0034726",6,155,48,107
34,"0034726A",6,1297,725,572
34,"0034871",6,100,42,58
34,"0034871A",6,1129,656,473
34,"0034945",6,66,29,37
34,"0034945A",6,1118,575,543
34,"0035127",3,132,37,95
34,"0035127A",3,973,408,565
34,"0035169",3,118,31,87
34,"0035169A",3,1043,428,615
34,"0035215",3,192,58,134
34,"0035215A",3,1003,441,562
34,"0035260",3,126,33,93
34,"0035260A",3,1150,543,607
34,"0035272",3,128,36,92
34,"0035272A",3,1100,521,579
34,"0035437",3,139,40,99
34,"0035437A",3,835,364,471
34,"0035500A",3,32,23,9
34,"0035611",3,96,33,63
34,"0035611A",3,878,401,477
34,"0035723",6,60,21,39
34,"0035723A",6,1231,636,595
34,"0035742",3,127,28,99
34,"0035742A",3,1562,820,742
34,"0035805",3,136,48,88
34,"0035805A",3,1415,678,737
34,"0035852",3,79,26,53
34,"0035852A",3,1269,658,611
34,"0036005",3,134,43,91
34,"0036005A",3,1042,534,508
34,"0036077",3,133,45,88
34,"0036077A",3,948,500,448
34,"0036125",3,54,21,33
34,"0036125A",3,308,168,140
34,"0036132",3,121,38,83
34,"0036132A",3,1117,575,542
34,"0036201",3,154,42,112
34,"0036201A",3,952,430,522
34,"0036323",3,69,23,46
34,"0036323A",3,778,322,456
34,"0036407",3,124,58,66
34,"0036407A",3,1040,528,512
34,"0036433",3,138,57,81
34,"0036433A",3,779,474,305
34,"0036556",3,99,28,71
34,"0036556A",3,1207,640,567
34,"0036637",3,117,41,76
34,"0036637A",3,1206,582,624
34,"0036645",3,106,37,69
34,"0036645A",3,978,450,528
34,"0036670",3,110,36,74
34,"0036670A",3,1273,600,673
34,"0036754",3,100,24,76
34,"0036754A",3,1231,558,673
34,"0036962",3,89,26,63
34,"0036962A",3,1227,596,631
34,"0037109",6,151,49,102
34,"0037109A",6,1161,626,535
34,"0037138",6,133,51,82
34,"0037138A",6,1127,672,455
34,"0037534",6,81,30,51
34,"0037534A",6,1366,808,558
34,"0037732",6,114,56,58
34,"0037732A",6,930,561,369
34,"0039172",3,97,38,59
34,"0039172A",3,1093,596,497
34,"0039261",3,104,34,70
34,"0039261A",3,1085,550,535
34,"0039329",3,118,45,73
34,"0039329A",3,1456,684,772
34,"0039423",3,126,40,86
34,"0039423A",3,1103,613,490
34,"0039536",3,107,39,68
34,"0039536A",3,1101,557,544
34,"0039582",3,95,35,60
34,"0039582A",3,872,387,485
34,"0039779",3,157,51,106
34,"0039779A",3,1159,591,568
34,"0039933",3,150,52,98
34,"0039933A",3,943,485,458
34,"0039967",3,118,38,80
34,"0039967A",3,986,502,484
34,"0041028",7,122,89,33
34,"0041028A",7,221,177,44
34,"0041165",7,152,112,40
34,"0041165A",7,883,691,192
34,"0041238",7,215,183,32
34,"0041238A",7,1173,1031,142
34,"0041287",7,101,70,31
34,"0041287A",7,1026,909,117
34,"0041321",7,184,137,47
34,"0041321A",7,1057,890,167
34,"0041366",7,189,135,54
34,"0041366A",7,923,765,158
34,"0041431",7,221,173,48
34,"0041431A",7,1349,1174,175
34,"0041523",7,185,146,39
34,"0041523A",7,1036,908,128
34,"0041686",7,141,109,32
34,"0041686A",7,1113,998,115
34,"0041711",7,162,123,39
34,"0041711A",7,1130,989,141
34,"0041769",7,188,158,30
34,"0041769A",7,1169,1033,136
34,"0041832",7,142,107,35
34,"0041832A",7,953,827,126
34,"0041927",7,207,160,47
34,"0041927A",7,1293,1134,159
34,"0042016",7,64,39,25
34,"0042016A",7,1237,987,250
34,"0042155",7,82,52,30
34,"0042155A",7,1160,981,179
34,"0042258",7,84,52,32
34,"0042258A",7,1469,1166,303
34,"0042312",7,71,44,27
34,"0042312A",7,1202,981,221
34,"0042351",7,72,49,23
34,"0042351A",7,1295,1027,268
34,"0042434",7,88,52,36
34,"0042434A",7,1013,796,217
34,"0042509",7,66,38,28
34,"0042509A",7,1079,822,257
34,"0042605",7,105,61,44
34,"0042605A",7,1128,796,332
34,"0042657",7,102,62,40
34,"0042657A",7,1259,991,268
34,"0042707",7,649,525,124
34,"0042707A",7,759,614,145
34,"0042782",7,111,73,38
34,"0042782A",7,1270,1031,239
34,"0042817",7,173,124,49
34,"0042817A",7,1443,1172,271
34,"0042854",7,45,36,9
34,"0042854A",7,185,156,29
34,"0042869",7,124,102,22
34,"0042869A",7,1008,888,120
34,"0043033",7,137,81,56
34,"0043033A",7,1199,852,347
34,"0043148",7,70,36,34
34,"0043148A",7,1186,881,305
34,"0043242",7,320,259,61
34,"0043242A",7,1172,900,272
34,"0043439",7,111,71,40
34,"0043439A",7,1343,1037,306
34,"0043643",7,102,43,59
34,"0043643A",7,1048,713,335
34,"0043691",7,193,138,55
34,"0043691A",7,798,591,207
34,"0043755",7,97,47,50
34,"0043755A",7,1113,771,342
34,"0044035",7,199,165,34
34,"0044035A",7,615,528,87
34,"0044068",7,53,39,14
34,"0044068A",7,992,831,161
34,"0044096",7,74,56,18
34,"0044096A",7,969,819,150
34,"0044132",7,74,47,27
34,"0044132A",7,1447,1218,229
34,"0044261",7,116,92,24
34,"0044261A",7,965,852,113
34,"0044283",7,101,73,28
34,"0044283A",7,1255,1097,158
34,"0044310",7,99,78,21
34,"0044310A",7,1398,1197,201
34,"0044520",7,62,41,21
34,"0044520A",7,1352,1069,283
34,"0044562",7,59,32,27
34,"0044562A",7,1221,973,248
34,"0044601",7,51,31,20
34,"0044601A",7,634,484,150
34,"0044625",7,72,46,26
34,"0044625A",7,1149,936,213
34,"0044650",7,93,48,45
34,"0044650A",7,1212,950,262
34,"0044706",7,101,61,40
34,"0044706A",7,1287,1035,252
34,"0044804",7,140,92,48
34,"0044804A",7,1207,982,225
34,"0044903",7,114,71,43
34,"0044903A",7,1098,854,244
34,"0044992",7,41,25,16
34,"0044992A",7,313,220,93
34,"0045015",7,213,155,58
34,"0045015A",7,1056,907,149
34,"0045062",7,105,79,26
34,"0045062A",7,816,715,101
34,"0045140",7,153,103,50
34,"0045140A",7,899,774,125
34,"0045205",7,112,64,48
34,"0045205A",7,896,740,156
34,"0045314",7,136,90,46
34,"0045314A",7,822,651,171
34,"0045418",7,124,75,49
34,"0045418A",7,714,521,193
34,"0045427",7,65,36,29
34,"0045427A",7,403,320,83
34,"0045482",7,65,46,19
34,"0045482A",7,459,339,120
34,"0045526",7,145,85,60
34,"0045526A",7,973,695,278
34,"0045548",7,130,78,52
34,"0045548A",7,569,421,148
34,"0045624",7,116,66,50
34,"0045624A",7,650,447,203
34,"0045670",7,103,62,41
34,"0045670A",7,789,572,217
34,"0045725",7,72,40,32
34,"0045725A",7,793,541,252
34,"0045736",7,118,77,41
34,"0045736A",7,824,540,284
34,"0045847",7,79,53,26
34,"0045847A",7,473,346,127
34,"0045956",7,61,38,23
34,"0045956A",7,883,635,248
34,"0045997",7,105,56,49
34,"0045997A",7,867,569,298
34,"0046014",7,75,46,29
34,"0046014A",7,1362,1149,213
34,"0046049",7,56,33,23
34,"0046049A",7,860,702,158
34,"0046153",7,23,15,8
34,"0046153A",7,307,223,84
34,"0046220",7,98,56,42
34,"0046220A",7,1119,898,221
34,"0046332",7,88,73,15
34,"0046332A",7,1174,885,289
34,"0046344",7,59,34,25
34,"0046344A",7,513,379,134
34,"0046419",7,124,72,52
34,"0046419A",7,967,645,322
34,"0046445",7,155,98,57
34,"0046445A",7,1153,868,285
34,"0046508",7,86,46,40
34,"0046508A",7,889,647,242
34,"0046618",7,146,88,58
34,"0046618A",7,821,614,207
34,"0046641",7,106,73,33
34,"0046641A",7,635,449,186
34,"0046713",7,120,71,49
34,"0046713A",7,801,585,216
34,"0046828A",7,32,19,13
34,"0046867",7,100,50,50
34,"0046867A",7,911,608,303
34,"0046971",7,27,14,13
34,"0046971A",7,165,115,50
34,"0047018",7,109,68,41
34,"0047018A",7,819,613,206
34,"0047051",7,100,76,24
34,"0047051A",7,1146,913,233
34,"0047116",7,62,36,26
34,"0047116A",7,1276,936,340
34,"0047154",7,64,37,27
34,"0047154A",7,1094,798,296
34,"0047187",7,106,61,45
34,"0047187A",7,1159,897,262
34,"0047199",7,96,72,24
34,"0047199A",7,876,686,190
34,"0047249",7,59,28,31
34,"0047249A",7,1118,856,262
34,"0047348",7,61,37,24
34,"0047348A",7,1068,822,246
34,"0047370",7,49,24,25
34,"0047370A",7,1303,1009,294
34,"0047411",7,70,42,28
34,"0047411A",7,1068,862,206
34,"0047515",7,81,56,25
34,"0047515A",7,1161,879,282
34,"0047530",7,90,55,35
34,"0047530A",7,966,753,213
34,"0047563",7,108,75,33
34,"0047563A",7,1133,868,265
34,"0047619",7,78,53,25
34,"0047619A",7,1122,860,262
34,"0047628",7,53,28,25
34,"0047628A",7,800,605,195
34,"0047724",7,58,30,28
34,"0047724A",7,1122,845,277
34,"0047760",7,74,52,22
34,"0047760A",7,1094,837,257
34,"0047833",7,104,54,50
34,"0047833A",7,1062,841,221
34,"0047868",7,81,56,25
34,"0047868A",7,998,793,205
34,"0047885",7,39,20,19
34,"0047885A",7,945,715,230
34,"0047943",7,61,41,20
34,"0047943A",7,821,599,222
34,"0048115",7,126,75,51
34,"0048115A",7,1041,788,253
34,"0048166",7,127,81,46
34,"0048166A",7,853,623,230
34,"0048305",7,88,52,36
34,"0048305A",7,838,632,206
34,"0048320",7,70,49,21
34,"0048320A",7,644,520,124
34,"0048396",7,114,72,42
34,"0048396A",7,812,654,158
34,"0048447",7,145,98,47
34,"0048447A",7,802,636,166
34,"0048475",7,101,64,37
34,"0048475A",7,671,509,162
34,"0048524",7,95,58,37
34,"0048524A",7,618,441,177
34,"0048579",7,126,86,40
34,"0048579A",7,673,512,161
34,"0048613",7,98,55,43
34,"0048613A",7,712,544,168
34,"0048637",7,103,69,34
34,"0048637A",7,682,528,154
34,"0048703",7,192,133,59
34,"0048703A",7,792,591,201
34,"0048728",7,133,84,49
34,"0048728A",7,728,555,173
34,"0048864",7,84,53,31
34,"0048864A",7,762,553,209
34,"0048917",7,137,92,45
34,"0048917A",7,996,764,232
34,"0048995",7,113,72,41
34,"0048995A",7,893,640,253
34,"0049006",7,136,83,53
34,"0049006A",7,1144,836,308
34,"0049085",7,50,29,21
34,"0049085A",7,257,193,64
34,"0049162",7,99,50,49
34,"0049162A",7,809,522,287
34,"0049189",7,111,65,46
34,"0049189A",7,676,481,195
34,"0049235",7,49,33,16
34,"0049235A",7,466,333,133
34,"0049263",7,129,86,43
34,"0049263A",7,720,532,188
34,"0049294",7,150,92,58
34,"0049294A",7,959,687,272
34,"0049373",7,113,73,40
34,"0049373A",7,771,570,201
34,"0049413",7,121,72,49
34,"0049413A",7,644,472,172
34,"0049457",7,130,82,48
34,"0049457A",7,754,561,193
34,"0049472",7,111,74,37
34,"0049472A",7,718,514,204
34,"0049503",7,114,70,44
34,"0049503A",7,943,706,237
34,"0049629",7,130,76,54
34,"0049629A",7,775,574,201
34,"0049705",7,85,52,33
34,"0049705A",7,914,668,246
34,"0049740",7,140,91,49
34,"0049740A",7,1019,715,304
34,"0049834",7,138,70,68
34,"0049834A",7,793,536,257
34,"0049870",7,107,69,38
34,"0049870A",7,800,608,192
34,"0049959",7,131,74,57
34,"0049959A",7,834,603,231
34,"0051127",6,125,75,50
34,"0051127A",6,883,604,279
34,"0051180",6,153,79,74
34,"0051180A",6,947,679,268
34,"0051317",6,119,57,62
34,"0051317A",6,886,626,260
34,"0051415",7,100,47,53
34,"0051415A",7,1370,946,424
34,"0051565",6,59,38,21
34,"0051565A",6,320,238,82
34,"0051582",6,90,53,37
34,"0051582A",6,719,507,212
34,"0051646",6,136,74,62
34,"0051646A",6,913,568,345
34,"0051753",6,141,67,74
34,"0051753A",6,1157,773,384
34,"0051794",6,110,39,71
34,"0051794A",6,1078,701,377
34,"0051844",6,99,51,48
34,"0051844A",6,1018,644,374
34,"0051988",6,141,73,68
34,"0051988A",6,937,559,378
34,"0052104",6,101,48,53
34,"0052104A",6,1008,629,379
34,"0052218",6,90,37,53
34,"0052218A",6,1006,631,375
34,"0052364",6,53,32,21
34,"0052364A",6,344,239,105
34,"0052405",6,131,60,71
34,"0052405A",6,1045,636,409
34,"0052516",6,160,58,102
34,"0052516A",6,1168,703,465
34,"0052573",6,63,31,32
34,"0052573A",6,330,191,139
34,"0052627",6,94,28,66
34,"0052627A",6,685,364,321
34,"0052674",6,61,30,31
34,"0052674A",6,480,302,178
34,"0052723",6,150,47,103
34,"0052723A",6,966,599,367
34,"0052737",6,157,74,83
34,"0052737A",6,1096,639,457
34,"0052957",6,31,25,6
34,"0052957A",6,149,103,46
34,"0053014",6,110,37,73
34,"0053014A",6,942,501,441
34,"0053067",6,120,65,55
34,"0053067A",6,852,507,345
34,"0053137",6,92,38,54
34,"0053137A",6,1136,675,461
34,"0053205",6,104,48,56
34,"0053205A",6,1016,605,411
34,"0053228",6,116,59,57
34,"0053228A",6,787,470,317
34,"0053293",6,78,34,44
34,"0053293A",6,878,539,339
34,"0053344",6,158,70,88
34,"0053344A",6,1052,630,422
34,"0053363",6,95,44,51
34,"0053363A",6,659,342,317
34,"0053391",6,134,67,67
34,"0053391A",6,1182,659,523
34,"0053610",6,95,61,34
34,"0053610A",6,550,361,189
34,"0053657",6,217,133,84
34,"0053657A",6,935,655,280
34,"0053764",6,81,47,34
34,"0053764A",6,439,286,153
34,"0053821",6,27,17,10
34,"0053821A",6,84,53,31
34,"0053903",6,122,55,67
34,"0053903A",6,1014,568,446
34,"0053958",6,165,64,101
34,"0053958A",6,1231,651,580
34,"0054279A",7,14,4,10
34,"0054713A",7,19,8,11
34,"0054899A",7,166,96,70
34,"0054924A",7,10,8,2
34,"0055203",6,133,93,40
34,"0055203A",6,735,519,216
34,"0055299",6,101,40,61
34,"0055299A",6,980,581,399
34,"0055410",7,17,6,11
34,"0055410A",7,159,75,84
34,"0056165",6,114,37,77
34,"0056165A",6,926,485,441
34,"0056250",6,89,37,52
34,"0056250A",6,844,438,406
34,"0056653A",7,39,24,15
34,"0056701A",7,54,28,26
34,"0057019",7,93,47,46
34,"0057019A",7,592,347,245
34,"0057045",7,64,35,29
34,"0057045A",7,452,305,147
34,"0057128",7,103,47,56
34,"0057128A",7,814,496,318
34,"0057232",7,39,18,21
34,"0057232A",7,485,276,209
34,"0057263",7,35,20,15
34,"0057263A",7,114,59,55
34,"0057315",7,114,60,54
34,"0057315A",7,985,689,296
34,"0057402",7,113,62,51
34,"0057402A",7,774,514,260
34,"0057509",7,97,44,53
34,"0057509A",7,775,509,266
34,"0057566A",7,57,32,25
34,"0057584",7,94,47,47
34,"0057584A",7,758,481,277
34,"0057639",7,68,32,36
34,"0057639A",7,643,402,241
34,"0057660",7,95,53,42
34,"0057660A",7,941,636,305
34,"0057735",7,105,56,49
34,"0057735A",7,831,576,255
34,"0057761",7,98,57,41
34,"0057761A",7,927,639,288
34,"0057825",7,95,58,37
34,"0057825A",7,897,586,311
34,"0057873",7,74,45,29
34,"0057873A",7,781,501,280
34,"0057994",7,94,38,56
34,"0057994A",7,903,583,320
34,"0058033",7,69,36,33
34,"0058033A",7,1009,694,315
34,"0058094",7,120,58,62
34,"0058094A",7,1172,698,474
34,"0058346",7,109,41,68
34,"0058346A",7,914,529,385
34,"0058543",7,139,58,81
34,"0058543A",7,974,591,383
34,"0058734",7,108,52,56
34,"0058734A",7,1072,690,382
34,"0058832",7,133,70,63
34,"0058832A",7,1115,717,398
34,"0058925",7,144,65,79
34,"0058925A",7,870,545,325
34,"0059017",7,29,14,15
34,"0059017A",7,373,154,219
34,"0059352",7,99,44,55
34,"0059352A",7,1006,551,455
34,"0059398",7,116,48,68
34,"0059398A",7,835,475,360
34,"0059519",7,62,23,39
34,"0059519A",7,941,521,420
34,"0059677",7,73,31,42
34,"0059677A",7,1287,749,538
34,"0061020",6,22,8,14
34,"0061020A",6,390,218,172
34,"0061124",6,57,21,36
34,"0061124A",6,1395,816,579
34,"0061198",6,79,32,47
34,"0061198A",6,1151,690,461
34,"0061207",6,62,22,40
34,"0061207A",6,1081,635,446
34,"0061263",6,94,30,64
34,"0061263A",6,1209,733,476
34,"0061312",6,17,10,7
34,"0061312A",6,16,9,7
34,"0061597",3,38,20,18
34,"0061597A",3,147,98,49
34,"0061782A",6,75,53,22
34,"0061950",6,115,38,77
34,"0061950A",6,859,499,360
34,"0063106",3,39,11,28
34,"0063106A",3,567,318,249
34,"0063208",3,232,89,143
34,"0063208A",3,1309,692,617
34,"0063309",3,173,70,103
34,"0063309A",3,1063,603,460
34,"0064012A",6,18,12,6
34,"0064204",6,116,47,69
34,"0064204A",6,1046,610,436
34,"0064230",6,128,69,59
34,"0064230A",6,876,555,321
34,"0064286",6,105,40,65
34,"0064286A",6,1129,616,513
34,"0064302",6,175,74,101
34,"0064302A",6,1193,753,440
34,"0064427",6,136,57,79
34,"0064427A",6,1081,695,386
34,"0064491",6,94,38,56
34,"0064491A",6,858,548,310
34,"0064541",6,126,63,63
34,"0064541A",6,1160,635,525
34,"0065601",6,16,4,12
34,"0065601A",6,121,36,85
34,"0065923",7,113,31,82
34,"0065923A",7,1328,544,784
34,"0066401",7,150,39,111
34,"0066401A",7,1074,428,646
34,"0066532",7,107,27,80
34,"0066532A",7,1382,545,837
34,"0066934",7,37,14,23
34,"0066934A",7,414,155,259
34,"0067510A",7,14,3,11
34,"0071126A",7,17,9,8
34,"0071205A",7,56,15,41
34,"0071620A",7,87,50,37
34,"0072293",7,71,27,44
34,"0072293A",7,1041,709,332
34,"0072310",7,151,76,75
34,"0072310A",7,1174,812,362
34,"0072436",7,163,80,83
34,"0072436A",7,1194,783,411
34,"0072495",7,95,44,51
34,"0072495A",7,1134,769,365
34,"0072564",7,86,44,42
34,"0072564A",7,1152,762,390
34,"0072606",7,160,81,79
34,"0072606A",7,1231,822,409
34,"0072640",7,67,46,21
34,"0072640A",7,1097,734,363
34,"0072713",7,115,49,66
34,"0072713A",7,1150,802,348
34,"0072762",7,68,20,48
34,"0072762A",7,1061,598,463
34,"0072804",7,134,61,73
34,"0072804A",7,917,595,322
34,"0072850",7,138,72,66
34,"0072850A",7,996,685,311
34,"0072912A",7,10,1,9
34,"0072994",7,17,7,10
34,"0072994A",7,247,113,134
34,"0073018",7,131,62,69
34,"0073018A",7,841,581,260
34,"0073044",7,60,36,24
34,"0073044A",7,499,335,164
34,"0073129",7,114,55,59
34,"0073129A",7,1169,821,348
34,"0073143",7,156,75,81
34,"0073143A",7,1100,751,349
34,"0073180",7,122,77,45
34,"0073180A",7,1072,758,314
34,"0073212",7,75,36,39
34,"0073212A",7,858,577,281
34,"0073345",7,116,40,76
34,"0073345A",7,1282,764,518
34,"0073457",7,85,39,46
34,"0073457A",7,846,531,315
34,"0073473",7,117,55,62
34,"0073473A",7,1104,710,394
34,"0073516",7,105,55,50
34,"0073516A",7,1166,748,418
34,"0073520",7,121,65,56
34,"0073520A",7,1045,701,344
34,"0073567",7,135,64,71
34,"0073567A",7,1063,710,353
34,"0073634",7,98,56,42
34,"0073634A",7,927,610,317
34,"0073656",7,83,38,45
34,"0073656A",7,854,549,305
34,"0073683",7,88,36,52
34,"0073683A",7,957,650,307
34,"0073700",7,126,76,50
34,"0073700A",7,883,632,251
34,"0073752",7,97,45,52
34,"0073752A",7,843,531,312
34,"0073775",7,97,37,60
34,"0073775A",7,915,630,285
34,"0073817",7,84,41,43
34,"0073817A",7,985,614,371
34,"0073849",7,75,34,41
34,"0073849A",7,772,477,295
34,"0073938",7,85,39,46
34,"0073938A",7,1005,650,355
34,"0073946",7,112,69,43
34,"0073946A",7,823,551,272
34,"0074266",7,21,5,16
34,"0074266A",7,221,124,97
34,"0074672",7,42,9,33
34,"0074672A",7,392,170,222
34,"0074802A",7,25,12,13
34,"0077164",7,17,5,12
34,"0077164A",7,220,103,117
34,"0077380",7,56,25,31
34,"0077380A",7,211,116,95
34,"0077581",7,39,10,29
34,"0077581A",7,199,111,88
34,"0077800A",7,80,21,59
34,"0077853A",7,100,46,54
34,"0078428",7,22,6,16
34,"0078428A",7,101,47,54
34,"0079569",7,44,23,21
34,"0079569A",7,187,104,83
34,"0081022",7,152,81,71
34,"0081022A",7,975,621,354
34,"0081237",7,107,61,46
34,"0081237A",7,1073,675,398
34,"0081274",7,82,41,41
34,"0081274A",7,940,657,283
34,"0081320",7,80,35,45
34,"0081320A",7,768,516,252
34,"0081393",7,59,33,26
34,"0081393A",7,487,306,181
34,"0081419",7,113,52,61
34,"0081419A",7,1007,659,348
34,"0081550",7,74,44,30
34,"0081550A",7,1354,837,517
34,"0081578",7,107,57,50
34,"0081578A",7,1062,733,329
34,"0081643",7,110,48,62
34,"0081643A",7,1271,864,407
34,"0081660",7,121,49,72
34,"0081660A",7,895,593,302
34,"0081734",7,100,55,45
34,"0081734A",7,1069,772,297
34,"0082009",7,145,70,75
34,"0082009A",7,894,570,324
34,"0082053",7,99,49,50
34,"0082053A",7,891,539,352
34,"0082102",7,99,55,44
34,"0082102A",7,850,562,288
34,"0082146",7,99,51,48
34,"0082146A",7,856,542,314
34,"0082185",7,76,33,43
34,"0082185A",7,846,540,306
34,"0082240",7,99,48,51
34,"0082240A",7,600,390,210
34,"0082276",7,113,32,81
34,"0082276A",7,1081,598,483
34,"0082307",7,106,54,52
34,"0082307A",7,1227,755,472
34,"0082343",7,61,28,33
34,"0082343A",7,924,505,419
34,"0082395",7,61,31,30
34,"0082395A",7,901,493,408
34,"0082447",7,110,32,78
34,"0082447A",7,1233,667,566
34,"0082504",7,97,33,64
34,"0082504A",7,1026,548,478
34,"0082583",7,76,30,46
34,"0082583A",7,1042,579,463
34,"0082619",7,125,54,71
34,"0082619A",7,1171,662,509
34,"0082633",7,104,52,52
34,"0082633A",7,1174,578,596
34,"0082706",7,99,32,67
34,"0082706A",7,1270,590,680
34,"0082812",7,125,41,84
34,"0082812A",7,798,427,371
34,"0082835",7,111,35,76
34,"0082835A",7,1054,496,558
34,"0082863",7,115,37,78
34,"0082863A",7,1071,588,483
34,"0082956",7,66,23,43
34,"0082956A",7,666,396,270
34,"0083213",7,79,23,56
34,"0083213A",7,1025,434,591
34,"0083305",7,124,61,63
34,"0083305A",7,1018,574,444
34,"0083357",7,86,33,53
34,"0083357A",7,986,582,404
34,"0083452",7,109,38,71
34,"0083452A",7,990,571,419
34,"0083511",7,100,40,60
34,"0083511A",7,1185,693,492
34,"0083544",7,112,41,71
34,"0083544A",7,1020,583,437
34,"0083627",7,79,26,53
34,"0083627A",7,872,411,461
34,"0083951",7,150,23,127
34,"0083951A",7,1011,372,639
34,"0083992",7,200,41,159
34,"0083992A",7,1219,392,827
34,"0084250A",7,127,44,83
34,"0085859A",7,67,24,43
34,"0085914",7,118,42,76
34,"0085914A",7,671,320,351
34,"0085988",7,62,13,49
34,"0085988A",7,696,274,422
34,"0086376",7,82,23,59
34,"0086376A",7,370,142,228
34,"0086648A",7,85,19,66
34,"0086839",7,29,4,25
34,"0086839A",7,234,77,157
34,"0086890",7,118,21,97
34,"0086890A",7,1000,419,581
34,"0088344",7,59,9,50
34,"0088344A",7,428,145,283
34,"0088515",7,192,37,155
34,"0088515A",7,1103,451,652
34,"0088630",7,192,48,144
34,"0088630A",7,1083,430,653
34,"0088707",7,148,56,92
34,"0088707A",7,968,455,513
34,"0088780",7,240,70,170
34,"0088780A",7,974,506,468
34,"0089113",7,131,37,94
34,"0089113A",7,1096,486,610
34,"0089238",7,178,47,131
34,"0089238A",7,985,421,564
34,"0089324",7,195,45,150
34,"0089324A",7,1091,529,562
34,"0089810A",7,70,25,45
34,"0089867A",7,50,27,23
34,"0092152",7,106,20,86
34,"0092152A",7,831,341,490
34,"0094803",7,50,12,38
34,"0094803A",7,266,84,182
34,"0095341",7,67,6,61
34,"0095341A",7,358,110,248
34,"0095971",7,226,44,182
34,"0095971A",7,984,322,662
34,"0097527",7,19,7,12
34,"0097527A",7,156,51,105
34,"CNTYTOT",0,627170,379025,248145
34,"AD06_TOT",0,200890,135194,65696
34,"AD07_TOT",0,215417,110831,104586
34,"AD10_TOT",0,184873,122815,62058
34,"AD09_TOT",0,25648,10016,15632
34,"AD11_TOT",0,342,169,173
34,"CD06_TOT",0,287072,165408,121664
34,"CD07_TOT",0,274048,183642,90406
34,"CD03_TOT",0,66050,29975,36075
34,"SD08_TOT",0,345849,235053,110796
34,"SD06_TOT",0,279155,142947,136208
34,"SD03_TOT",0,2166,1025,1141
34,"BE01_TOT",0,627170,379025,248145
34,"SOV_CD03",0,66050,29975,36075
34,"SOV_CD06",0,287072,165408,121664
34,"SOV_CD07",0,274048,183642,90406
35,"H10219",18,97,47,50
35,"H10219A",18,554,330,224
35,"H10341",18,96,28,68
35,"H10341A",18,628,346,282
35,"H10347",18,125,45,80
35,"H10347A",18,938,560,378
35,"H20827",18,110,66,44
35,"H20827A",18,561,403,158
35,"H20829",18,155,79,76
35,"H20829A",18,902,591,311
35,"H30823",18,47,28,19
35,"H30823A",18,193,133,60
35,"H31527",18,117,52,65
35,"H31527A",18,678,441,237
35,"H31531",18,145,58,87
35,"H31531A",18,774,511,263
35,"H31533",18,113,52,61
35,"H31533A",18,747,417,330
35,"H31535",18,29,13,16
35,"H31535A",18,111,71,40
35,"H31632",18,147,55,92
35,"H31632A",18,1018,624,394
35,"H31747",18,35,15,20
35,"H31747A",18,265,163,102
35,"H42143",18,219,88,131
35,"H42143A",18,1206,714,492
35,"H42241",18,170,67,103
35,"H42241A",18,1151,658,493
35,"H50825",18,90,45,45
35,"H50825A",18,442,282,160
35,"H50831",18,7,3,4
35,"H50831A",18,63,45,18
35,"H52311",18,221,97,124
35,"H52311A",18,1130,679,451
35,"H52313",18,234,113,121
35,"H52313A",18,1309,898,411
35,"H52431",18,115,48,67
35,"H52431A",18,672,409,263
35,"S21265",18,207,94,113
35,"S21265A",18,845,570,275
35,"U10102",18,167,42,125
35,"U10102A",18,1093,455,638
35,"U10104",18,121,42,79
35,"U10104A",18,863,444,419
35,"U10106",18,132,44,88
35,"U10106A",18,878,468,410
35,"U20402",18,71,21,50
35,"U20402A",18,325,187,138
35,"U20508",18,25,16,9
35,"U20508A",18,63,30,33
35,"U20604",18,52,23,29
35,"U20604A",18,449,297,152
35,"U20702",18,2,1,1
35,"U20702A",18,109,88,21
35,"U20906",18,99,41,58
35,"U20906A",18,415,188,227
35,"U21004",18,32,8,24
35,"U21004A",18,221,102,119
35,"U21102",18,29,14,15
35,"U21102A",18,167,72,95
35,"U31304",18,9,2,7
35,"U31304A",18,40,25,15
35,"U31402",18,7,1,6
35,"U31402A",18,94,53,41
35,"U40904",18,21,7,14
35,"U40904A",18,79,53,26
35,"U41104",18,128,44,84
35,"U41104A",18,1017,528,489
35,"U41106",18,132,44,88
35,"U41106A",18,822,417,405
35,"U41108",18,92,25,67
35,"U41108A",18,889,350,539
35,"U41803A",18,47,5,42
35,"U42001",18,124,39,85
35,"U42001A",18,969,475,494
35,"U50902A",18,4,3,1
35,"U51102",18,78,32,46
35,"U51102A",18,387,179,208
35,"CNTYTOT",0,26922,14803,12119
35,"AD29_TOT",0,26922,14803,12119
35,"CD18_TOT",0,26922,14803,12119
35,"SD17_TOT",0,26922,14803,12119
35,"BE02_TOT",0,26922,14803,12119
35,"SOV_CD18",0,26922,14803,12119
36,"AP10001",23,127,62,65
36,"AP30002",23,17,8,9
36,"UNI0003A",23,260,57,203
36,"UNI0003",23,73,14,59
36,"UNI0005A",23,27,8,19
36,"UNI0005",23,11,5,6
36,"UNI0007A",23,102,26,76
36,"UNI0007",23,41,17,24
36,"UNI0008A",23,245,53,192
36,"UNI0008",23,52,14,38
36,"UNI0009A",23,197,53,144
36,"UNI0009",23,37,6,31
36,"UNI0010A",23,269,56,213
36,"UNI0010",23,74,19,55
36,"UNI0011A",23,76,19,57
36,"UNI0011",23,11,3,8
36,"UNI0014A",23,608,139,469
36,"UNI0014",23,137,25,112
36,"UNI0015A",23,318,85,233
36,"UNI0015",23,57,11,46
36,"UNI0016A",23,105,24,81
36,"UNI0016",23,27,5,22
36,"UNI0017A",23,107,22,85
36,"UNI0017",23,25,3,22
36,"UNI0018A",23,20,3,17
36,"UNI0019A",23,16,2,14
36,"UNI0020A",23,246,50,196
36,"UNI0020",23,50,10,40
36,"UNI0022A",23,114,24,90
36,"UNI0022",23,45,12,33
36,"UNI0023A",23,49,9,40
36,"UNI0023",23,13,3,10
36,"UNI0024",23,19,9,10
36,"UNI0025A",23,442,105,337
36,"UNI0025",23,117,22,95
36,"UNI0026A",23,19,2,17
36,"UNI0027A",23,16,6,10
36,"UNI0029A",23,60,19,41
36,"UNI0030A",23,15,9,6
36,"UNI0031A",23,71,10,61
36,"UNI0031",23,18,1,17
36,"UNI0032A",23,121,31,90
36,"UNI0032",23,25,7,18
36,"UNI0033A",23,455,197,258
36,"UNI0033",23,231,65,166
36,"UNI0034A",23,32,12,20
36,"UNI0039A",23,23,3,20
36,"UNI0043A",23,129,23,106
36,"UNI0043",23,37,5,32
36,"UNI0044A",23,376,116,260
36,"UNI0044",23,140,22,118
36,"UNI0053A",23,2172,728,1444
36,"UNI0053",23,693,163,530
36,"UNI0054A",23,54,17,37
36,"UNI0054",23,27,4,23
36,"UNI0059A",23,16,6,10
36,"UNI0067A",23,38,17,21
36,"UNI0069A",23,155,69,86
36,"UNI0069",23,21,5,16
36,"UNI0071A",23,84,25,59
36,"UNI0071",23,48,7,41
36,"UNI0072A",23,46,8,38
36,"UNI0075A",23,50,9,41
36,"NEE0083A",25,272,127,145
36,"NEE0083",25,89,25,64
36,"UNI0086A",25,137,32,105
36,"UNI0086",25,27,1,26
36,"UNI0087A",25,166,69,97
36,"UNI0088A",23,77,13,64
36,"UNI0089A",23,16,1,15
36,"UNI0094A",23,36,12,24
36,"UNI0094",23,26,6,20
36,"UNI0099A",23,190,47,143
36,"UNI0099",23,38,3,35
36,"UNI0104A",23,90,38,52
36,"UNI0104",23,18,11,7
36,"UNI0105A",23,131,43,88
36,"UNI0105",23,56,9,47
36,"UNI0106A",23,37,19,18
36,"UNI0107A",23,95,26,69
36,"UNI0107",23,15,5,10
36,"UNI0108A",23,14,3,11
36,"UNI0109A",23,29,2,27
36,"UNI0110A",23,82,21,61
36,"UNI0110",23,26,8,18
36,"UNI0118A",23,331,102,229
36,"UNI0118",23,179,22,157
36,"UNI0119A",23,12,6,6
36,"BA40120A",23,39,11,28
36,"BA40120",23,13,2,11
36,"BA40122A",23,172,82,90
36,"BA40122",23,92,23,69
36,"UNI0123A",23,260,58,202
36,"UNI0123",23,63,11,52
36,"UNI0124A",23,286,76,210
36,"UNI0124",23,77,12,65
36,"BA10125A",23,106,46,60
36,"BA10125",23,43,14,29
36,"BA20127A",23,619,216,403
36,"BA20127",23,173,53,120
36,"BA40128A",23,313,156,157
36,"BA40128",23,134,53,81
36,"UNI0129A",23,178,62,116
36,"UNI0129",23,52,21,31
36,"UNI0130A",23,42,20,22
36,"UNI0130",23,25,2,23
36,"BA20131A",23,342,138,204
36,"BA20131",23,157,51,106
36,"BA10132A",23,204,121,83
36,"BA10132",23,91,39,52
36,"BA40133A",23,15,8,7
36,"BA40133",23,9,5,4
36,"BA40134A",23,67,38,29
36,"BA40134",23,28,12,16
36,"BA30136A",23,12,6,6
36,"BA30137A",23,42,17,25
36,"BA30137",23,17,4,13
36,"BA30139A",23,231,107,124
36,"BA30139",23,87,27,60
36,"BA40141A",23,10,4,6
36,"BA40143A",23,53,8,45
36,"BA40143",23,20,1,19
36,"BA40145A",23,13,2,11
36,"UNI0148A",23,11,1,10
36,"UNI0149A",23,78,4,74
36,"UNI0150A",23,28,2,26
36,"BA10151A",23,367,141,226
36,"BA10151",23,122,41,81
36,"BA30153A",23,23,12,11
36,"BA30153",23,17,7,10
36,"BA30154A",23,552,262,290
36,"BA30154",23,231,82,149
36,"UNI0158A",23,188,86,102
36,"UNI0158",23,43,16,27
36,"UNI0159A",23,133,43,90
36,"UNI0159",23,57,7,50
36,"UNI0160A",23,1312,382,930
36,"UNI0160",23,529,89,440
36,"UNI0161A",23,114,28,86
36,"UNI0186A",23,55,38,17
36,"UNI0191A",23,16,1,15
36,"UNI0194A",23,42,14,28
36,"UNI0197A",23,186,88,98
36,"UNI0197",23,51,21,30
36,"TP10206A",23,448,229,219
36,"TP10206",23,119,37,82
36,"TP20207A",23,494,237,257
36,"TP20207",23,153,57,96
36,"TP30208A",23,308,187,121
36,"TP30208",23,109,43,66
36,"TP20209A",23,94,26,68
36,"TP20209",23,32,7,25
36,"TP40210A",23,332,147,185
36,"TP40210",23,101,34,67
36,"TP30211A",23,28,13,15
36,"TP30211",23,18,3,15
36,"TP50212A",23,139,60,79
36,"TP50212",23,88,32,56
36,"UNI0213A",23,95,54,41
36,"UNI0213",23,14,8,6
36,"TP10219A",23,42,23,19
36,"TP10219",23,17,9,8
36,"TP20220",23,39,4,35
36,"TP20221A",23,94,40,54
36,"TP20221",23,26,5,21
36,"TP20222A",23,13,6,7
36,"TP30223A",23,175,76,99
36,"TP30223",23,56,14,42
36,"TP30224A",23,28,10,18
36,"TP30224",23,60,11,49
36,"TP30225A",23,92,51,41
36,"TP30225",23,28,15,13
36,"TP50227A",23,141,39,102
36,"TP50227",23,45,12,33
36,"TP50228A",23,14,6,8
36,"TP50228",23,25,4,21
36,"UNI0231A",23,349,174,175
36,"UNI0231",23,75,21,54
36,"UNI0233A",23,30,15,15
36,"UNI0236A",23,66,41,25
36,"UNI0238A",23,1206,599,607
36,"UNI0238",23,274,87,187
36,"UNI0242A",23,10,7,3
36,"UNI0243A",23,91,43,48
36,"UNI0243",23,26,2,24
36,"UNI0249A",23,220,126,94
36,"UNI0249",23,19,6,13
36,"UNI0252A",23,590,287,303
36,"UNI0252",23,138,34,104
36,"UNI0254A",23,126,61,65
36,"YV20256A",23,410,174,236
36,"YV20256",23,60,19,41
36,"YV30259A",23,27,4,23
36,"YV30261A",23,62,23,39
36,"YV30261",23,9,5,4
36,"YV40262A",23,32,6,26
36,"YV40263A",23,15,2,13
36,"YV40264A",23,99,31,68
36,"YV40264",23,15,1,14
36,"YV10266A",23,563,202,361
36,"YV10266",23,64,11,53
36,"YV20267A",23,42,14,28
36,"YV30268A",23,679,305,374
36,"YV30268",23,141,33,108
36,"YV40270A",23,139,58,81
36,"YV40270",23,19,5,14
36,"YV40271A",23,23,14,9
36,"YV40271",23,7,2,5
36,"YV50272A",23,667,250,417
36,"YV50272",23,109,29,80
36,"UNI0273A",23,278,148,130
36,"UNI0273",23,36,13,23
36,"UNI0274A",23,150,88,62
36,"UNI0274",23,22,13,9
36,"UNI0275A",23,159,103,56
36,"UNI0275",23,34,13,21
36,"UNI0276A",23,17,10,7
36,"UNI0277A",23,262,136,126
36,"UNI0277",23,35,11,24
36,"UNI0278A",23,21,12,9
36,"UNI0278",23,14,5,9
36,"UNI0280A",23,23,11,12
36,"YV20284A",23,200,104,96
36,"YV20284",23,67,20,47
36,"YV40286A",23,481,160,321
36,"YV40286",23,94,25,69
36,"YV50287A",23,106,46,60
36,"YV50287",23,24,1,23
36,"AP10312A",23,265,96,169
36,"AP10312",23,68,13,55
36,"AP10313A",23,1958,607,1351
36,"AP10313",23,421,104,317
36,"AP10314A",23,620,216,404
36,"AP10314",23,172,45,127
36,"AP20315A",23,1210,339,871
36,"AP20315",23,280,58,222
36,"AP20316A",23,1071,357,714
36,"AP20316",23,320,58,262
36,"AP30318A",23,346,75,271
36,"AP30318",23,103,20,83
36,"AP20319A",23,195,50,145
36,"AP20319",23,23,3,20
36,"AP20320A",23,718,221,497
36,"AP20320",23,115,17,98
36,"AP30321A",23,403,159,244
36,"AP30321",23,186,52,134
36,"AP40322A",23,72,27,45
36,"AP40322",23,31,14,17
36,"AP30323A",23,1043,386,657
36,"AP30323",23,240,59,181
36,"AP40324A",23,903,330,573
36,"AP40324",23,208,78,130
36,"AP10325A",23,996,436,560
36,"AP10325",23,362,131,231
36,"AP10326A",23,638,224,414
36,"AP10326",23,138,32,106
36,"AP30327A",23,1074,331,743
36,"AP30327",23,236,54,182
36,"AP30330A",23,812,359,453
36,"AP30330",23,236,94,142
36,"AP30331A",23,990,309,681
36,"AP30331",23,189,40,149
36,"AP40332A",23,886,332,554
36,"AP40332",23,201,56,145
36,"AP40333A",23,1394,529,865
36,"AP40333",23,323,91,232
36,"AP40334A",23,73,16,57
36,"AP40334",23,20,3,17
36,"AP20335A",23,2647,1015,1632
36,"AP20335",23,248,66,182
36,"AP20336A",23,2006,666,1340
36,"AP20336",23,360,94,266
36,"AP40337A",23,635,210,425
36,"AP40337",23,170,39,131
36,"AP40338A",23,800,268,532
36,"AP40338",23,177,44,133
36,"AP20339A",23,369,114,255
36,"AP20339",23,77,12,65
36,"UNI0347A",23,948,298,650
36,"UNI0347",23,273,61,212
36,"UNI0348A",23,352,123,229
36,"UNI0348",23,89,23,66
36,"UNI0349A",23,1717,524,1193
36,"UNI0349",23,485,127,358
36,"VI40350A",23,1187,634,553
36,"VI40350",23,273,133,140
36,"VI10351A",23,504,238,266
36,"VI10351",23,135,55,80
36,"VI10353A",23,750,387,363
36,"VI10353",23,169,68,101
36,"VI10354A",23,1229,679,550
36,"VI10354",23,259,101,158
36,"VI40355A",23,670,298,372
36,"VI40355",23,213,83,130
36,"VI10356A",23,1454,638,816
36,"VI10356",23,268,98,170
36,"VI30359A",23,162,86,76
36,"VI30359",23,65,31,34
36,"VI30360A",23,272,169,103
36,"VI30360",23,104,48,56
36,"VI30361A",23,143,82,61
36,"VI30361",23,39,24,15
36,"VI30362A",23,622,338,284
36,"VI30362",23,199,94,105
36,"VI10363A",23,414,205,209
36,"VI10363",23,141,60,81
36,"VI30364A",23,581,329,252
36,"VI30364",23,199,98,101
36,"VI50365A",23,132,78,54
36,"VI50365",23,50,18,32
36,"VI30366A",23,19,14,5
36,"VI30366",23,22,7,15
36,"VI30367A",23,599,314,285
36,"VI30367",23,154,52,102
36,"VI30368A",23,1070,633,437
36,"VI30368",23,295,139,156
36,"UNI0370A",23,237,103,134
36,"UNI0370",23,36,12,24
36,"UNI0371A",23,638,274,364
36,"UNI0371",23,117,49,68
36,"VI20372A",23,1227,615,612
36,"VI20372",23,277,104,173
36,"VI20373A",23,1256,660,596
36,"VI20373",23,317,162,155
36,"VI40374A",23,529,309,220
36,"VI40374",23,111,42,69
36,"VI20375A",23,1252,692,560
36,"VI20375",23,339,167,172
36,"VI50376A",23,293,159,134
36,"VI50376",23,78,43,35
36,"VI30377A",23,83,38,45
36,"VI30377",23,37,22,15
36,"VI40378A",23,881,471,410
36,"VI40378",23,184,82,102
36,"VI40379A",23,1524,745,779
36,"VI40379",23,409,170,239
36,"VI50380A",23,94,51,43
36,"VI50380",23,12,5,7
36,"ADE0384A",23,199,130,69
36,"ADE0384",23,81,55,26
36,"UNI0392A",23,14,4,10
36,"VI50403A",23,200,123,77
36,"VI50403",23,40,15,25
36,"VI50404A",23,1109,677,432
36,"VI50404",23,321,155,166
36,"VI50406A",23,938,583,355
36,"VI50406",23,232,109,123
36,"VI50407A",23,977,603,374
36,"VI50407",23,265,133,132
36,"VI50408A",23,76,52,24
36,"VI50408",23,17,10,7
36,"VI50414A",23,455,184,271
36,"VI50414",23,132,64,68
36,"ADE0415A",23,233,146,87
36,"ADE0415",23,192,108,84
36,"ADE0416A",23,167,103,64
36,"ADE0416",23,48,25,23
36,"ADE0417A",23,17,6,11
36,"ADE0418A",23,401,241,160
36,"ADE0418",23,121,64,57
36,"ADE0419A",23,586,300,286
36,"ADE0419",23,150,77,73
36,"ADE0420A",23,1449,809,640
36,"ADE0420",23,422,208,214
36,"ADE0421A",23,17,3,14
36,"UNI0422A",23,236,74,162
36,"UNI0422",23,47,12,35
36,"UNI0425A",23,138,68,70
36,"UNI0425",23,27,8,19
36,"UNI0430A",23,131,28,103
36,"UNI0430",23,40,12,28
36,"HE20434A",23,915,500,415
36,"HE20434",23,366,157,209
36,"HE20435A",23,727,341,386
36,"HE20435",23,185,73,112
36,"HE10436A",23,573,249,324
36,"HE10436",23,212,58,154
36,"HE20437A",23,56,31,25
36,"HE20437",23,26,14,12
36,"HE20438A",23,181,82,99
36,"HE20438",23,45,13,32
36,"UNI0440A",23,30,2,28
36,"UNI0440",23,10,1,9
36,"UNI0441A",23,237,101,136
36,"UNI0441",23,56,26,30
36,"VI40442A",23,211,88,123
36,"VI40442",23,57,20,37
36,"HE20443A",23,47,18,29
36,"HE20443",23,16,2,14
36,"HE20444A",23,367,184,183
36,"HE20444",23,124,41,83
36,"HE40446A",23,857,433,424
36,"HE40446",23,484,146,338
36,"HE40447A",23,162,81,81
36,"HE40448A",23,478,205,273
36,"HE40448",23,47,13,34
36,"HE40449A",23,19,3,16
36,"HE40449",23,11,2,9
36,"HE40450A",23,72,23,49
36,"HE40450",23,19,1,18
36,"HE40451A",23,327,100,227
36,"HE40451",23,75,20,55
36,"HE40453A",23,960,303,657
36,"HE40453",23,198,44,154
36,"UNI0454A",23,1192,278,914
36,"UNI0454",23,274,58,216
36,"UNI0456A",23,110,21,89
36,"UNI0456",23,41,12,29
36,"UNI0457A",23,205,54,151
36,"UNI0457",23,49,2,47
36,"HE10458A",23,410,162,248
36,"HE10458",23,105,46,59
36,"HE10459A",23,609,282,327
36,"HE10459",23,175,55,120
36,"HE20460A",23,739,407,332
36,"HE20460",23,237,108,129
36,"HE10461A",23,904,405,499
36,"HE10461",23,371,145,226
36,"HE40462A",23,212,113,99
36,"HE40462",23,81,31,50
36,"HE20463A",23,107,53,54
36,"HE20463",23,25,6,19
36,"HE30468A",23,307,135,172
36,"HE30468",23,114,32,82
36,"HE30469A",23,623,217,406
36,"HE30469",23,197,47,150
36,"HE30470A",23,878,318,560
36,"HE30470",23,218,64,154
36,"HE30471A",23,941,389,552
36,"HE30471",23,319,95,224
36,"HE30472A",23,1133,484,649
36,"HE30472",23,294,84,210
36,"HE50473A",23,725,367,358
36,"HE50473",23,243,119,124
36,"HE50474A",23,26,11,15
36,"HE50474",23,13,5,8
36,"HE50475A",23,36,11,25
36,"HE50476A",23,183,46,137
36,"HE50476",23,32,4,28
36,"HE30477A",23,313,109,204
36,"HE30477",23,93,19,74
36,"HE50478A",23,200,51,149
36,"HE50478",23,47,15,32
36,"HE50479A",23,856,280,576
36,"HE50479",23,226,55,171
36,"HE50481A",23,28,13,15
36,"HE50482A",23,293,110,183
36,"HE50482",23,100,34,66
36,"HE40483A",23,164,86,78
36,"HE50484A",23,240,77,163
36,"HE50484",23,61,7,54
36,"HE50486A",23,70,27,43
36,"HE50486",23,27,5,22
36,"HE50487A",23,64,20,44
36,"HE50487",23,16,3,13
36,"HE50488A",23,718,238,480
36,"HE50488",23,207,36,171
36,"HE40489A",23,342,89,253
36,"HE40489",23,114,26,88
36,"HE50490A",23,99,36,63
36,"HE50490",23,26,3,23
36,"HE50492A",23,21,8,13
36,"HE50493A",23,364,112,252
36,"HE50493",23,93,32,61
36,"HE40494A",23,43,21,22
36,"UNI0495A",23,185,54,131
36,"UNI0495",23,49,13,36
36,"UNI0496A",23,142,51,91
36,"UNI0496",23,53,14,39
36,"UNI0497A",23,26,9,17
36,"UNI0497",23,13,5,8
36,"VI20499A",23,1825,1060,765
36,"VI20499",23,436,200,236
36,"HE20500A",23,21,9,12
36,"UNI0501A",23,707,189,518
36,"UNI0501",23,199,33,166
36,"UNI0502A",23,1197,355,842
36,"UNI0502",23,400,58,342
36,"UNI0507A",23,53,15,38
36,"UNI0508A",23,58,6,52
36,"UNI0515A",23,26,9,17
36,"UNI0522A",23,244,64,180
36,"UNI0522",23,72,19,53
36,"UNI0523A",23,508,191,317
36,"UNI0523",23,140,19,121
36,"UNI0524A",23,142,48,94
36,"UNI0524",23,31,3,28
36,"UNI0525A",23,1108,297,811
36,"UNI0525",23,272,36,236
36,"UNI0531A",23,32,9,23
36,"UNI0533A",23,54,20,34
36,"UNI0533",23,20,6,14
36,"UNI0534A",23,52,18,34
36,"UNI0534",23,14,6,8
36,"UNI0536A",23,58,23,35
36,"UNI0536",23,13,4,9
36,"UNI0537A",23,31,13,18
36,"UNI0539A",23,84,47,37
36,"UNI0539",23,23,4,19
36,"UNI0544A",23,389,180,209
36,"UNI0544",23,145,47,98
36,"UNI0547A",23,428,183,245
36,"UNI0547",23,128,32,96
36,"UNI0548",23,11,6,5
36,"UNI0550A",23,269,131,138
36,"UNI0550",23,83,31,52
36,"UNI0551A",23,43,21,22
36,"UNI0555A",23,68,25,43
36,"UNI0555",23,27,8,19
36,"UNI0561A",23,422,204,218
36,"UNI0561",23,142,52,90
36,"UNI0562A",23,43,19,24
36,"UNI0562",23,13,6,7
36,"UNI0563A",23,19,9,10
36,"UNI0564A",23,52,19,33
36,"UNI0564",23,17,11,6
36,"UNI0566A",23,456,183,273
36,"UNI0566",23,119,25,94
36,"UNI0569A",23,44,20,24
36,"UNI0569",23,10,6,4
36,"UNI0570A",23,64,10,54
36,"UNI0572A",23,32,12,20
36,"UNI0572",23,14,2,12
36,"UNI0573A",23,90,40,50
36,"UNI0573",23,35,9,26
36,"UNI0575A",23,16,5,11
36,"UNI0579A",23,698,289,409
36,"UNI0579",23,172,56,116
36,"UNI0591A",23,506,181,325
36,"UNI0591",23,110,34,76
36,"UNI0592A",23,141,53,88
36,"UNI0592",23,40,11,29
36,"UNI0593A",23,11,3,8
36,"UNI0595A",23,63,23,40
36,"UNI0595",23,35,7,28
36,"UNI0597A",23,12,8,4
36,"UNI0600A",23,203,71,132
36,"UNI0600",23,55,20,35
36,"UNI0601A",23,24,6,18
36,"UNI0602A",23,262,124,138
36,"UNI0602",23,70,21,49
36,"UNI0603A",23,44,23,21
36,"UNI0603",23,16,5,11
36,"UNI0605A",23,190,85,105
36,"UNI0605",23,68,15,53
36,"UNI0606A",23,12,5,7
36,"UNI0607A",23,38,11,27
36,"UNI0609A",23,283,117,166
36,"UNI0609",23,53,7,46
36,"UNI0611A",23,85,36,49
36,"UNI0611",23,22,8,14
36,"UNI0612A",23,120,30,90
36,"UNI0612",23,27,4,23
36,"UNI0615A",23,340,100,240
36,"UNI0615",23,81,15,66
36,"UNI0616A",23,43,14,29
36,"UNI0616",23,18,4,14
36,"UNI0617A",23,117,44,73
36,"UNI0617",23,15,3,12
36,"UNI0618A",23,735,273,462
36,"UNI0618",23,160,37,123
36,"UNI0619A",23,192,56,136
36,"UNI0619",23,25,4,21
36,"UNI0620A",23,295,104,191
36,"UNI0620",23,55,17,38
36,"UNI0624A",23,115,39,76
36,"UNI0624",23,27,6,21
36,"UNI0625A",23,214,83,131
36,"UNI0625",23,40,13,27
36,"UNI0626A",23,339,120,219
36,"UNI0626",23,102,28,74
36,"UNI0627A",23,183,61,122
36,"UNI0627",23,40,10,30
36,"UNI0629A",23,289,131,158
36,"UNI0629",23,97,36,61
36,"UNI0630A",23,258,94,164
36,"UNI0630",23,77,19,58
36,"UNI0635A",23,59,25,34
36,"UNI0635",23,14,5,9
36,"UNI0639A",23,724,277,447
36,"UNI0639",23,225,49,176
36,"UNI0641A",23,49,13,36
36,"UNI0655A",23,88,9,79
36,"BB10682A",23,82,15,67
36,"BB10682",23,13,2,11
36,"BB50683A",23,12,3,9
36,"BB50683",23,12,2,10
36,"BB50684A",23,64,28,36
36,"BB50684",23,15,3,12
36,"BB40685A",23,167,59,108
36,"BB40685",23,36,8,28
36,"BB20686A",23,106,38,68
36,"BB20686",23,22,5,17
36,"BB20687A",23,67,29,38
36,"BB20687",23,29,11,18
36,"BB10688A",23,120,52,68
36,"BB10688",23,18,4,14
36,"BB30689A",23,115,38,77
36,"BB30689",23,24,7,17
36,"BB40690A",23,163,70,93
36,"BB40690",23,33,10,23
36,"BB30691A",23,16,8,8
36,"BB30691",23,15,3,12
36,"BB50692A",23,200,87,113
36,"BB50692",23,38,9,29
36,"UNI0696A",23,284,123,161
36,"UNI0696",23,60,16,44
36,"UNI0697A",23,368,126,242
36,"UNI0697",23,98,21,77
36,"UNI0698A",23,11,6,5
36,"UNI0700A",23,56,22,34
36,"UNI0700",23,13,5,8
36,"UNI0701A",23,83,26,57
36,"UNI0701",23,20,5,15
36,"UNI0706A",23,340,141,199
36,"UNI0706",23,111,28,83
36,"UNI0707A",23,536,179,357
36,"UNI0707",23,135,23,112
36,"UNI0708A",23,407,179,228
36,"UNI0708",23,119,24,95
36,"UNI0710A",23,12,6,6
36,"UNI0711A",23,674,254,420
36,"UNI0711",23,233,50,183
36,"UNI0712A",23,229,66,163
36,"UNI0712",23,55,13,42
36,"UNI0721A",23,450,191,259
36,"UNI0721",23,123,33,90
36,"UNI0745A",23,27,10,17
36,"UNI0749A",23,119,38,81
36,"UNI0752A",23,33,12,21
36,"UNI0753A",23,18,2,16
36,"UNI0757A",23,23,1,22
36,"UNI0760A",23,1127,328,799
36,"UNI0760",23,227,33,194
36,"UNI0762A",28,1899,795,1104
36,"UNI0762",28,575,135,440
36,"UNI0764A",23,1961,550,1411
36,"UNI0764",23,509,78,431
36,"UNI0765A",23,1134,353,781
36,"UNI0765",23,274,57,217
36,"UNI0775A",28,110,28,82
36,"UNI0775",28,14,5,9
36,"UNI0776A",28,62,23,39
36,"UNI0786A",28,34,13,21
36,"UNI0790A",28,82,45,37
36,"UNI0790",28,35,7,28
36,"UNI0797A",28,252,84,168
36,"UNI0797",28,119,34,85
36,"UNI0806A",23,11,1,10
36,"UNI0807A",23,527,167,360
36,"UNI0807",23,96,16,80
36,"UNI0817A",23,26,6,20
36,"HI40824A",33,736,357,379
36,"HI40824",33,119,43,76
36,"HI40825A",33,813,449,364
36,"HI40825",33,160,66,94
36,"HI40826A",33,373,153,220
36,"HI40826",33,71,21,50
36,"HI40832A",33,375,202,173
36,"HI40832",33,79,35,44
36,"HI50835A",23,98,33,65
36,"HI50835",23,17,3,14
36,"HI50840A",33,673,379,294
36,"HI50840",33,128,58,70
36,"HI50841A",33,908,440,468
36,"HI50841",33,182,91,91
36,"HI50842A",33,1326,610,716
36,"HI50842",33,234,68,166
36,"HI50843A",33,72,42,30
36,"HI50843",33,20,10,10
36,"HI50844A",23,90,42,48
36,"HI50844",23,28,11,17
36,"HI50845A",33,41,25,16
36,"HI50845",33,10,1,9
36,"HI50846A",23,102,49,53
36,"HI50846",23,27,7,20
36,"UNI0847A",23,16,6,10
36,"UNI0848A",23,10,1,9
36,"UNI0850A",23,85,34,51
36,"UNI0851A",23,122,37,85
36,"UNI0852A",33,210,115,95
36,"UNI0852",33,53,19,34
36,"UNI0854A",23,53,11,42
36,"HI10857A",33,197,113,84
36,"HI10857",33,49,33,16
36,"HI10858A",33,344,247,97
36,"HI10858",33,99,59,40
36,"HI10859A",33,736,470,266
36,"HI10859",33,251,136,115
36,"HI20860A",33,281,177,104
36,"HI20860",33,100,47,53
36,"HI20861A",33,897,618,279
36,"HI20861",33,314,183,131
36,"HI20862A",33,124,71,53
36,"HI20862",33,37,20,17
36,"HI30864A",33,233,161,72
36,"HI30864",33,93,61,32
36,"HI30865A",33,669,418,251
36,"HI30865",33,222,126,96
36,"HI30866A",33,722,415,307
36,"HI30866",33,228,111,117
36,"HI40869A",33,1216,651,565
36,"HI40869",33,253,109,144
36,"UNI0871A",33,21,10,11
36,"RE40881A",33,57,34,23
36,"RE40883A",23,57,29,28
36,"RE40883",23,11,3,8
36,"UNI0885A",33,50,15,35
36,"UNI0886A",33,266,149,117
36,"UNI0886",33,84,24,60
36,"UNI0887A",23,37,11,26
36,"UNI0888A",23,40,18,22
36,"UNI0890A",23,45,17,28
36,"UNI0890",23,14,1,13
36,"YU10893A",23,870,283,587
36,"YU10893",23,260,67,193
36,"YU20895A",23,45,23,22
36,"YU20895",23,21,7,14
36,"YU20897A",23,103,42,61
36,"YU20897",23,33,11,22
36,"YU20902A",23,345,140,205
36,"YU20902",23,136,35,101
36,"YU10904A",23,1048,342,706
36,"YU10904",23,190,20,170
36,"YU20906A",23,1630,529,1101
36,"YU20906",23,354,75,279
36,"YU20907A",23,1282,388,894
36,"YU20907",23,258,48,210
36,"YU30908A",23,553,201,352
36,"YU30908",23,140,34,106
36,"YU40909A",23,230,76,154
36,"YU40909",23,47,10,37
36,"YU30910A",23,1028,379,649
36,"YU30910",23,274,67,207
36,"YU50911A",23,272,84,188
36,"YU50911",23,61,6,55
36,"YU50912A",23,1371,390,981
36,"YU50912",23,202,37,165
36,"YU50913A",23,181,43,138
36,"YU50913",23,46,10,36
36,"YU50914A",23,1402,468,934
36,"YU50914",23,344,60,284
36,"YU10918A",23,1489,469,1020
36,"YU10918",23,225,53,172
36,"YU10920A",23,197,51,146
36,"YU10920",23,31,1,30
36,"YU30921A",23,377,137,240
36,"YU30921",23,93,28,65
36,"YU30922A",23,392,156,236
36,"YU30922",23,102,33,69
36,"YU40923A",23,507,173,334
36,"YU40923",23,122,20,102
36,"YU40924A",23,201,87,114
36,"YU40924",23,70,20,50
36,"UNI0926A",23,56,15,41
36,"UNI0928A",23,29,9,20
36,"UNI0939A",23,183,54,129
36,"UNI0939",23,23,8,15
36,"YU10940A",23,1268,252,1016
36,"YU10940",23,156,18,138
36,"YU30942A",23,126,65,61
36,"YU30942",23,38,14,24
36,"YU40943A",23,99,44,55
36,"YU40943",23,35,8,27
36,"YU40944A",23,1194,300,894
36,"YU40944",23,228,35,193
36,"YU50946A",23,1114,244,870
36,"YU50946",23,175,19,156
36,"UNI0951A",28,81,41,40
36,"UNI0951",28,38,17,21
36,"UP20953A",28,153,76,77
36,"UP20953",28,28,4,24
36,"UP20954A",28,202,92,110
36,"UP20954",28,97,29,68
36,"UNI0956A",28,44,14,30
36,"UNI0956",28,12,4,8
36,"UNI0957A",28,12,2,10
36,"UNI0958A",28,1554,672,882
36,"UNI0958",28,378,108,270
36,"UP10959A",35,1596,845,751
36,"UP10959",35,323,96,227
36,"UP10960A",28,771,393,378
36,"UP10960",28,113,38,75
36,"UP10961A",28,90,34,56
36,"UP10961",28,18,8,10
36,"UP10962A",28,1418,737,681
36,"UP10962",28,273,110,163
36,"UP10963A",28,2813,1330,1483
36,"UP10963",28,470,154,316
36,"UP20964A",28,1013,420,593
36,"UP20964",28,123,37,86
36,"UP20965A",28,45,20,25
36,"UP20965",28,14,4,10
36,"UP20966A",28,821,333,488
36,"UP20966",28,172,47,125
36,"UP20967A",28,2117,1042,1075
36,"UP20967",28,335,131,204
36,"UP20968A",35,272,144,128
36,"UP20968",35,47,11,36
36,"UP20969A",35,126,74,52
36,"UP20969",35,11,5,6
36,"UNI0970A",28,31,6,25
36,"UNI0978A",28,61,30,31
36,"RIA0987",33,31,19,12
36,"UNI0991A",33,634,352,282
36,"UNI0991",33,203,74,129
36,"UNI0993A",33,153,97,56
36,"UNI0993",33,53,26,27
36,"UNI0994A",33,308,192,116
36,"UNI0994",33,52,29,23
36,"UNI0996A",33,286,179,107
36,"UNI0996",33,83,44,39
36,"UNI1006A",33,2137,1144,993
36,"UNI1006",33,597,209,388
36,"UNI1009A",33,16,7,9
36,"FO11014A",33,765,346,419
36,"FO11014",33,130,33,97
36,"FO11015A",33,1768,986,782
36,"FO11015",33,352,166,186
36,"FO11016A",33,1174,640,534
36,"FO11016",33,179,68,111
36,"FO11017A",33,392,199,193
36,"FO11017",33,48,15,33
36,"FO11018A",33,1227,663,564
36,"FO11018",33,127,56,71
36,"FO11019A",33,25,9,16
36,"FO11020A",33,956,568,388
36,"FO11020",33,213,120,93
36,"FO21023A",33,1994,1214,780
36,"FO21023",33,442,200,242
36,"FO11024A",33,190,107,83
36,"FO11024",33,50,19,31
36,"FO21025A",33,794,450,344
36,"FO21025",33,167,59,108
36,"FO21026A",33,550,343,207
36,"FO21026",33,102,57,45
36,"FO21027A",33,1810,1093,717
36,"FO21027",33,319,151,168
36,"FO21028A",33,696,406,290
36,"FO21028",33,158,78,80
36,"CO41030A",33,1007,622,385
36,"CO41030",33,263,133,130
36,"CO41031A",23,893,441,452
36,"CO41031",23,224,85,139
36,"CO41033A",33,211,155,56
36,"CO41033",33,99,55,44
36,"GRA1034A",33,23,10,13
36,"SB31036A",33,562,330,232
36,"SB31036",33,100,50,50
36,"UNI1037A",23,22,6,16
36,"UNI1038A",23,98,44,54
36,"UNI1038",23,24,9,15
36,"GRA1043A",33,40,17,23
36,"GRA1044A",33,2181,1170,1011
36,"GRA1044",33,484,222,262
36,"GRA1045A",33,223,118,105
36,"GRA1045",33,60,23,37
36,"GRA1046A",33,1976,1050,926
36,"GRA1046",33,476,184,292
36,"CO11055A",33,388,253,135
36,"CO11055",33,75,50,25
36,"CO21056A",33,753,494,259
36,"CO21056",33,206,133,73
36,"CO11057A",33,557,386,171
36,"CO11057",33,132,84,48
36,"CO21058A",33,706,532,174
36,"CO21058",33,277,174,103
36,"CO21059A",33,761,536,225
36,"CO21059",33,236,143,93
36,"CO31060A",33,526,393,133
36,"CO31060",33,169,109,60
36,"CO31061A",33,1012,671,341
36,"CO31061",33,325,200,125
36,"CO31063A",33,56,35,21
36,"CO31063",33,15,7,8
36,"CO31064A",33,308,206,102
36,"CO31064",33,78,42,36
36,"SB31071A",33,205,125,80
36,"SB31071",33,48,22,26
36,"UNI1076A",33,471,287,184
36,"UNI1076",33,155,90,65
36,"CO31078A",33,680,376,304
36,"CO31078",33,182,89,93
36,"FO21080A",33,44,24,20
36,"RIA1083A",33,712,521,191
36,"RIA1083",33,192,116,76
36,"CO11084A",33,1267,907,360
36,"CO11084",33,295,193,102
36,"CO11086A",33,276,188,88
36,"CO11086",33,68,47,21
36,"CO21087A",33,17,10,7
36,"FO21088A",33,407,220,187
36,"FO21088",33,50,25,25
36,"RIA1090A",33,273,149,124
36,"RIA1090",33,70,26,44
36,"RIA1091A",33,1619,969,650
36,"RIA1091",33,402,174,228
36,"RIA1092A",33,729,468,261
36,"RIA1092",33,170,84,86
36,"RIA1093A",33,841,592,249
36,"RIA1093",33,178,103,75
36,"RIA1094A",33,827,572,255
36,"RIA1094",33,206,110,96
36,"RIA1095A",33,2023,1338,685
36,"RIA1095",33,476,252,224
36,"RIA1096A",33,448,318,130
36,"RIA1096",33,102,62,40
36,"RIA1097A",33,926,667,259
36,"RIA1097",33,278,177,101
36,"RIA1098A",33,105,78,27
36,"RIA1098",33,34,25,9
36,"RIA1099A",33,126,90,36
36,"RIA1099",33,44,31,13
36,"RIA1100",33,34,17,17
36,"RIA1101A",33,994,709,285
36,"RIA1101",33,251,157,94
36,"RIA1102A",33,788,548,240
36,"RIA1102",33,211,129,82
36,"RIA1103A",33,629,452,177
36,"RIA1103",33,140,77,63
36,"RIA1104A",33,584,400,184
36,"RIA1104",33,98,67,31
36,"RIA1105A",33,973,739,234
36,"RIA1105",33,304,188,116
36,"RIA1106A",33,853,599,254
36,"RIA1106",33,188,113,75
36,"RIA1107A",33,853,587,266
36,"RIA1107",33,162,96,66
36,"SB31110A",33,243,176,67
36,"SB31110",33,70,44,26
36,"SB31111A",33,651,459,192
36,"SB31111",33,177,106,71
36,"SB31112A",33,285,181,104
36,"SB31112",33,68,45,23
36,"SB31113A",33,179,120,59
36,"SB31113",33,49,28,21
36,"SB61115A",33,154,112,42
36,"SB61115",33,32,18,14
36,"UNI1120A",33,105,68,37
36,"UNI1120",33,21,15,6
36,"UNI1121A",33,215,139,76
36,"UNI1121",33,73,40,33
36,"UNI1122A",33,98,72,26
36,"UNI1122",33,34,13,21
36,"SB11130A",33,376,286,90
36,"SB11130",33,95,66,29
36,"SB11131A",33,442,322,120
36,"SB11131",33,132,78,54
36,"SB11132A",33,912,713,199
36,"SB11132",33,316,202,114
36,"SB11133A",33,450,311,139
36,"SB11133",33,108,60,48
36,"SB11134A",33,154,108,46
36,"SB11134",33,43,23,20
36,"SB31135A",33,68,36,32
36,"SB31135",33,17,9,8
36,"SB31136A",33,39,16,23
36,"SB31136",33,10,5,5
36,"SB31140A",33,958,679,279
36,"SB31140",33,316,196,120
36,"SB61141A",33,356,249,107
36,"SB61141",33,108,67,41
36,"SB61144A",33,488,360,128
36,"SB61144",33,148,96,52
36,"SB61145A",33,1066,864,202
36,"SB61145",33,322,210,112
36,"SB61146A",33,59,55,4
36,"SB61147A",33,182,149,33
36,"SB61147",33,71,44,27
36,"UNI1148A",33,641,425,216
36,"UNI1148",33,270,160,110
36,"UNI1149A",33,608,421,187
36,"UNI1149",33,236,151,85
36,"RC11152A",28,191,78,113
36,"RC11152",28,39,8,31
36,"RC11153A",28,180,71,109
36,"RC11153",28,25,8,17
36,"RC11154A",28,170,63,107
36,"RC11154",28,47,14,33
36,"RC11155A",28,604,273,331
36,"RC11155",28,209,71,138
36,"RC11156A",33,1145,564,581
36,"RC11156",33,237,77,160
36,"RC11157A",33,99,51,48
36,"RC11157",33,32,15,17
36,"RC11158A",28,642,300,342
36,"RC11158",28,122,31,91
36,"RC11160A",33,372,182,190
36,"RC11160",33,77,25,52
36,"RC11161A",33,1069,543,526
36,"RC11161",33,239,80,159
36,"RC11162A",35,29,16,13
36,"RC11163A",28,242,124,118
36,"RC11163",28,45,17,28
36,"RC21164A",35,255,142,113
36,"RC21164",35,51,21,30
36,"RC21165A",35,901,507,394
36,"RC21165",35,223,120,103
36,"RC21166A",35,1149,646,503
36,"RC21166",35,212,99,113
36,"RC21168A",35,127,87,40
36,"RC21168",35,19,13,6
36,"RC21171A",35,777,507,270
36,"RC21171",35,199,121,78
36,"RC21172A",35,1105,682,423
36,"RC21172",35,232,97,135
36,"RC21173A",35,38,31,7
36,"RC21174A",35,163,113,50
36,"RC21174",35,62,31,31
36,"RC11180A",33,482,208,274
36,"RC11180",33,100,36,64
36,"RC11181A",33,313,143,170
36,"RC11181",33,52,24,28
36,"RC11182A",33,1114,551,563
36,"RC11182",33,280,131,149
36,"RC41183A",33,1126,519,607
36,"RC41183",33,226,87,139
36,"RC11184A",33,319,154,165
36,"RC11184",33,85,38,47
36,"RC21185",33,15,9,6
36,"RC21187A",35,32,17,15
36,"RC21188A",35,583,366,217
36,"RC21188",35,134,32,102
36,"RC21189A",35,264,151,113
36,"RC21189",35,70,42,28
36,"RC11192A",33,280,175,105
36,"RC11192",33,50,31,19
36,"RC11193A",33,548,300,248
36,"RC11193",33,89,44,45
36,"RC21194A",33,487,284,203
36,"RC21194",33,101,42,59
36,"RC21195A",33,671,367,304
36,"RC21195",33,150,52,98
36,"RC21196A",33,268,139,129
36,"RC21196",33,46,14,32
36,"RC21197A",33,179,113,66
36,"RC21197",33,37,16,21
36,"RC41198A",33,979,519,460
36,"RC41198",33,236,97,139
36,"RC41199A",33,127,75,52
36,"RC41199",33,23,8,15
36,"RC21201A",35,1140,652,488
36,"RC21201",35,275,141,134
36,"RC21202A",35,292,178,114
36,"RC21202",35,99,52,47
36,"RC21203A",35,294,180,114
36,"RC21203",35,86,52,34
36,"RC41205A",33,243,115,128
36,"RC41205",33,31,13,18
36,"RC41206A",33,1220,615,605
36,"RC41206",33,200,69,131
36,"RC31207A",33,1031,582,449
36,"RC31207",33,207,87,120
36,"RC31208A",33,1197,779,418
36,"RC31208",33,276,152,124
36,"RC31209A",33,1117,684,433
36,"RC31209",33,226,102,124
36,"RC31211A",33,2497,1301,1196
36,"RC31211",33,400,151,249
36,"RC31212A",33,1122,728,394
36,"RC31212",33,272,152,120
36,"RC31213A",33,460,254,206
36,"RC31213",33,158,47,111
36,"RC31214A",33,1427,876,551
36,"RC31214",33,219,96,123
36,"RC31215A",33,1656,864,792
36,"RC31215",33,323,120,203
36,"RC31216A",33,2348,1274,1074
36,"RC31216",33,400,148,252
36,"RC41217A",33,1339,636,703
36,"RC41217",33,170,61,109
36,"RC31218A",33,114,79,35
36,"RC31218",33,63,35,28
36,"RC11222A",28,415,206,209
36,"RC11222",28,94,35,59
36,"RC11223A",28,219,111,108
36,"RC11223",28,56,20,36
36,"RC41224A",28,494,297,197
36,"RC41224",28,151,68,83
36,"RC41225A",28,855,330,525
36,"RC41225",28,152,53,99
36,"RC41226A",28,1170,619,551
36,"RC41226",28,193,45,148
36,"RC41227A",33,1425,630,795
36,"RC41227",33,271,91,180
36,"RC41230A",33,1541,805,736
36,"RC41230",33,304,149,155
36,"RC41231A",33,1115,528,587
36,"RC41231",33,211,75,136
36,"RC41232A",28,1175,576,599
36,"RC41232",28,241,70,171
36,"RC41233A",33,622,394,228
36,"RC41233",33,155,79,76
36,"RC41234A",28,180,83,97
36,"RC41234",28,99,39,60
36,"RC41235A",33,634,318,316
36,"RC41235",33,128,46,82
36,"RC41236A",33,433,245,188
36,"RC41236",33,94,32,62
36,"RC41237A",33,415,236,179
36,"RC41237",33,59,16,43
36,"RC41238A",33,313,147,166
36,"RC41238",33,65,27,38
36,"RC41239A",33,1586,800,786
36,"RC41239",33,305,127,178
36,"RC21240A",35,19,7,12
36,"RC11242A",28,30,6,24
36,"RC11242",28,9,3,6
36,"SB51243A",23,292,158,134
36,"SB51243",23,63,30,33
36,"SB51244A",23,369,158,211
36,"SB51244",23,56,22,34
36,"SB51245A",33,823,464,359
36,"SB51245",33,202,92,110
36,"LL51246A",23,542,323,219
36,"LL51246",23,76,36,40
36,"LL51248A",23,13,4,9
36,"SB31249A",33,244,160,84
36,"SB31249",33,70,44,26
36,"LL41251A",23,1435,695,740
36,"LL41251",23,291,102,189
36,"LL51252A",23,513,236,277
36,"LL51252",23,118,45,73
36,"LL51253A",23,139,52,87
36,"LL51253",23,30,14,16
36,"RE11254A",23,323,208,115
36,"RE11254",23,60,26,34
36,"RE51255A",23,980,444,536
36,"RE51255",23,116,35,81
36,"RE51256A",23,467,203,264
36,"RE51256",23,82,25,57
36,"RE41257A",23,98,64,34
36,"RE41257",23,18,7,11
36,"RE51258A",23,26,10,16
36,"RE51259A",23,1930,859,1071
36,"RE51259",23,253,91,162
36,"RE51260A",23,1610,952,658
36,"RE51260",23,225,73,152
36,"RE51261A",23,785,361,424
36,"RE51261",23,122,37,85
36,"RE51262A",23,425,166,259
36,"RE51262",23,61,17,44
36,"RE51263A",23,983,392,591
36,"RE51263",23,147,41,106
36,"UNI1266A",23,27,11,16
36,"LL41267A",23,241,152,89
36,"LL41267",23,60,28,32
36,"LL21268A",23,1220,724,496
36,"LL21268",23,308,133,175
36,"RE11269A",23,1662,1005,657
36,"RE11269",23,466,214,252
36,"RE11270A",23,2441,1429,1012
36,"RE11270",23,549,232,317
36,"RE11271A",33,12,6,6
36,"RE21272A",23,45,24,21
36,"RE21272",23,29,14,15
36,"RE21273A",33,744,505,239
36,"RE21273",33,213,98,115
36,"RE21274A",33,804,521,283
36,"RE21274",33,253,137,116
36,"RE41275A",33,38,25,13
36,"RE41275",33,17,7,10
36,"RE41276A",33,97,55,42
36,"RE41276",33,33,12,21
36,"UNI1278A",33,254,176,78
36,"UNI1278",33,84,52,32
36,"LL31279A",23,464,274,190
36,"LL31279",23,137,68,69
36,"LL51280A",23,295,176,119
36,"LL51280",23,60,34,26
36,"RE21287A",33,928,557,371
36,"RE21287",33,196,94,102
36,"RE21294A",33,716,410,306
36,"RE21294",33,196,102,94
36,"RE21295A",33,231,147,84
36,"RE21295",33,81,44,37
36,"RE31296A",33,1466,835,631
36,"RE31296",33,257,101,156
36,"RE31301A",33,675,394,281
36,"RE31301",33,195,92,103
36,"RE31302A",33,867,452,415
36,"RE31302",33,141,67,74
36,"RE31303A",33,161,98,63
36,"RE31303",33,32,14,18
36,"UNI1306A",33,16,7,9
36,"UNI1307A",33,143,64,79
36,"UNI1307",33,40,17,23
36,"RE41308A",33,1267,664,603
36,"RE41308",33,264,109,155
36,"RE31309A",33,1200,728,472
36,"RE31309",33,265,89,176
36,"RE41311A",23,1451,618,833
36,"RE41311",23,226,54,172
36,"RE41319A",23,48,20,28
36,"RE41323A",33,464,319,145
36,"RE41323",33,159,89,70
36,"RE41324A",23,736,369,367
36,"RE41324",23,133,48,85
36,"RE51325A",23,19,12,7
36,"UNI1328A",33,408,235,173
36,"UNI1328",33,135,44,91
36,"UNI1329A",23,12,1,11
36,"UNI1330A",23,42,17,25
36,"SB11339A",33,79,58,21
36,"SB11339",33,22,13,9
36,"SB21344A",33,184,131,53
36,"SB21344",33,23,18,5
36,"SB21345A",33,341,224,117
36,"SB21345",33,87,46,41
36,"SB21346A",33,44,38,6
36,"SB21346",33,13,6,7
36,"SB21347A",33,218,136,82
36,"SB21347",33,58,40,18
36,"SB21349A",33,34,26,8
36,"SB21349",33,10,7,3
36,"SB21350A",33,38,30,8
36,"SB41352A",33,756,405,351
36,"SB41352",33,183,81,102
36,"SB41354A",33,67,47,20
36,"SB41354",33,23,5,18
36,"SB41356A",33,102,63,39
36,"SB41356",33,36,20,16
36,"SB41357A",33,8,7,1
36,"SB41359A",23,121,58,63
36,"SB41359",23,13,6,7
36,"SB41360A",23,86,43,43
36,"SB41360",23,9,5,4
36,"SB41362A",33,168,88,80
36,"SB41362",33,32,17,15
36,"SB41363A",33,679,418,261
36,"SB41363",33,94,52,42
36,"SB41364A",33,267,163,104
36,"SB41364",33,75,37,38
36,"SB41365A",33,38,16,22
36,"SB71366A",33,91,60,31
36,"SB71366",33,56,36,20
36,"SB41367A",33,1201,634,567
36,"SB41367",33,290,129,161
36,"SB41368A",33,55,32,23
36,"SB41369A",33,119,59,60
36,"SB41369",33,11,5,6
36,"SB41370A",23,61,19,42
36,"SB71371A",33,116,78,38
36,"SB71371",33,34,20,14
36,"SB71372A",33,347,200,147
36,"SB71372",33,75,43,32
36,"SB71373A",33,767,486,281
36,"SB71373",33,202,111,91
36,"SB71374A",33,633,369,264
36,"SB71374",33,149,62,87
36,"SB21375A",33,296,201,95
36,"SB21375",33,74,36,38
36,"SB21376A",33,140,101,39
36,"SB21376",33,27,11,16
36,"SB71377A",33,296,206,90
36,"SB71377",33,141,75,66
36,"UNI1379A",33,58,39,19
36,"UNI1379",33,12,9,3
36,"UNI1381A",33,418,270,148
36,"UNI1381",33,146,102,44
36,"UNI1382A",33,39,24,15
36,"UNI1382",33,10,6,4
36,"UNI1383A",33,783,474,309
36,"UNI1383",33,169,81,88
36,"UNI1384A",33,535,316,219
36,"UNI1384",33,140,76,64
36,"UNI1385A",33,55,42,13
36,"UNI1385",33,14,7,7
36,"UNI1386A",33,804,509,295
36,"UNI1386",33,245,93,152
36,"UNI1387A",23,291,148,143
36,"UNI1387",23,92,44,48
36,"RE51388A",23,42,11,31
36,"RE51388",23,9,4,5
36,"RE51389A",23,99,34,65
36,"RE51389",23,18,3,15
36,"SB31402A",33,459,295,164
36,"SB31402",33,110,57,53
36,"SB11403A",33,199,135,64
36,"SB11403",33,29,13,16
36,"SB11415A",33,44,29,15
36,"SB11415",33,10,1,9
36,"SB31416A",33,34,27,7
36,"SB11417A",33,164,115,49
36,"SB11417",33,36,22,14
36,"SB11419A",33,81,55,26
36,"SB11419",33,18,11,7
36,"SB61420A",33,11,10,1
36,"SB21427A",33,421,334,87
36,"SB21427",33,126,77,49
36,"SB21428A",33,372,263,109
36,"SB21428",33,121,83,38
36,"SB21429A",33,897,626,271
36,"SB21429",33,270,157,113
36,"SB21430",33,28,15,13
36,"SB21431A",33,429,294,135
36,"SB21431",33,127,55,72
36,"SB71432A",33,187,121,66
36,"SB71432",33,55,25,30
36,"SB31433A",33,23,18,5
36,"SB31433",33,11,7,4
36,"SB41437A",33,1412,831,581
36,"SB41437",33,305,148,157
36,"SB41438A",23,232,100,132
36,"SB41438",23,62,29,33
36,"SB41439A",33,481,298,183
36,"SB41439",33,139,76,63
36,"SB51440A",33,992,617,375
36,"SB51440",33,203,100,103
36,"SB51441A",33,769,462,307
36,"SB51441",33,173,96,77
36,"SB51442A",33,1700,1015,685
36,"SB51442",33,406,216,190
36,"SB51443A",33,770,528,242
36,"SB51443",33,248,149,99
36,"SB61444A",33,135,106,29
36,"SB61444",33,47,33,14
36,"SB61445A",33,324,244,80
36,"SB61445",33,132,87,45
36,"SB61446A",33,55,42,13
36,"SB61446",33,17,8,9
36,"SB61447A",33,26,23,3
36,"SB61447",33,10,8,2
36,"SB61448A",33,13,12,1
36,"SB71449A",33,860,513,347
36,"SB71449",33,245,109,136
36,"SB71450A",33,787,463,324
36,"SB71450",33,222,107,115
36,"SB71451A",33,1136,752,384
36,"SB71451",33,351,184,167
36,"UNI1452A",33,79,58,21
36,"UNI1452",33,18,11,7
36,"UNI1453A",33,553,312,241
36,"UNI1453",33,288,165,123
36,"RC11454A",28,1824,737,1087
36,"RC11454",28,359,99,260
36,"RC11455A",28,550,190,360
36,"RC11455",28,97,20,77
36,"RC11456A",28,161,61,100
36,"RC11456",28,30,10,20
36,"RC11457A",28,1803,672,1131
36,"RC11457",28,334,66,268
36,"RC11458A",28,1764,608,1156
36,"RC11458",28,302,79,223
36,"RC11459A",28,883,322,561
36,"RC11459",28,153,34,119
36,"RC11460A",28,568,217,351
36,"RC11460",28,80,26,54
36,"RC11461A",28,686,253,433
36,"RC11461",28,127,31,96
36,"RC11462A",28,295,148,147
36,"RC11462",28,87,38,49
36,"RC11463A",28,592,226,366
36,"RC11463",28,110,23,87
36,"RC11464A",28,564,262,302
36,"RC11464",28,116,37,79
36,"UNI1472A",33,501,261,240
36,"UNI1472",33,152,42,110
36,"UP21473A",35,36,15,21
36,"UP11474A",35,17,14,3
36,"UP11476A",35,1330,712,618
36,"UP11476",35,281,125,156
36,"UP21477A",35,548,281,267
36,"UP21477",35,90,27,63
36,"UP21478A",35,34,16,18
36,"UP21479A",35,252,118,134
36,"UP21479",35,46,18,28
36,"UP21480A",35,1172,611,561
36,"UP21480",35,228,108,120
36,"UP21481A",35,22,20,2
36,"UP31482A",35,14,8,6
36,"UP31483A",35,36,20,16
36,"UP31483",35,16,4,12
36,"UP41484A",35,601,402,199
36,"UP41484",35,177,94,83
36,"UP41485A",35,416,244,172
36,"UP41485",35,103,43,60
36,"UP31486A",35,186,113,73
36,"UP31486",35,69,26,43
36,"UP31488A",35,1030,582,448
36,"UP31488",35,261,125,136
36,"UP41489A",35,586,324,262
36,"UP41489",35,172,60,112
36,"UP31490A",35,1138,796,342
36,"UP31490",35,377,209,168
36,"UP31491A",35,1166,734,432
36,"UP31491",35,453,245,208
36,"UP41492A",35,704,405,299
36,"UP41492",35,223,135,88
36,"UP41493A",35,1135,649,486
36,"UP41493",35,306,149,157
36,"UP41494A",35,1033,676,357
36,"UP41494",35,307,153,154
36,"FO11497A",33,1954,1291,663
36,"FO11497",33,407,199,208
36,"FO11498A",33,516,303,213
36,"FO11498",33,106,48,58
36,"FO11499A",33,2034,1292,742
36,"FO11499",33,546,249,297
36,"FO11500A",33,1970,1183,787
36,"FO11500",33,333,152,181
36,"FO11501A",33,1242,674,568
36,"FO11501",33,215,96,119
36,"FO31503A",35,981,688,293
36,"FO31503",35,335,180,155
36,"FO31504A",35,998,686,312
36,"FO31504",35,237,126,111
36,"FO31505A",35,946,631,315
36,"FO31505",35,343,193,150
36,"FO11506A",33,1551,961,590
36,"FO11506",33,289,154,135
36,"FO11507A",33,1354,835,519
36,"FO11507",33,297,166,131
36,"FO11508A",33,315,215,100
36,"FO11508",33,93,40,53
36,"FO11509A",35,82,48,34
36,"FO11509",35,27,16,11
36,"FO21510A",33,893,566,327
36,"FO21510",33,231,104,127
36,"FO41511A",35,218,154,64
36,"FO41511",35,94,51,43
36,"FO21512A",35,599,395,204
36,"FO21512",35,207,117,90
36,"FO21513A",33,950,624,326
36,"FO21513",33,274,152,122
36,"FO31514A",35,1241,836,405
36,"FO31514",35,436,268,168
36,"FO21515A",33,513,335,178
36,"FO21515",33,160,76,84
36,"FO31517A",35,918,636,282
36,"FO31517",35,284,136,148
36,"FO31518A",35,1018,636,382
36,"FO31518",35,315,188,127
36,"FO41519A",35,407,284,123
36,"FO41519",35,99,61,38
36,"FO31520A",35,1090,711,379
36,"FO31520",35,315,181,134
36,"FO31521A",35,441,299,142
36,"FO31521",35,90,48,42
36,"FO31522A",35,156,87,69
36,"FO31522",35,86,45,41
36,"FO31523A",35,689,437,252
36,"FO31523",35,184,106,78
36,"FO31524A",35,19,13,6
36,"FO41526A",35,223,139,84
36,"FO41526",35,64,34,30
36,"FO41527A",35,346,219,127
36,"FO41527",35,108,50,58
36,"FO41528A",35,1413,876,537
36,"FO41528",35,347,184,163
36,"RIA1530A",33,227,157,70
36,"RIA1530",33,45,20,25
36,"RIA1538A",33,382,284,98
36,"RIA1538",33,102,59,43
36,"RIA1539A",33,337,227,110
36,"RIA1539",33,88,44,44
36,"RIA1540A",33,15,13,2
36,"RIA1542A",33,114,76,38
36,"RIA1542",33,41,16,25
36,"UNI1543A",33,117,66,51
36,"UNI1543",33,36,20,16
36,"UNI1544A",33,336,224,112
36,"UNI1544",33,114,71,43
36,"UNI1545A",33,595,388,207
36,"UNI1545",33,231,132,99
36,"UNI1546A",33,560,356,204
36,"UNI1546",33,157,85,72
36,"UNI1548A",33,95,57,38
36,"UNI1548",33,31,13,18
36,"UNI1549A",33,22,14,8
36,"UNI1550A",33,558,376,182
36,"UNI1550",33,221,144,77
36,"UNI1551A",33,182,102,80
36,"UNI1551",33,52,28,24
36,"UNI1553A",33,94,53,41
36,"UNI1553",33,40,22,18
36,"UNI1554A",33,431,272,159
36,"UNI1554",33,215,126,89
36,"UNI1555A",33,992,591,401
36,"UNI1555",33,354,184,170
36,"FO21558A",33,546,342,204
36,"FO21558",33,150,81,69
36,"FO41559A",35,760,525,235
36,"FO41559",35,193,103,90
36,"FO41560A",35,1748,1055,693
36,"FO41560",35,402,200,202
36,"FO21561A",33,541,328,213
36,"FO21561",33,136,71,65
36,"FO41562A",35,526,321,205
36,"FO41562",35,113,58,55
36,"FO41563A",35,1441,938,503
36,"FO41563",35,399,230,169
36,"FO21564A",33,609,398,211
36,"FO21564",33,208,108,100
36,"FO41565A",35,737,510,227
36,"FO41565",35,289,171,118
36,"FO41566A",35,231,135,96
36,"FO41566",35,73,35,38
36,"FO41567A",35,167,78,89
36,"FO41567",35,49,25,24
36,"RIA1568A",33,315,220,95
36,"RIA1568",33,77,49,28
36,"RIA1569A",33,211,150,61
36,"RIA1569",33,93,51,42
36,"RIA1570A",33,539,337,202
36,"RIA1570",33,115,65,50
36,"FO21571A",33,686,463,223
36,"FO21571",33,158,90,68
36,"RIA1577A",33,43,27,16
36,"RIA1577",33,12,7,5
36,"RIA1578A",33,1051,763,288
36,"RIA1578",33,271,173,98
36,"RIA1579A",33,657,469,188
36,"RIA1579",33,185,113,72
36,"RIA1580A",33,837,536,301
36,"RIA1580",33,274,162,112
36,"RIA1581A",33,361,242,119
36,"RIA1581",33,94,48,46
36,"RIA1582A",33,727,530,197
36,"RIA1582",33,231,138,93
36,"MON1585A",35,479,319,160
36,"MON1585",35,297,191,106
36,"MON1586A",35,1336,839,497
36,"MON1586",35,267,154,113
36,"MON1587A",35,1060,722,338
36,"MON1587",35,136,86,50
36,"MON1588A",35,1398,913,485
36,"MON1588",35,382,214,168
36,"MON1589A",35,799,540,259
36,"MON1589",35,228,138,90
36,"MON1590A",35,1319,803,516
36,"MON1590",35,365,185,180
36,"MON1591A",35,55,39,16
36,"MON1591",35,10,9,1
36,"MON1592A",35,576,340,236
36,"MON1592",35,89,48,41
36,"MON1593A",35,74,58,16
36,"MON1593",35,27,16,11
36,"ON21594A",35,11,6,5
36,"ON11595A",35,128,100,28
36,"ON11595",35,43,30,13
36,"ON21596A",35,416,240,176
36,"ON21596",35,124,70,54
36,"ON11597A",35,304,199,105
36,"ON11597",35,90,59,31
36,"ON11598A",35,788,462,326
36,"ON11598",35,208,104,104
36,"ON11599A",35,1053,571,482
36,"ON11599",35,234,102,132
36,"ON11602A",35,541,355,186
36,"ON11602",35,182,103,79
36,"ON11603A",35,936,570,366
36,"ON11603",35,243,139,104
36,"ON11604A",35,667,411,256
36,"ON11604",35,185,99,86
36,"ON11605A",35,119,82,37
36,"ON11605",35,50,36,14
36,"ON11607A",35,138,105,33
36,"ON11607",35,50,25,25
36,"UNI1608A",35,300,191,109
36,"UNI1608",35,113,77,36
36,"UNI1609A",35,262,153,109
36,"UNI1609",35,58,31,27
36,"UNI1610A",35,671,472,199
36,"UNI1610",35,203,127,76
36,"ON11612A",35,479,282,197
36,"ON11612",35,131,55,76
36,"ON11613A",35,278,187,91
36,"ON11613",35,79,41,38
36,"ON41614A",35,259,163,96
36,"ON41614",35,76,39,37
36,"ON41615A",35,301,197,104
36,"ON41615",35,94,54,40
36,"ON41616A",35,1221,867,354
36,"ON41616",35,261,154,107
36,"ON41617A",35,467,319,148
36,"ON41617",35,104,61,43
36,"ON41619A",35,216,166,50
36,"ON41619",35,63,45,18
36,"ON41620A",35,470,307,163
36,"ON41620",35,76,43,33
36,"ON41621A",35,561,368,193
36,"ON41621",35,107,62,45
36,"ON41623A",35,33,24,9
36,"ON41623",35,9,7,2
36,"ON41624A",35,124,84,40
36,"ON41624",35,22,16,6
36,"ON41625A",35,1441,916,525
36,"ON41625",35,303,152,151
36,"ON41626A",35,422,268,154
36,"ON41626",35,109,57,52
36,"ON41627A",35,454,314,140
36,"ON41627",35,110,61,49
36,"ON21633A",35,962,575,387
36,"ON21633",35,181,96,85
36,"ON21634A",35,671,451,220
36,"ON21634",35,169,86,83
36,"ON21635A",35,593,282,311
36,"ON21635",35,87,32,55
36,"ON21636A",35,916,603,313
36,"ON21636",35,220,133,87
36,"ON21637A",35,1063,761,302
36,"ON21637",35,263,162,101
36,"ON41639A",35,98,68,30
36,"ON41639",35,21,15,6
36,"ON41642A",35,1136,797,339
36,"ON41642",35,322,196,126
36,"ON31646A",35,979,580,399
36,"ON31646",35,246,119,127
36,"ON31647A",35,145,86,59
36,"ON31647",35,35,21,14
36,"ON31649A",35,1051,602,449
36,"ON31649",35,283,149,134
36,"ON31650A",35,235,144,91
36,"ON31650",35,70,35,35
36,"ON21651A",35,159,79,80
36,"ON21651",35,55,28,27
36,"ON21652A",35,123,65,58
36,"ON21652",35,25,10,15
36,"ON21653A",35,1005,595,410
36,"ON21653",35,281,156,125
36,"ON21654A",35,1134,700,434
36,"ON21654",35,274,167,107
36,"ON31655A",35,2377,1316,1061
36,"ON31655",35,413,180,233
36,"ON31656A",35,1543,915,628
36,"ON31656",35,282,141,141
36,"ON21657A",35,74,38,36
36,"ON21657",35,14,4,10
36,"ON21658A",35,390,225,165
36,"ON21658",35,77,31,46
36,"ON31659A",35,427,245,182
36,"ON31659",35,81,43,38
36,"ON31660A",35,922,560,362
36,"ON31660",35,251,137,114
36,"ON31661A",35,399,218,181
36,"ON31661",35,72,36,36
36,"CN11667A",35,911,514,397
36,"CN11667",35,258,122,136
36,"CN11668A",35,1119,636,483
36,"CN11668",35,265,129,136
36,"CN41669A",35,325,169,156
36,"CN41669",35,62,22,40
36,"CN41670A",35,383,221,162
36,"CN41670",35,83,35,48
36,"CN41671A",35,37,16,21
36,"CN41671",35,19,10,9
36,"CN41672A",35,332,181,151
36,"CN41672",35,64,33,31
36,"CN41673A",35,11,8,3
36,"CN11674A",35,136,87,49
36,"CN11674",35,46,18,28
36,"CN41676A",35,844,478,366
36,"CN41676",35,193,100,93
36,"CN11677A",35,331,196,135
36,"CN11677",35,63,24,39
36,"CN21678A",35,54,31,23
36,"CN21678",35,15,6,9
36,"CN21679A",35,839,386,453
36,"CN21679",35,189,70,119
36,"CN21680A",35,1471,779,692
36,"CN21680",35,271,118,153
36,"CN21681A",35,561,247,314
36,"CN21681",35,114,32,82
36,"CN21682A",35,780,407,373
36,"CN21682",35,171,52,119
36,"CN11683A",35,440,233,207
36,"CN11683",35,96,50,46
36,"CN31684A",35,2382,1162,1220
36,"CN31684",35,466,164,302
36,"CN21685A",35,656,289,367
36,"CN21685",35,105,39,66
36,"CN11686A",35,956,543,413
36,"CN11686",35,303,170,133
36,"CN21687A",35,492,238,254
36,"CN21687",35,106,57,49
36,"CN41689A",35,118,65,53
36,"CN41689",35,14,4,10
36,"CN41690A",35,48,29,19
36,"CN41690",35,13,6,7
36,"CN41691A",35,1621,810,811
36,"CN41691",35,329,139,190
36,"CN31692A",35,854,508,346
36,"CN31692",35,299,163,136
36,"CN31694A",35,2385,1318,1067
36,"CN31694",35,503,184,319
36,"ON31698A",35,1728,962,766
36,"ON31698",35,396,192,204
36,"ON31699A",35,1282,663,619
36,"ON31699",35,322,144,178
36,"ON31700A",35,30,5,25
36,"ON31701A",35,53,12,41
36,"ON31701",35,18,8,10
36,"ON21702A",35,100,49,51
36,"ON21702",35,12,8,4
36,"UNI1705A",35,858,346,512
36,"UNI1705",35,184,72,112
36,"UNI1706A",35,20,13,7
36,"UNI1707A",35,502,217,285
36,"UNI1707",35,150,64,86
36,"UNI1708A",35,42,18,24
36,"UNI1708",35,11,6,5
36,"UNI1710A",35,152,73,79
36,"UNI1710",35,51,26,25
36,"FO31718A",35,30,14,16
36,"FO31718",35,12,7,5
36,"UNI1719A",35,291,194,97
36,"UNI1719",35,113,63,50
36,"UNI1720A",35,401,274,127
36,"UNI1720",35,117,63,54
36,"UNI1721A",35,753,531,222
36,"UNI1721",35,229,126,103
36,"UNI1722A",35,559,374,185
36,"UNI1722",35,210,128,82
36,"CN41723A",35,225,95,130
36,"CN41723",35,36,9,27
36,"CH11725A",40,1101,362,739
36,"CH11725",40,206,57,149
36,"CH11726A",40,2287,968,1319
36,"CH11726",40,291,97,194
36,"CH11727A",40,1560,711,849
36,"CH11727",40,304,121,183
36,"CH21728A",40,13,9,4
36,"CH21729A",40,1323,556,767
36,"CH21729",40,183,72,111
36,"CH21730A",40,1228,521,707
36,"CH21730",40,165,41,124
36,"CH21731A",40,2053,988,1065
36,"CH21731",40,357,113,244
36,"CH31732A",35,1377,629,748
36,"CH31732",35,200,74,126
36,"CH31733A",40,1511,678,833
36,"CH31733",40,277,107,170
36,"CH31734A",40,1120,457,663
36,"CH31734",40,248,98,150
36,"CH51735A",35,1013,496,517
36,"CH51735",35,242,118,124
36,"CH41736A",35,995,498,497
36,"CH41736",35,152,69,83
36,"CH41737A",35,640,335,305
36,"CH41737",35,185,87,98
36,"CH41738A",35,640,309,331
36,"CH41738",35,115,48,67
36,"CH41739A",40,466,186,280
36,"CH41739",40,92,31,61
36,"CH51740A",40,2396,1021,1375
36,"CH51740",40,421,140,281
36,"CH51743A",40,393,167,226
36,"CH51743",40,65,26,39
36,"CH31744A",40,308,134,174
36,"CH31744",40,73,29,44
36,"SB11750A",33,102,69,33
36,"SB11750",33,31,24,7
36,"SB61751A",33,156,125,31
36,"SB61751",33,53,35,18
36,"SB11752A",33,158,110,48
36,"SB11752",33,69,45,24
36,"SB11753A",33,133,110,23
36,"SB11753",33,47,34,13
36,"SB31754A",33,100,75,25
36,"SB31754",33,32,15,17
36,"SB21756A",33,155,88,67
36,"SB21756",33,29,18,11
36,"SB71757A",33,327,205,122
36,"SB71757",33,94,46,48
36,"SB31758A",33,201,141,60
36,"SB31758",33,38,20,18
36,"SB61759A",33,215,160,55
36,"SB61759",33,68,41,27
36,"SB61760A",33,103,73,30
36,"SB61760",33,24,17,7
36,"SB41762A",33,76,54,22
36,"SB41762",33,16,9,7
36,"SB41763A",33,219,127,92
36,"SB41763",33,47,25,22
36,"SB41764A",33,39,29,10
36,"SB71765A",33,229,138,91
36,"SB71765",33,86,52,34
36,"SB41766A",33,363,186,177
36,"SB41766",33,67,34,33
36,"SB51768A",33,152,99,53
36,"SB51768",33,46,21,25
36,"SB71769A",33,56,36,20
36,"SB71769",33,9,7,2
36,"SB71770A",33,138,81,57
36,"SB71770",33,26,10,16
36,"SB51771A",33,49,29,20
36,"UNI1788A",23,53,9,44
36,"UNI1793A",23,12,5,7
36,"UNI1808A",23,10,2,8
36,"UP21812A",35,185,98,87
36,"UP21812",35,43,19,24
36,"UNI1816A",33,12,8,4
36,"SB41819A",23,116,56,60
36,"SB41819",23,27,7,20
36,"SB41820A",33,195,108,87
36,"SB41820",33,31,16,15
36,"UP21823A",35,111,49,62
36,"UP21823",35,20,8,12
36,"HI51840A",23,633,265,368
36,"HI51840",23,139,45,94
36,"HI51842A",23,73,22,51
36,"HI51842",23,9,5,4
36,"HI51843A",23,372,136,236
36,"HI51843",23,56,18,38
36,"UNI1848A",23,21,5,16
36,"UNI1849A",33,493,232,261
36,"UNI1849",33,115,46,69
36,"UNI1850A",23,325,115,210
36,"UNI1850",23,84,24,60
36,"UP11851A",28,562,286,276
36,"UP11851",28,110,51,59
36,"UP21852A",35,625,309,316
36,"UP21852",35,101,29,72
36,"CO41853A",23,391,242,149
36,"CO41853",23,76,41,35
36,"RC11855A",33,290,154,136
36,"RC11855",33,85,34,51
36,"RC11856A",28,395,229,166
36,"RC11856",28,82,31,51
36,"RC11857A",28,70,49,21
36,"RC11857",28,26,10,16
36,"RC11858A",33,13,8,5
36,"RC21859A",33,16,6,10
36,"RC11862",33,8,2,6
36,"RC21863A",35,589,343,246
36,"RC21863",35,198,90,108
36,"SB51864A",33,316,190,126
36,"SB51864",33,85,57,28
36,"SB51865A",33,1122,674,448
36,"SB51865",33,263,120,143
36,"SB51866A",33,620,312,308
36,"SB51866",33,90,31,59
36,"SB51868A",23,368,175,193
36,"SB51868",23,76,24,52
36,"RE21870A",33,75,55,20
36,"RE21870",33,9,5,4
36,"RE41872A",23,206,82,124
36,"RE41872",23,29,13,16
36,"RE41873A",23,298,139,159
36,"RE41873",23,60,19,41
36,"SB41879A",23,41,22,19
36,"SB41879",23,11,8,3
36,"SB41882A",23,21,7,14
36,"SB41883A",23,435,199,236
36,"SB41883",23,42,12,30
36,"UNI1885A",33,15,9,6
36,"SB41886A",33,655,402,253
36,"SB41886",33,216,115,101
36,"FO11888A",35,255,149,106
36,"FO11888",35,57,28,29
36,"FO41889A",33,275,181,94
36,"FO41889",33,74,44,30
36,"FO21890A",33,347,244,103
36,"FO21890",33,98,54,44
36,"FO41891A",33,51,38,13
36,"FO41891",33,11,7,4
36,"CH31892A",40,690,279,411
36,"CH31892",40,116,36,80
36,"CH31893A",40,48,24,24
36,"CH41894A",40,762,384,378
36,"CH41894",40,192,86,106
36,"CH41895A",35,173,73,100
36,"CH41895",35,24,11,13
36,"CH51897A",35,632,297,335
36,"CH51897",35,135,54,81
36,"SB41899A",23,9,7,2
36,"HI41922A",33,76,29,47
36,"HI41922",33,13,3,10
36,"HI41924A",33,50,28,22
36,"HI41924",33,22,5,17
36,"HI41925A",33,264,144,120
36,"HI41925",33,56,28,28
36,"CO41928A",33,197,125,72
36,"CO41928",33,75,50,25
36,"CO41929A",33,284,193,91
36,"CO41929",33,99,52,47
36,"FO31934A",35,578,394,184
36,"FO31934",35,144,77,67
36,"UNI1937A",23,15,10,5
36,"UNI1938A",23,191,93,98
36,"UNI1938",23,37,9,28
36,"UNI1939A",23,92,46,46
36,"UNI1939",23,14,5,9
36,"VI11940A",23,201,126,75
36,"VI11940",23,26,16,10
36,"VI11941A",23,353,213,140
36,"VI11941",23,134,61,73
36,"VI51943A",23,92,30,62
36,"HE21949A",23,167,58,109
36,"HE21949",23,49,13,36
36,"HE41952A",23,192,46,146
36,"HE41952",23,40,6,34
36,"HE41954A",23,120,44,76
36,"HE41954",23,33,12,21
36,"UNI1955A",23,27,5,22
36,"HI31964A",33,674,387,287
36,"HI31964",33,201,98,103
36,"RE11972A",23,119,35,84
36,"RE11972",23,15,4,11
36,"RE51973A",23,353,179,174
36,"RE51973",23,48,25,23
36,"RE51974A",23,409,219,190
36,"RE51974",23,65,25,40
36,"FO11979A",33,99,46,53
36,"FO11979",33,26,11,15
36,"FO21980A",33,387,247,140
36,"FO21980",33,112,68,44
36,"FO21981A",33,656,454,202
36,"FO21981",33,177,112,65
36,"FO21983A",33,521,364,157
36,"FO21983",33,129,62,67
36,"ON41984A",35,346,246,100
36,"ON41984",35,104,63,41
36,"CN31986A",35,1208,666,542
36,"CN31986",35,320,149,171
36,"CN41991A",35,1303,696,607
36,"CN41991",35,226,76,150
36,"UP21992A",28,16,8,8
36,"UP21993A",28,154,87,67
36,"UP21993",28,21,8,13
36,"UP21994A",35,15,4,11
36,"UP21995A",35,23,9,14
36,"RC21996A",35,266,125,141
36,"RC21996",35,58,24,34
36,"RC21998A",35,1020,677,343
36,"RC21998",35,320,185,135
36,"UNI2001A",35,10,9,1
36,"ON12003A",35,772,426,346
36,"ON12003",35,207,102,105
36,"ON12004A",35,440,283,157
36,"ON12004",35,82,41,41
36,"ON12005A",35,118,82,36
36,"ON12005",35,59,43,16
36,"ON12006A",35,20,12,8
36,"ON12006",35,13,7,6
36,"ON12007A",35,148,104,44
36,"ON12007",35,41,25,16
36,"ON22008A",35,845,552,293
36,"ON22008",35,206,110,96
36,"ON22009A",35,135,92,43
36,"ON22009",35,26,12,14
36,"ON22010A",35,637,369,268
36,"ON22010",35,177,96,81
36,"ON22011A",35,392,249,143
36,"ON22011",35,114,66,48
36,"ON22012A",35,489,222,267
36,"ON22012",35,77,30,47
36,"FO12013A",35,34,29,5
36,"UNI2014A",35,290,183,107
36,"UNI2014",35,99,53,46
36,"UNI2015A",35,445,294,151
36,"UNI2015",35,200,105,95
36,"UNI2016A",35,576,386,190
36,"UNI2016",35,175,91,84
36,"ON32017A",35,382,193,189
36,"ON32017",35,64,33,31
36,"ON32018A",35,494,282,212
36,"ON32018",35,80,27,53
36,"ON32019A",35,1094,606,488
36,"ON32019",35,252,127,125
36,"ON32020A",35,53,33,20
36,"ON32020",35,36,19,17
36,"CN22021A",35,38,25,13
36,"CN22021",35,11,5,6
36,"ON22022A",35,72,40,32
36,"ON22022",35,15,10,5
36,"CN22023A",35,538,269,269
36,"CN22023",35,112,44,68
36,"UP22024",35,27,12,15
36,"RIA2025A",33,694,445,249
36,"RIA2025",33,206,100,106
36,"RIA2026A",33,244,177,67
36,"RIA2026",33,58,36,22
36,"RIA2027A",33,24,8,16
36,"RIA2028A",33,579,412,167
36,"RIA2028",33,133,74,59
36,"BA42031A",23,27,20,7
36,"BA42032A",23,14,8,6
36,"BA42032",23,9,5,4
36,"BA12033A",23,91,26,65
36,"BA12033",23,42,11,31
36,"BA42034A",23,17,7,10
36,"BA42034",23,9,4,5
36,"BA12036A",23,149,71,78
36,"BA12036",23,63,22,41
36,"BA22037A",23,152,63,89
36,"BA22037",23,70,19,51
36,"BA22038A",23,26,15,11
36,"BB52040A",23,84,39,45
36,"BB52040",23,23,6,17
36,"BB32041A",23,24,8,16
36,"BB22042A",23,34,17,17
36,"BB22042",23,15,5,10
36,"BB42044A",23,52,15,37
36,"BB42044",23,13,3,10
36,"BB22045A",23,12,4,8
36,"BB32046A",23,24,10,14
36,"BB12048A",23,34,13,21
36,"BB12049A",23,23,10,13
36,"BB32050A",23,49,19,30
36,"CH22051A",40,10,4,6
36,"CH12052A",40,251,123,128
36,"CH12052",40,42,17,25
36,"CH22053A",40,362,208,154
36,"CH22053",40,59,23,36
36,"CH42055A",35,721,360,361
36,"CH42055",35,158,66,92
36,"CH32056A",35,241,107,134
36,"CH32056",35,17,5,12
36,"CH52057A",40,422,179,243
36,"CH52057",40,74,28,46
36,"CH32058A",40,574,212,362
36,"CH32058",40,74,14,60
36,"CH52059A",35,85,43,42
36,"CH52059",35,21,13,8
36,"CH42060A",35,50,23,27
36,"CH42060",35,9,4,5
36,"CN42061A",35,364,181,183
36,"CN42061",35,105,50,55
36,"CN12062A",35,125,54,71
36,"CN12062",35,31,8,23
36,"CN12063A",35,318,196,122
36,"CN12063",35,111,50,61
36,"CN22064A",35,293,133,160
36,"CN22064",35,55,23,32
36,"CN12065A",35,371,172,199
36,"CN12065",35,53,15,38
36,"CN12066A",35,207,101,106
36,"CN12066",35,36,26,10
36,"CO12068A",33,217,172,45
36,"CO12068",33,67,40,27
36,"CO22069A",33,215,150,65
36,"CO22069",33,48,24,24
36,"CO42073A",33,67,49,18
36,"CO42073",33,30,23,7
36,"CO22074A",33,24,21,3
36,"CO22074",33,31,15,16
36,"FO22075A",33,544,313,231
36,"FO22075",33,80,44,36
36,"FO22076A",33,638,397,241
36,"FO22076",33,171,88,83
36,"FO42077A",35,134,99,35
36,"FO42077",35,44,30,14
36,"FO32078A",35,270,198,72
36,"FO32078",35,114,79,35
36,"FO32080A",35,507,330,177
36,"FO32080",35,151,97,54
36,"FO32081A",35,500,351,149
36,"FO32081",35,132,74,58
36,"FO42082A",35,200,147,53
36,"FO42082",35,47,23,24
36,"FO42083A",33,406,267,139
36,"FO42083",33,133,69,64
36,"FO42084A",33,193,123,70
36,"FO42084",33,72,46,26
36,"HE22085A",23,54,18,36
36,"HE12086A",23,246,123,123
36,"HE12086",23,104,43,61
36,"HE22087A",23,26,15,11
36,"HE22088A",23,11,8,3
36,"HE22089A",23,12,9,3
36,"HE22090A",23,13,9,4
36,"HE42091A",23,219,72,147
36,"HE42091",23,25,4,21
36,"HE52092A",23,467,159,308
36,"HE52092",23,103,13,90
36,"HE22094A",23,38,14,24
36,"HE22094",23,17,5,12
36,"HE22095A",23,65,27,38
36,"HE22095",23,27,8,19
36,"HE12096A",23,286,141,145
36,"HE12096",23,92,40,52
36,"RC12099A",33,378,190,188
36,"RC12099",33,80,29,51
36,"RC22100A",33,383,204,179
36,"RC22100",33,81,33,48
36,"RE42101A",23,176,103,73
36,"RE42101",23,47,26,21
36,"RE42102A",23,937,538,399
36,"RE42102",23,141,48,93
36,"RE32105A",33,242,145,97
36,"RE32105",33,42,21,21
36,"RE32106A",33,336,188,148
36,"RE32106",33,66,23,43
36,"RE32107A",33,372,236,136
36,"RE32107",33,163,97,66
36,"RE52108A",23,80,38,42
36,"RE52108",23,21,2,19
36,"TP42110A",23,31,9,22
36,"TP42110",23,12,4,8
36,"TP12111A",23,117,55,62
36,"TP12111",23,40,17,23
36,"TP42113A",23,219,108,111
36,"TP42113",23,46,14,32
36,"TP52114A",23,24,12,12
36,"TP52114",23,16,7,9
36,"TP22115A",23,30,20,10
36,"TP52117A",23,199,93,106
36,"TP52117",23,37,12,25
36,"TP32125A",23,34,20,14
36,"TP32125",23,24,4,20
36,"TP22127",23,29,3,26
36,"TP52128A",23,15,5,10
36,"TP52128",23,18,4,14
36,"UP12129A",28,621,237,384
36,"UP12129",28,121,33,88
36,"UP42130A",35,344,169,175
36,"UP42130",35,70,20,50
36,"VI42132A",23,265,159,106
36,"VI42132",23,74,44,30
36,"VI12133A",23,510,277,233
36,"VI12133",23,168,93,75
36,"VI32134A",23,519,318,201
36,"VI32134",23,120,57,63
36,"VI32135A",23,54,29,25
36,"VI32135",23,23,14,9
36,"VI52137A",23,125,73,52
36,"VI52137",23,51,26,25
36,"VI22138A",23,153,91,62
36,"VI22138",23,48,20,28
36,"VI42139A",23,73,38,35
36,"VI42139",23,25,9,16
36,"VI22142A",23,899,490,409
36,"VI22142",23,236,99,137
36,"AP22145A",23,93,43,50
36,"AP22145",23,24,7,17
36,"AP22146A",23,182,54,128
36,"AP22146",23,56,19,37
36,"AP22147A",23,147,42,105
36,"AP22147",23,34,5,29
36,"AP12150A",23,1310,478,832
36,"AP12150",23,163,59,104
36,"AP32151A",23,541,237,304
36,"AP32151",23,137,34,103
36,"AP42152A",23,453,159,294
36,"AP42152",23,161,42,119
36,"AP32153A",23,34,15,19
36,"AP22154A",23,83,24,59
36,"YV22156A",23,37,17,20
36,"YV22156",23,10,3,7
36,"YV12157A",23,25,10,15
36,"YV22159A",23,17,9,8
36,"UNI2160A",23,75,41,34
36,"UNI2160",23,36,15,21
36,"BA22166A",23,230,106,124
36,"BA22166",23,115,22,93
36,"BA32171A",23,208,84,124
36,"BA32171",23,47,13,34
36,"UNI2173A",23,62,28,34
36,"UNI2173",23,13,9,4
36,"UNI2177A",23,15,9,6
36,"UNI2177",23,12,2,10
36,"TP12178A",23,135,60,75
36,"TP12178",23,22,4,18
36,"TP42179A",23,112,61,51
36,"TP42179",23,42,19,23
36,"TP52184A",23,51,16,35
36,"TP52184",23,19,3,16
36,"UNI2185A",23,16,13,3
36,"UNI2186A",23,20,9,11
36,"UNI2188A",23,133,60,73
36,"UNI2188",23,22,5,17
36,"UNI2195A",23,130,54,76
36,"UNI2195",23,23,7,16
36,"UNI2196A",23,33,20,13
36,"UNI2196",23,10,3,7
36,"UNI2197A",23,250,117,133
36,"UNI2197",23,45,14,31
36,"YV22200A",23,228,117,111
36,"YV22200",23,54,22,32
36,"YV42205A",23,407,160,247
36,"YV42205",23,58,20,38
36,"YV52207A",23,57,23,34
36,"YV52207",23,10,1,9
36,"YV52208A",23,61,23,38
36,"CN42215A",35,249,95,154
36,"CN42215",35,28,12,16
36,"UNI2216A",23,17,9,8
36,"UNI2218A",23,34,26,8
36,"UNI2219A",23,239,139,100
36,"UNI2219",23,40,18,22
36,"UNI2220A",23,348,202,146
36,"UNI2220",23,46,13,33
36,"UNI2221A",23,122,71,51
36,"UNI2221",23,19,12,7
36,"UNI2222A",23,242,140,102
36,"UNI2222",23,36,9,27
36,"YV22224A",23,69,21,48
36,"YV22224",23,34,4,30
36,"YV42225A",23,106,49,57
36,"YV42225",23,25,8,17
36,"YV12226A",23,224,105,119
36,"YV12226",23,60,15,45
36,"TP42228A",23,94,53,41
36,"TP42228",23,34,10,24
36,"TP12229A",23,23,8,15
36,"TP12229",23,23,11,12
36,"SB62243A",33,326,244,82
36,"SB62243",33,58,38,20
36,"SB62244A",33,104,66,38
36,"SB62244",33,34,26,8
36,"SB62245A",33,690,516,174
36,"SB62245",33,179,100,79
36,"RE52248A",23,25,5,20
36,"RIA2251A",33,11,9,2
36,"HE42266A",23,13,5,8
36,"HE42267A",23,12,4,8
36,"HE42267",23,10,4,6
36,"BA42272A",23,33,20,13
36,"BA42272",23,25,15,10
36,"BA42273A",23,42,29,13
36,"BA42275A",23,19,2,17
36,"BA32276A",23,30,14,16
36,"BB22280A",23,36,6,30
36,"BB22281A",23,14,7,7
36,"BB32283A",23,32,10,22
36,"UNI2287A",23,625,210,415
36,"UNI2287",23,149,48,101
36,"UNI2288A",23,49,17,32
36,"UNI2288",23,21,4,17
36,"UNI2292A",23,119,44,75
36,"UNI2292",23,41,9,32
36,"UNI2293A",23,72,30,42
36,"UNI2295A",23,325,146,179
36,"UNI2295",23,89,28,61
36,"UNI2296A",23,219,55,164
36,"UNI2296",23,55,9,46
36,"UNI2297A",23,142,31,111
36,"UNI2297",23,23,6,17
36,"UNI2298A",23,68,24,44
36,"UNI2298",23,17,4,13
36,"UNI2299A",23,116,29,87
36,"UNI2299",23,22,6,16
36,"BB32307A",23,80,23,57
36,"BB32307",23,21,4,17
36,"BB12308A",23,80,26,54
36,"BB12308",23,12,6,6
36,"RC22309A",33,557,256,301
36,"RC22309",33,130,49,81
36,"ON12311A",35,156,107,49
36,"ON12311",35,40,30,10
36,"CN12314A",35,109,41,68
36,"CN12314",35,17,2,15
36,"CN22315A",35,1258,606,652
36,"CN22315",35,210,70,140
36,"CN22316A",35,255,124,131
36,"CN22316",35,42,17,25
36,"CN22317A",35,418,215,203
36,"CN22317",35,107,58,49
36,"CN12319A",35,269,166,103
36,"CN12319",35,73,40,33
36,"ON32322A",35,24,5,19
36,"ON32322",35,11,5,6
36,"CN22323A",35,461,226,235
36,"CN22323",35,89,35,54
36,"UNI2324A",35,108,45,63
36,"UNI2324",35,24,10,14
36,"CH22325A",40,357,179,178
36,"CH22325",40,58,17,41
36,"CH22326A",40,364,156,208
36,"CH22326",40,58,22,36
36,"CH52327A",35,154,95,59
36,"CH52327",35,66,30,36
36,"CH42328A",35,272,184,88
36,"CH42328",35,95,57,38
36,"CH12329A",40,906,402,504
36,"CH12329",40,107,41,66
36,"FO42331A",35,150,105,45
36,"FO42331",35,40,25,15
36,"FO42332A",35,170,115,55
36,"FO42332",35,72,52,20
36,"FO22333A",35,107,73,34
36,"FO22333",35,35,14,21
36,"FO32334A",35,140,102,38
36,"FO32334",35,76,54,22
36,"FO22335A",33,632,403,229
36,"FO22335",33,170,75,95
36,"UNI2336A",35,19,16,3
36,"UNI2337A",35,483,329,154
36,"UNI2337",35,214,132,82
36,"FO22338A",33,135,95,40
36,"FO22338",33,47,30,17
36,"FO22339A",33,221,164,57
36,"FO22339",33,71,34,37
36,"FO32340A",35,88,71,17
36,"FO32340",35,32,19,13
36,"FO32341A",35,164,116,48
36,"FO32341",35,73,43,30
36,"TP22349A",23,50,22,28
36,"TP22349",23,13,2,11
36,"TP32350A",23,41,29,12
36,"UNI2352A",23,20,4,16
36,"YV32356A",23,11,4,7
36,"YV52357A",23,73,22,51
36,"YV52357",23,12,2,10
36,"UNI2358A",23,65,38,27
36,"UNI2359A",23,61,20,41
36,"UNI2359",23,11,2,9
36,"RIA2368A",33,160,117,43
36,"RIA2368",33,37,25,12
36,"RIA2369A",33,41,29,12
36,"RIA2370A",33,317,192,125
36,"RIA2370",33,71,40,31
36,"RIA2371A",33,110,79,31
36,"RIA2371",33,34,19,15
36,"RIA2372A",33,73,57,16
36,"RIA2372",33,29,16,13
36,"RIA2373A",33,50,39,11
36,"RIA2373",33,18,14,4
36,"SB32374A",33,44,24,20
36,"SB32374",33,10,6,4
36,"SB32375A",33,335,244,91
36,"SB32375",33,105,61,44
36,"RIA2377A",33,256,179,77
36,"RIA2377",33,83,45,38
36,"RIA2378A",33,351,229,122
36,"RIA2378",33,87,46,41
36,"RIA2379A",33,663,443,220
36,"RIA2379",33,180,123,57
36,"SB32380A",33,127,83,44
36,"SB32380",33,26,12,14
36,"UNI2383A",23,67,36,31
36,"UNI2383",23,20,7,13
36,"UNI2384A",23,19,14,5
36,"UNI2390A",23,131,51,80
36,"UNI2390",23,61,18,43
36,"UNI2394A",23,33,9,24
36,"UNI2395A",23,32,19,13
36,"UNI2396A",23,14,3,11
36,"UNI2399A",23,19,7,12
36,"UNI2400A",23,17,9,8
36,"UNI2409A",23,100,34,66
36,"UNI2409",23,49,13,36
36,"UNI2410A",23,84,23,61
36,"UNI2410",23,36,11,25
36,"UNI2416A",23,131,47,84
36,"UNI2416",23,71,16,55
36,"UNI2417A",23,57,16,41
36,"UNI2417",23,19,6,13
36,"UNI2421A",23,51,19,32
36,"UNI2422A",23,36,20,16
36,"UNI2422",23,10,4,6
36,"UNI2424A",23,60,27,33
36,"UNI2424",23,18,8,10
36,"UNI2433A",23,16,1,15
36,"UNI2436A",23,41,16,25
36,"UNI2444A",23,21,9,12
36,"UNI2445A",23,71,24,47
36,"UNI2445",23,18,3,15
36,"UNI2447A",23,10,3,7
36,"UNI2449A",23,145,63,82
36,"UNI2449",23,43,9,34
36,"UNI2450A",23,51,10,41
36,"UNI2450",23,14,2,12
36,"UNI2451A",23,71,25,46
36,"UNI2451",23,16,5,11
36,"UNI2452A",23,27,10,17
36,"UNI2452",23,12,5,7
36,"VI42454A",23,548,277,271
36,"VI42454",23,139,47,92
36,"VI52455A",23,655,342,313
36,"VI52455",23,177,94,83
36,"ADE2457A",23,659,395,264
36,"ADE2457",23,135,71,64
36,"ADE2458A",23,563,341,222
36,"ADE2458",23,160,92,68
36,"YU42464A",23,332,96,236
36,"YU42464",23,74,18,56
36,"VI22465A",23,244,112,132
36,"VI22465",23,66,28,38
36,"ADE2467A",23,51,25,26
36,"ADE2467",23,23,12,11
36,"ADE2468A",23,612,345,267
36,"ADE2468",23,129,60,69
36,"ADE2469A",23,621,393,228
36,"ADE2469",23,206,111,95
36,"ADE2470A",23,312,188,124
36,"ADE2470",23,99,43,56
36,"RC22471A",35,14,2,12
36,"RC22472A",35,181,91,90
36,"RC22472",35,44,20,24
36,"ON42473A",35,247,169,78
36,"ON42473",35,38,15,23
36,"ON42474A",35,224,153,71
36,"ON42474",35,126,69,57
36,"ON42475A",35,167,120,47
36,"ON42475",35,64,34,30
36,"RC42479A",33,44,25,19
36,"RC42479",33,10,2,8
36,"RC42480A",33,126,78,48
36,"RC42480",33,29,20,9
36,"RC32481A",33,759,447,312
36,"RC32481",33,166,62,104
36,"ON32482A",35,639,382,257
36,"ON32482",35,170,66,104
36,"ON32483A",35,396,226,170
36,"ON32483",35,110,56,54
36,"ON32484A",35,73,48,25
36,"ON32484",35,19,10,9
36,"ON32485A",35,293,181,112
36,"ON32485",35,79,38,41
36,"ON32486A",35,808,459,349
36,"ON32486",35,168,73,95
36,"ON32487A",35,149,83,66
36,"ON32487",35,26,5,21
36,"ON32488A",35,145,88,57
36,"ON32488",35,24,10,14
36,"ON32489A",35,400,234,166
36,"ON32489",35,101,51,50
36,"VI52490A",23,185,100,85
36,"VI52490",23,36,12,24
36,"VI52491A",23,222,139,83
36,"VI52491",23,74,37,37
36,"UNI2494A",23,80,38,42
36,"UNI2494",23,15,7,8
36,"UNI2503A",23,17,8,9
36,"UNI2506A",23,66,18,48
36,"UNI2506",23,24,4,20
36,"UNI2508A",23,17,5,12
36,"UNI2510A",23,9,4,5
36,"HE22519A",23,265,119,146
36,"HE22519",23,120,41,79
36,"HE42520A",23,241,93,148
36,"HE42520",23,43,11,32
36,"HE42521A",23,50,15,35
36,"HE42521",23,12,2,10
36,"HE32522A",23,242,100,142
36,"HE32522",23,81,30,51
36,"HE32523A",23,79,30,49
36,"HE32523",23,23,9,14
36,"HE52525A",23,301,104,197
36,"HE52525",23,108,24,84
36,"HE42526A",23,110,44,66
36,"HE42526",23,23,9,14
36,"HE52527A",23,483,155,328
36,"HE52527",23,115,25,90
36,"VI22528A",23,411,228,183
36,"VI22528",23,136,55,81
36,"UNI2529A",23,17,4,13
36,"HE42530A",23,245,103,142
36,"HE42530",23,86,24,62
36,"UP12535A",28,570,260,310
36,"UP12535",28,107,38,69
36,"UP22536A",28,483,201,282
36,"UP22536",28,101,33,68
36,"UP22537A",28,294,125,169
36,"UP22537",28,61,15,46
36,"UP22538A",28,23,11,12
36,"UP22539A",28,219,88,131
36,"UP22539",28,45,8,37
36,"UP32540A",35,181,105,76
36,"UP32540",35,49,20,29
36,"UP32541A",35,330,207,123
36,"UP32541",35,105,57,48
36,"UP32542A",35,188,98,90
36,"UP32542",35,41,24,17
36,"RC22545",35,14,4,10
36,"RC32546A",33,119,73,46
36,"RC32546",33,21,10,11
36,"UNI2547A",23,329,115,214
36,"UNI2547",23,95,23,72
36,"YV22548A",23,19,6,13
36,"YV12549A",23,332,154,178
36,"YV12549",23,62,14,48
36,"YV32550A",23,288,126,162
36,"YV32550",23,32,11,21
36,"YV32551A",23,153,62,91
36,"YV32551",23,21,8,13
36,"YV32552A",23,252,97,155
36,"YV32552",23,37,5,32
36,"YV32553A",23,27,14,13
36,"YV42554A",23,41,17,24
36,"YV42554",23,11,1,10
36,"YV52555A",23,275,119,156
36,"YV52555",23,71,25,46
36,"YV52556A",23,212,87,125
36,"YV52556",23,56,8,48
36,"YV52557A",23,12,8,4
36,"YV42558A",23,44,14,30
36,"YV42559A",23,17,8,9
36,"YV42560A",23,184,85,99
36,"YV42560",23,29,12,17
36,"YV12561A",23,160,84,76
36,"YV12561",23,47,20,27
36,"YV12562A",23,25,5,20
36,"UNI2564A",23,26,20,6
36,"UNI2565A",23,94,40,54
36,"UNI2565",23,23,9,14
36,"UNI2566A",23,23,13,10
36,"UNI2567",23,12,5,7
36,"UNI2568A",23,35,16,19
36,"UNI2569A",23,48,32,16
36,"UNI2573A",23,77,50,27
36,"UNI2573",23,27,15,12
36,"UNI2574A",23,12,4,8
36,"UNI2575A",23,27,18,9
36,"UNI2576",23,28,10,18
36,"UNI2577A",23,31,15,16
36,"UNI2578A",23,29,20,9
36,"YU22579A",23,179,75,104
36,"YU22579",23,31,5,26
36,"YU22580A",23,489,162,327
36,"YU22580",23,85,16,69
36,"YU22581A",23,81,27,54
36,"YU22581",23,22,3,19
36,"YU42584A",23,641,213,428
36,"YU42584",23,152,32,120
36,"YU42585A",23,483,168,315
36,"YU42585",23,120,19,101
36,"YU32586A",23,500,155,345
36,"YU32586",23,104,17,87
36,"YU42587A",23,159,60,99
36,"YU42587",23,37,13,24
36,"YU42588A",23,280,96,184
36,"YU42588",23,57,10,47
36,"YU52589A",23,454,134,320
36,"YU52589",23,69,18,51
36,"YU32590A",23,294,109,185
36,"YU32590",23,43,14,29
36,"FO32591A",35,13,6,7
36,"FO32592A",35,20,17,3
36,"ON12593A",35,465,320,145
36,"ON12593",35,124,68,56
36,"ON12594A",35,169,101,68
36,"ON12594",35,31,16,15
36,"ON12595A",35,706,413,293
36,"ON12595",35,163,82,81
36,"ON12596A",35,166,99,67
36,"ON12596",35,53,25,28
36,"ON42597A",35,292,210,82
36,"ON42597",35,33,23,10
36,"ON42598A",35,190,124,66
36,"ON42598",35,60,37,23
36,"UNI2605A",33,177,118,59
36,"UNI2605",33,48,18,30
36,"CO12609A",33,283,178,105
36,"CO12609",33,77,43,34
36,"SB32610A",33,70,42,28
36,"SB32610",33,10,8,2
36,"SB62612A",33,119,88,31
36,"SB62612",33,45,27,18
36,"SB62614",33,12,9,3
36,"RE32616A",33,77,38,39
36,"RE32616",33,17,8,9
36,"UNI2618A",33,57,23,34
36,"UNI2618",33,17,2,15
36,"UNI2619A",33,87,36,51
36,"UNI2619",33,32,12,20
36,"SB22621A",33,49,38,11
36,"SB22622A",33,72,49,23
36,"SB22622",33,15,10,5
36,"SB22625A",33,250,181,69
36,"SB22625",33,67,38,29
36,"UNI2626A",33,494,303,191
36,"UNI2626",33,139,83,56
36,"SB12628A",33,134,101,33
36,"SB12628",33,26,20,6
36,"SB32629A",33,79,56,23
36,"SB32629",33,11,7,4
36,"SB12630A",33,127,100,27
36,"SB12630",33,42,30,12
36,"SB62631A",33,285,215,70
36,"SB62631",33,62,40,22
36,"UNI2632A",33,182,130,52
36,"UNI2632",33,48,30,18
36,"UNI2634A",33,26,8,18
36,"UNI2634",33,8,5,3
36,"UP22639A",28,286,159,127
36,"UP22639",28,44,18,26
36,"MON2641A",35,742,512,230
36,"MON2641",35,150,88,62
36,"MON2642A",35,234,169,65
36,"MON2642",35,73,46,27
36,"MON2643A",35,268,186,82
36,"MON2643",35,66,41,25
36,"ON12644A",35,46,33,13
36,"ON12644",35,11,8,3
36,"ON42646A",35,107,64,43
36,"ON42646",35,36,22,14
36,"CN42647A",35,320,178,142
36,"CN42647",35,157,74,83
36,"CN42648A",35,240,126,114
36,"CN42648",35,45,16,29
36,"CN22649A",35,338,139,199
36,"CN22649",35,63,22,41
36,"CN42650A",35,859,526,333
36,"CN42650",35,178,91,87
36,"HI42653A",33,729,411,318
36,"HI42653",33,130,51,79
36,"HI52654A",33,34,12,22
36,"HI52655A",33,656,300,356
36,"HI52655",33,128,43,85
36,"HI12656A",33,165,117,48
36,"HI12656",33,57,29,28
36,"HI12657A",33,15,8,7
36,"HI22658A",33,65,49,16
36,"HI22658",33,17,12,5
36,"RE22659A",33,58,45,13
36,"RE22659",33,16,10,6
36,"LL22660A",23,282,175,107
36,"LL22660",23,81,46,35
36,"RE22661A",33,230,160,70
36,"RE22661",33,72,42,30
36,"SB22663A",33,27,18,9
36,"UNI2664A",33,37,14,23
36,"UNI2665A",23,23,9,14
36,"SB32666A",33,573,334,239
36,"SB32666",33,176,95,81
36,"SB22668A",33,86,55,31
36,"SB22668",33,51,28,23
36,"SB42670A",33,198,114,84
36,"SB42670",33,50,29,21
36,"HI42671",33,32,6,26
36,"HE12674A",23,500,254,246
36,"HE12674",23,160,64,96
36,"HE22675A",23,36,13,23
36,"HE22675",23,14,5,9
36,"HE42676A",23,26,3,23
36,"HE42676",23,11,1,10
36,"HE42677A",23,117,35,82
36,"HE42677",23,23,5,18
36,"HE42678A",23,336,113,223
36,"HE42678",23,78,26,52
36,"HE12679A",23,306,124,182
36,"HE12679",23,117,50,67
36,"HE12680A",23,400,188,212
36,"HE12680",23,144,46,98
36,"HE32683A",23,89,27,62
36,"HE32683",23,14,2,12
36,"HE32684A",23,147,58,89
36,"HE32684",23,52,10,42
36,"HE32686A",23,311,106,205
36,"HE32686",23,77,21,56
36,"HE32687A",23,144,59,85
36,"HE32687",23,44,15,29
36,"HE52693A",23,169,70,99
36,"HE52693",23,57,4,53
36,"HE22696A",23,62,42,20
36,"HE22696",23,19,5,14
36,"HE42697A",23,35,11,24
36,"UNI2699A",23,177,98,79
36,"UNI2699",23,56,11,45
36,"UNI2701A",23,120,49,71
36,"UNI2701",23,53,14,39
36,"UNI2702A",23,12,5,7
36,"UNI2706A",23,12,3,9
36,"UNI2707A",23,32,21,11
36,"UNI2709A",23,16,11,5
36,"UNI2710A",23,19,2,17
36,"UNI2715A",23,48,22,26
36,"UNI2715",23,11,4,7
36,"UNI2718A",23,22,9,13
36,"UNI2723A",23,14,11,3
36,"UNI2735A",23,37,12,25
36,"UNI2735",23,9,1,8
36,"UNI2737A",23,73,21,52
36,"UNI2737",23,32,12,20
36,"CN12757A",35,115,84,31
36,"CN12757",35,56,28,28
36,"CH22759A",40,326,152,174
36,"CH22759",40,35,8,27
36,"CH42760A",40,394,192,202
36,"CH42760",40,65,20,45
36,"CH52761A",40,63,21,42
36,"CH52761",40,10,6,4
36,"CH32762A",40,124,61,63
36,"CH32762",40,27,11,16
36,"CH32763A",40,422,183,239
36,"CH32763",40,64,12,52
36,"CH52764A",40,274,113,161
36,"CH52764",40,45,13,32
36,"CO42765",33,11,5,6
36,"LL32767A",23,405,212,193
36,"LL32767",23,75,25,50
36,"LL42768A",23,152,76,76
36,"LL42768",23,37,16,21
36,"LL32769A",23,168,74,94
36,"LL32769",23,26,8,18
36,"LL32771A",23,246,145,101
36,"LL32771",23,72,38,34
36,"LL12772A",23,572,314,258
36,"LL12772",23,168,70,98
36,"LL12774A",23,455,263,192
36,"LL12774",23,96,49,47
36,"LL22775A",23,161,101,60
36,"LL22775",23,27,14,13
36,"ON12777A",35,321,222,99
36,"ON12777",35,83,38,45
36,"ON12779A",35,86,68,18
36,"ON12779",35,27,22,5
36,"ON12780A",35,203,132,71
36,"ON12780",35,50,22,28
36,"ON12782A",35,153,114,39
36,"ON12782",35,48,32,16
36,"ON12786A",35,169,115,54
36,"ON12786",35,32,18,14
36,"UNI2787A",23,188,89,99
36,"UNI2787",23,44,17,27
36,"TP12800A",23,125,74,51
36,"TP12800",23,30,10,20
36,"TP32801A",23,27,14,13
36,"UNI2804A",23,9,6,3
36,"UNI2806A",23,45,22,23
36,"UNI2806",23,17,8,9
36,"YV22808A",23,314,138,176
36,"YV22808",23,40,13,27
36,"UNI2810A",23,12,3,9
36,"TP52813",23,12,2,10
36,"UNI2816A",23,332,126,206
36,"UNI2816",23,88,21,67
36,"UNI2817A",23,25,14,11
36,"UNI2819A",23,66,35,31
36,"UNI2819",23,22,8,14
36,"YV32820A",23,174,71,103
36,"YV32820",23,39,14,25
36,"YV12821A",23,32,16,16
36,"YV12821",23,22,4,18
36,"NEE2857A",25,250,119,131
36,"NEE2857",25,93,39,54
36,"UNI2858A",25,79,36,43
36,"UNI2858",25,20,2,18
36,"NEE2862A",25,286,132,154
36,"NEE2862",25,116,33,83
36,"NEE2863A",25,181,67,114
36,"NEE2863",25,52,14,38
36,"UNI2867A",23,21,7,14
36,"VI42872A",23,515,195,320
36,"VI42872",23,137,45,92
36,"CNTYTOT",0,731693,367662,364031
36,"AD34_TOT",0,115791,41282,74509
36,"AD39_TOT",0,55376,27898,27478
36,"AD36_TOT",0,1800,709,1091
36,"AD47_TOT",0,54595,20093,34502
36,"AD41_TOT",0,61275,24051,37224
36,"AD45_TOT",0,137516,83681,53835
36,"AD50_TOT",0,156411,90566,65845
36,"AD58_TOT",0,5477,2795,2682
36,"AD53_TOT",0,105543,59738,45805
36,"AD59_TOT",0,37909,16849,21060
36,"CD23_TOT",0,254935,101182,153753
36,"CD25_TOT",0,1800,709,1091
36,"CD28_TOT",0,40499,16877,23622
36,"CD33_TOT",0,233275,137197,96078
36,"CD35_TOT",0,175352,100780,74572
36,"CD40_TOT",0,25832,10917,14915
36,"SD19_TOT",0,172662,66963,105699
36,"SD23_TOT",0,97512,41850,55662
36,"SD18_TOT",0,1800,709,1091
36,"SD25_TOT",0,32039,13355,18684
36,"SD29_TOT",0,284942,167952,116990
36,"SD31_TOT",0,4662,2959,1703
36,"SD22_TOT",0,103827,58868,44959
36,"SD32_TOT",0,34249,15006,19243
36,"BE01_TOT",0,482197,238642,243555
36,"BE04_TOT",0,249496,129020,120476
36,"SOV_CD23",0,254935,101182,153753
36,"SOV_CD25",0,1800,709,1091
36,"SOV_CD28",0,40499,16877,23622
36,"SOV_CD33",0,233275,137197,96078
36,"SOV_CD35",0,175352,100780,74572
36,"SOV_CD40",0,25832,10917,14915
37,"100000A",50,11,2,9
37,"100010",50,27,17,10
37,"100010A",50,20,6,14
37,"100090",50,93,44,49
37,"100090A",50,918,480,438
37,"105000",50,50,18,32
37,"105000A",50,1158,667,491
37,"105040",50,50,21,29
37,"105040A",50,1230,710,520
37,"105100",50,65,34,31
37,"105100A",50,885,512,373
37,"105140",50,104,42,62
37,"105140A",50,1207,752,455
37,"105160",50,154,71,83
37,"105160A",50,873,540,333
37,"105200",50,89,38,51
37,"105200A",50,1085,636,449
37,"105230",50,143,67,76
37,"105230A",50,1139,680,459
37,"105380",50,87,40,47
37,"105380A",50,641,348,293
37,"105400",50,129,62,67
37,"105400A",50,963,570,393
37,"105440",50,120,60,60
37,"105440A",50,916,584,332
37,"105600",50,54,23,31
37,"105600A",50,1082,646,436
37,"105800",50,109,50,59
37,"105800A",50,1058,566,492
37,"106040",50,149,70,79
37,"106040A",50,812,521,291
37,"106050",50,102,40,62
37,"106050A",50,948,555,393
37,"106110",50,139,65,74
37,"106110A",50,824,510,314
37,"106320",50,134,49,85
37,"106320A",50,1038,629,409
37,"106340",50,187,95,92
37,"106340A",50,965,629,336
37,"106350",50,115,51,64
37,"106350A",50,797,491,306
37,"106410",50,146,80,66
37,"106410A",50,1074,710,364
37,"106490",50,169,94,75
37,"106490A",50,1052,647,405
37,"106500",50,62,22,40
37,"106500A",50,586,348,238
37,"110000",50,125,65,60
37,"110000A",50,1154,702,452
37,"110010",50,74,38,36
37,"110010A",50,644,406,238
37,"110030",50,118,62,56
37,"110030A",50,768,539,229
37,"110050",50,135,77,58
37,"110050A",50,797,477,320
37,"110060",50,119,50,69
37,"110060A",50,1029,617,412
37,"110100",50,122,54,68
37,"110100A",50,1152,714,438
37,"110120",50,150,82,68
37,"110120A",50,816,535,281
37,"110140",51,120,53,67
37,"110140A",51,914,595,319
37,"110150",51,83,30,53
37,"110150A",51,853,449,404
37,"110210",51,134,61,73
37,"110210A",51,976,562,414
37,"110240",51,156,67,89
37,"110240A",51,886,522,364
37,"110280",50,135,58,77
37,"110280A",50,1163,698,465
37,"110310",51,127,69,58
37,"110310A",51,767,489,278
37,"110320",51,163,83,80
37,"110320A",51,835,548,287
37,"110330",51,94,54,40
37,"110330A",51,848,505,343
37,"110332",51,106,37,69
37,"110332A",51,1008,578,430
37,"110340",51,176,80,96
37,"110340A",51,1010,668,342
37,"110410",50,139,65,74
37,"110410A",50,1053,705,348
37,"110510",51,112,46,66
37,"110510A",51,867,516,351
37,"110520",51,44,19,25
37,"110520A",51,461,258,203
37,"110530",51,49,25,24
37,"110530A",51,261,165,96
37,"110550",51,63,34,29
37,"110550A",51,831,532,299
37,"110600",51,40,20,20
37,"110600A",51,379,201,178
37,"110610",51,119,64,55
37,"110610A",51,1279,811,468
37,"110640",51,76,42,34
37,"110640A",51,1062,606,456
37,"110670",50,114,62,52
37,"110670A",50,1171,724,447
37,"110680",50,159,58,101
37,"110680A",50,1098,678,420
37,"110700",50,128,59,69
37,"110700A",50,1020,643,377
37,"110740",50,103,50,53
37,"110740A",50,1119,718,401
37,"110800",50,100,42,58
37,"110800A",50,746,412,334
37,"110820",50,95,34,61
37,"110820A",50,961,553,408
37,"110900",50,87,37,50
37,"110900A",50,659,385,274
37,"110980",51,97,51,46
37,"110980A",51,824,527,297
37,"111000",50,90,30,60
37,"111000A",50,955,550,405
37,"111010",50,127,62,65
37,"111010A",50,1223,746,477
37,"111040",50,91,31,60
37,"111040A",50,795,455,340
37,"111090",50,78,41,37
37,"111090A",50,841,555,286
37,"111100",50,235,133,102
37,"111100A",50,993,698,295
37,"111110",50,52,21,31
37,"111110A",50,624,324,300
37,"111120",50,53,26,27
37,"111120A",50,622,374,248
37,"111130",50,107,62,45
37,"111130A",50,1096,733,363
37,"111150",50,98,54,44
37,"111150A",50,716,451,265
37,"111170",50,85,37,48
37,"111170A",50,1021,625,396
37,"111210",50,183,94,89
37,"111210A",50,1021,708,313
37,"111220",50,116,58,58
37,"111220A",50,1011,654,357
37,"111240",50,9,3,6
37,"111240A",50,35,31,4
37,"111290",50,164,71,93
37,"111290A",50,983,600,383
37,"111310",50,172,106,66
37,"111310A",50,932,679,253
37,"111330",50,129,71,58
37,"111330A",50,842,557,285
37,"111350",50,110,59,51
37,"111350A",50,864,538,326
37,"111360",50,128,65,63
37,"111360A",50,927,609,318
37,"111380",50,69,30,39
37,"111380A",50,689,427,262
37,"111640",50,128,70,58
37,"111640A",50,850,561,289
37,"115000",50,56,23,33
37,"115000A",50,768,428,340
37,"115030",50,81,40,41
37,"115030A",50,857,571,286
37,"115040",50,78,34,44
37,"115040A",50,1112,731,381
37,"115050",50,58,22,36
37,"115050A",50,477,318,159
37,"115060",50,159,89,70
37,"115060A",50,1204,809,395
37,"115070",50,94,45,49
37,"115070A",50,1175,796,379
37,"115090",50,106,43,63
37,"115090A",50,940,635,305
37,"115130",50,87,45,42
37,"115130A",50,1137,820,317
37,"115150",50,69,29,40
37,"115150A",50,549,359,190
37,"115180",50,57,23,34
37,"115180A",50,955,657,298
37,"115190",50,49,18,31
37,"115190A",50,693,438,255
37,"115200",50,127,66,61
37,"115200A",50,1227,892,335
37,"115220",50,53,24,29
37,"115220A",50,657,479,178
37,"115270",50,55,30,25
37,"115270A",50,1087,789,298
37,"115280",50,63,36,27
37,"115280A",50,970,619,351
37,"115290",50,178,88,90
37,"115290A",50,951,679,272
37,"115390",50,70,26,44
37,"115390A",50,878,569,309
37,"115460",50,67,38,29
37,"115460A",50,1018,675,343
37,"115520",50,188,92,96
37,"115520A",50,1030,685,345
37,"115560A",50,36,16,20
37,"115570",50,86,37,49
37,"115570A",50,783,454,329
37,"115630",50,122,59,63
37,"115630A",50,806,463,343
37,"120000",50,320,272,48
37,"120000A",50,878,801,77
37,"120010",50,198,151,47
37,"120010A",50,640,502,138
37,"120020",50,134,94,40
37,"120020A",50,617,471,146
37,"120030",50,141,93,48
37,"120030A",50,781,612,169
37,"120040",50,2140,1877,263
37,"120040A",50,753,640,113
37,"120080",50,350,273,77
37,"120080A",50,1030,820,210
37,"120100",51,189,118,71
37,"120100A",51,1109,828,281
37,"120110",50,321,238,83
37,"120110A",50,907,742,165
37,"120120",50,182,106,76
37,"120120A",50,1075,803,272
37,"120150",50,185,126,59
37,"120150A",50,838,634,204
37,"120190",50,160,110,50
37,"120190A",50,879,659,220
37,"120200",50,177,134,43
37,"120200A",50,553,427,126
37,"120240",50,92,64,28
37,"120240A",50,643,482,161
37,"120320",50,243,151,92
37,"120320A",50,806,586,220
37,"120340",51,98,45,53
37,"120340A",51,1014,647,367
37,"120350",50,224,133,91
37,"120350A",50,1026,787,239
37,"120380",50,289,201,88
37,"120380A",50,923,720,203
37,"125050",50,87,39,48
37,"125050A",50,1118,742,376
37,"125250",50,133,74,59
37,"125250A",50,890,623,267
37,"125270",50,99,50,49
37,"125270A",50,963,654,309
37,"125300",50,147,71,76
37,"125300A",50,1166,853,313
37,"125550",50,107,69,38
37,"125550A",50,690,511,179
37,"125750",50,161,88,73
37,"125750A",50,1131,789,342
37,"125800",50,166,88,78
37,"125800A",50,1104,738,366
37,"126110",50,117,64,53
37,"126110A",50,1021,709,312
37,"126160",50,126,58,68
37,"126160A",50,997,639,358
37,"126320",50,197,108,89
37,"126320A",50,1080,743,337
37,"126350",50,112,52,60
37,"126350A",50,1206,769,437
37,"127060",50,75,28,47
37,"127060A",50,1041,665,376
37,"127100",50,92,46,46
37,"127100A",50,947,570,377
37,"127210",50,85,32,53
37,"127210A",50,941,571,370
37,"127300",50,109,59,50
37,"127300A",50,1070,736,334
37,"127410",50,93,44,49
37,"127410A",50,1043,705,338
37,"127540",50,95,41,54
37,"127540A",50,901,595,306
37,"130030",51,119,59,60
37,"130030A",51,1103,742,361
37,"130060",51,136,44,92
37,"130060A",51,83,52,31
37,"130080",51,101,49,52
37,"130080A",51,950,542,408
37,"130100",51,127,80,47
37,"130100A",51,898,599,299
37,"130160",51,118,59,59
37,"130160A",51,665,426,239
37,"130170",51,89,36,53
37,"130170A",51,929,523,406
37,"130190",51,121,65,56
37,"130190A",51,577,352,225
37,"130200",51,137,86,51
37,"130200A",51,816,532,284
37,"130210",51,71,37,34
37,"130210A",51,683,420,263
37,"130220",51,108,58,50
37,"130220A",51,670,411,259
37,"130230",51,91,47,44
37,"130230A",51,1008,614,394
37,"130280",51,97,55,42
37,"130280A",51,760,432,328
37,"130320",51,148,70,78
37,"130320A",51,934,593,341
37,"130330",51,123,57,66
37,"130330A",51,878,528,350
37,"130340",51,116,63,53
37,"130340A",51,694,454,240
37,"130350",51,163,86,77
37,"130350A",51,868,535,333
37,"130380",51,81,38,43
37,"130380A",51,736,430,306
37,"130400",51,141,67,74
37,"130400A",51,999,608,391
37,"130410",51,135,70,65
37,"130410A",51,944,576,368
37,"130430",51,106,47,59
37,"130430A",51,755,470,285
37,"130470",51,74,30,44
37,"130470A",51,724,450,274
37,"130500",51,112,55,57
37,"130500A",51,713,434,279
37,"130510",51,114,55,59
37,"130510A",51,807,477,330
37,"130530",51,121,60,61
37,"130530A",51,919,518,401
37,"130570",51,293,173,120
37,"130570A",51,746,562,184
37,"130590",51,145,83,62
37,"130590A",51,959,605,354
37,"130610",51,97,47,50
37,"130610A",51,707,437,270
37,"130620",51,121,56,65
37,"130620A",51,1024,584,440
37,"130690",51,121,65,56
37,"130690A",51,963,568,395
37,"130800",51,121,62,59
37,"130800A",51,752,441,311
37,"130810",51,206,129,77
37,"130810A",51,899,616,283
37,"130820",51,135,75,60
37,"130820A",51,1077,645,432
37,"135000",51,91,37,54
37,"135000A",51,1034,680,354
37,"135010",51,70,31,39
37,"135010A",51,925,613,312
37,"135020",51,89,33,56
37,"135020A",51,1120,730,390
37,"135040",51,116,67,49
37,"135040A",51,968,663,305
37,"135050",51,131,66,65
37,"135050A",51,646,473,173
37,"135080",51,94,43,51
37,"135080A",51,1162,674,488
37,"135100",51,80,41,39
37,"135100A",51,785,458,327
37,"135110",51,117,64,53
37,"135110A",51,761,472,289
37,"135120",51,99,43,56
37,"135120A",51,747,418,329
37,"135140",51,134,65,69
37,"135140A",51,702,451,251
37,"135170",51,72,29,43
37,"135170A",51,1127,650,477
37,"135180",51,75,34,41
37,"135180A",51,796,474,322
37,"135190",51,122,66,56
37,"135190A",51,827,521,306
37,"135200",51,126,48,78
37,"135200A",51,1090,560,530
37,"135220",51,50,17,33
37,"135220A",51,516,295,221
37,"135230",51,89,41,48
37,"135230A",51,954,584,370
37,"135250",51,53,20,33
37,"135250A",51,678,412,266
37,"135260",51,72,30,42
37,"135260A",51,723,411,312
37,"135270",51,77,41,36
37,"135270A",51,839,463,376
37,"135290",51,69,25,44
37,"135290A",51,905,531,374
37,"135300",51,119,40,79
37,"135300A",51,1034,552,482
37,"135330",51,24,10,14
37,"135330A",51,267,166,101
37,"135400",51,107,59,48
37,"135400A",51,1365,854,511
37,"135590A",51,38,25,13
37,"135610",51,83,38,45
37,"135610A",51,697,414,283
37,"135630",51,123,49,74
37,"135630A",51,822,522,300
37,"135660",51,92,40,52
37,"135660A",51,688,405,283
37,"135690",51,63,33,30
37,"135690A",51,512,303,209
37,"140910",51,105,62,43
37,"140910A",51,490,364,126
37,"140920",51,79,39,40
37,"140920A",51,502,288,214
37,"145000",50,82,44,38
37,"145000A",50,792,561,231
37,"145010",50,105,76,29
37,"145010A",50,1073,787,286
37,"145100",51,109,60,49
37,"145100A",51,1130,735,395
37,"145800",51,136,88,48
37,"145800A",51,1226,801,425
37,"145910",51,93,45,48
37,"145910A",51,1116,762,354
37,"146000",50,123,71,52
37,"146000A",50,1010,710,300
37,"146600",50,49,18,31
37,"146600A",50,777,534,243
37,"147100",50,87,43,44
37,"147100A",50,730,483,247
37,"150000",51,157,72,85
37,"150000A",51,1005,626,379
37,"150100",51,91,41,50
37,"150100A",51,772,455,317
37,"150410",51,122,55,67
37,"150410A",51,802,532,270
37,"150620",51,125,52,73
37,"150620A",51,819,495,324
37,"151000",51,152,78,74
37,"151000A",51,1120,705,415
37,"151400",51,175,92,83
37,"151400A",51,999,644,355
37,"151800",51,87,40,47
37,"151800A",51,889,558,331
37,"152000",51,110,55,55
37,"152000A",51,669,433,236
37,"152200",51,121,58,63
37,"152200A",51,686,433,253
37,"152800",51,126,74,52
37,"152800A",51,789,511,278
37,"153600",51,95,51,44
37,"153600A",51,861,583,278
37,"154200",51,175,93,82
37,"154200A",51,665,420,245
37,"154800",51,93,41,52
37,"154800A",51,935,588,347
37,"155200",51,68,35,33
37,"155200A",51,782,464,318
37,"160000",51,119,55,64
37,"160000A",51,1019,625,394
37,"160300",51,111,44,67
37,"160300A",51,1031,602,429
37,"160400",51,137,58,79
37,"160400A",51,1253,792,461
37,"160600",51,125,55,70
37,"160600A",51,1190,733,457
37,"160800",51,178,96,82
37,"160800A",51,811,553,258
37,"160900",51,134,69,65
37,"160900A",51,857,589,268
37,"161000",51,83,37,46
37,"161000A",51,818,529,289
37,"161100",51,135,70,65
37,"161100A",51,823,535,288
37,"161110",51,183,117,66
37,"161110A",51,751,534,217
37,"161210",51,134,70,64
37,"161210A",51,919,554,365
37,"161300",51,113,51,62
37,"161300A",51,704,458,246
37,"161400",51,156,69,87
37,"161400A",51,951,616,335
37,"161600",51,211,111,100
37,"161600A",51,988,609,379
37,"161700",51,81,45,36
37,"161700A",51,858,518,340
37,"162100",51,137,73,64
37,"162100A",51,888,552,336
37,"162510",51,96,43,53
37,"162510A",51,710,414,296
37,"163100",51,116,53,63
37,"163100A",51,789,498,291
37,"163200",51,107,59,48
37,"163200A",51,796,514,282
37,"163500",51,104,64,40
37,"163500A",51,578,382,196
37,"165020",51,250,162,88
37,"165020A",51,725,560,165
37,"165110",51,310,180,130
37,"165110A",51,843,575,268
37,"171000",51,365,181,184
37,"171000A",51,766,525,241
37,"171010",51,290,113,177
37,"171010A",51,1051,592,459
37,"171020",51,78,33,45
37,"171020A",51,1093,658,435
37,"171060",51,134,65,69
37,"171060A",51,898,585,313
37,"171100",51,126,61,65
37,"171100A",51,871,577,294
37,"171110",51,112,53,59
37,"171110A",51,957,672,285
37,"171130",51,133,70,63
37,"171130A",51,1040,698,342
37,"171140",51,106,50,56
37,"171140A",51,1005,627,378
37,"171180",51,158,60,98
37,"171180A",51,1042,671,371
37,"171200",51,79,45,34
37,"171200A",51,913,565,348
37,"171520",51,92,54,38
37,"171520A",51,1169,716,453
37,"175080",51,152,75,77
37,"175080A",51,1214,786,428
37,"175090",51,82,30,52
37,"175090A",51,836,516,320
37,"175110",51,66,28,38
37,"175110A",51,800,489,311
37,"175130",51,107,44,63
37,"175130A",51,1182,716,466
37,"175230",51,114,49,65
37,"175230A",51,920,549,371
37,"175250",51,132,49,83
37,"175250A",51,1186,728,458
37,"175300",51,92,51,41
37,"175300A",51,1047,650,397
37,"175400",51,169,107,62
37,"175400A",51,832,540,292
37,"175600",51,126,53,73
37,"175600A",51,989,589,400
37,"176100",51,144,76,68
37,"176100A",51,1129,645,484
37,"177320",51,97,50,47
37,"177320A",51,1056,645,411
37,"177330",51,129,60,69
37,"177330A",51,1159,732,427
37,"180000",51,69,33,36
37,"180000A",51,670,400,270
37,"180010",51,115,69,46
37,"180010A",51,918,574,344
37,"180020",51,117,54,63
37,"180020A",51,1013,639,374
37,"180050",51,111,56,55
37,"180050A",51,1154,707,447
37,"180400",51,84,41,43
37,"180400A",51,919,518,401
37,"181040",51,85,42,43
37,"181040A",51,816,526,290
37,"181050",51,79,37,42
37,"181050A",51,789,490,299
37,"181100",51,104,52,52
37,"181100A",51,769,501,268
37,"181200",51,89,54,35
37,"181200A",51,1131,655,476
37,"181700",51,135,67,68
37,"181700A",51,759,541,218
37,"181800",51,115,47,68
37,"181800A",51,1289,824,465
37,"182600",51,155,63,92
37,"182600A",51,1125,704,421
37,"183700",51,135,61,74
37,"183700A",51,997,650,347
37,"184100",51,146,89,57
37,"184100A",51,843,550,293
37,"184400",51,133,64,69
37,"184400A",51,874,558,316
37,"184800",51,293,201,92
37,"184800A",51,907,648,259
37,"185320",51,173,97,76
37,"185320A",51,879,623,256
37,"185340",51,185,106,79
37,"185340A",51,843,583,260
37,"190100",51,87,36,51
37,"190100A",51,689,471,218
37,"190110",51,147,66,81
37,"190110A",51,1245,829,416
37,"190112",51,121,54,67
37,"190112A",51,695,468,227
37,"190120",51,116,56,60
37,"190120A",51,918,595,323
37,"190130",51,234,141,93
37,"190130A",51,1004,711,293
37,"190200",51,133,73,60
37,"190200A",51,822,492,330
37,"190310",51,123,67,56
37,"190310A",51,787,520,267
37,"190400",51,182,97,85
37,"190400A",51,952,607,345
37,"190530",51,181,107,74
37,"190530A",51,712,450,262
37,"191100",51,120,57,63
37,"191100A",51,917,576,341
37,"191700",51,155,84,71
37,"191700A",51,992,616,376
37,"193520",51,169,84,85
37,"193520A",51,606,405,201
37,"195010",51,102,78,24
37,"195010A",51,889,739,150
37,"195020",50,110,85,25
37,"195020A",50,813,684,129
37,"195030",51,66,38,28
37,"195030A",51,569,381,188
37,"195040",50,29,16,13
37,"195040A",50,154,109,45
37,"195050",51,82,43,39
37,"195050A",51,444,295,149
37,"195070",51,178,110,68
37,"195070A",51,813,614,199
37,"195072",50,76,54,22
37,"195072A",50,788,694,94
37,"195080",51,196,121,75
37,"195080A",51,856,641,215
37,"195100",51,231,133,98
37,"195100A",51,900,684,216
37,"195110",51,118,73,45
37,"195110A",51,837,536,301
37,"195140",51,124,73,51
37,"195140A",51,488,357,131
37,"195160",50,97,69,28
37,"195160A",50,972,836,136
37,"195180",51,219,129,90
37,"195180A",51,639,474,165
37,"195240",50,86,44,42
37,"195240A",50,933,688,245
37,"200000",51,210,139,71
37,"200000A",51,747,548,199
37,"200700",51,130,71,59
37,"200700A",51,960,622,338
37,"200800",51,174,99,75
37,"200800A",51,1056,743,313
37,"201000",51,134,82,52
37,"201000A",51,525,328,197
37,"201100",51,153,83,70
37,"201100A",51,697,451,246
37,"201300",51,196,120,76
37,"201300A",51,557,397,160
37,"201500",51,198,133,65
37,"201500A",51,803,523,280
37,"201700",51,180,114,66
37,"201700A",51,746,474,272
37,"202100",51,90,48,42
37,"202100A",51,805,549,256
37,"202400",51,122,62,60
37,"202400A",51,550,388,162
37,"210100",51,123,73,50
37,"210100A",51,531,392,139
37,"210110",51,75,41,34
37,"210110A",51,486,297,189
37,"210190",51,375,262,113
37,"210190A",51,673,488,185
37,"210700",51,84,34,50
37,"210700A",51,959,602,357
37,"211010",51,130,64,66
37,"211010A",51,1013,597,416
37,"211400",51,189,89,100
37,"211400A",51,988,598,390
37,"212000",51,96,44,52
37,"212000A",51,993,625,368
37,"212500",51,134,58,76
37,"212500A",51,620,404,216
37,"212750",51,175,88,87
37,"212750A",51,1085,703,382
37,"213100",51,160,69,91
37,"213100A",51,970,582,388
37,"213700",51,251,132,119
37,"213700A",51,1032,696,336
37,"220000",50,224,107,117
37,"220000A",50,682,482,200
37,"220100",50,190,93,97
37,"220100A",50,720,505,215
37,"220300",50,75,39,36
37,"220300A",50,842,555,287
37,"220400",50,87,35,52
37,"220400A",50,657,413,244
37,"220900",50,175,84,91
37,"220900A",50,1023,710,313
37,"221100",50,272,148,124
37,"221100A",50,914,637,277
37,"221210",50,225,120,105
37,"221210A",50,958,690,268
37,"221300",50,258,140,118
37,"221300A",50,907,659,248
37,"221390",50,180,100,80
37,"221390A",50,699,498,201
37,"222000",50,220,129,91
37,"222000A",50,742,534,208
37,"222150",50,275,147,128
37,"222150A",50,920,632,288
37,"222700",50,142,78,64
37,"222700A",50,978,572,406
37,"223110",50,231,109,122
37,"223110A",50,1037,711,326
37,"223900",50,99,47,52
37,"223900A",50,1015,629,386
37,"224520",50,237,113,124
37,"224520A",50,768,542,226
37,"224700",50,211,107,104
37,"224700A",50,855,607,248
37,"225200",50,110,52,58
37,"225200A",50,513,312,201
37,"225400",50,214,109,105
37,"225400A",50,920,635,285
37,"225700",50,223,102,121
37,"225700A",50,1032,766,266
37,"230310",50,169,73,96
37,"230310A",50,800,501,299
37,"235000",50,164,90,74
37,"235000A",50,667,497,170
37,"235300",50,152,104,48
37,"235300A",50,601,478,123
37,"235500",50,221,138,83
37,"235500A",50,923,709,214
37,"235520",50,130,82,48
37,"235520A",50,981,751,230
37,"236000",50,111,57,54
37,"236000A",50,685,546,139
37,"236600",50,136,101,35
37,"236600A",50,643,500,143
37,"237100",50,131,88,43
37,"237100A",50,685,516,169
37,"237200",50,89,46,43
37,"237200A",50,903,657,246
37,"237610",50,123,70,53
37,"237610A",50,1265,838,427
37,"237700",50,81,40,41
37,"237700A",50,759,514,245
37,"238300",50,138,88,50
37,"238300A",50,846,607,239
37,"238800",50,119,58,61
37,"238800A",50,697,519,178
37,"240000",50,97,48,49
37,"240000A",50,770,546,224
37,"240100",50,149,89,60
37,"240100A",50,672,499,173
37,"240110",50,202,118,84
37,"240110A",50,754,553,201
37,"240210",50,181,88,93
37,"240210A",50,1084,761,323
37,"240410",50,136,57,79
37,"240410A",50,1064,701,363
37,"240510",50,224,112,112
37,"240510A",50,889,614,275
37,"245200",50,77,33,44
37,"245200A",50,342,237,105
37,"245210",50,46,26,20
37,"245210A",50,122,92,30
37,"245220",50,103,60,43
37,"245220A",50,1012,720,292
37,"250600",50,142,83,59
37,"250600A",50,1014,758,256
37,"250800",50,106,64,42
37,"250800A",50,1154,890,264
37,"251600",50,130,87,43
37,"251600A",50,1114,904,210
37,"251610",50,143,86,57
37,"251610A",50,845,703,142
37,"255000",50,150,122,28
37,"255000A",50,842,732,110
37,"255210",50,101,77,24
37,"255210A",50,808,718,90
37,"255300",50,183,150,33
37,"255300A",50,975,855,120
37,"255900",50,180,141,39
37,"255900A",50,975,865,110
37,"256210",50,96,76,20
37,"256210A",50,695,619,76
37,"257000",50,130,91,39
37,"257000A",50,939,820,119
37,"257100",50,161,129,32
37,"257100A",50,825,724,101
37,"257200",50,140,111,29
37,"257200A",50,875,786,89
37,"257500",50,134,106,28
37,"257500A",50,1020,891,129
37,"258200",50,179,147,32
37,"258200A",50,1092,972,120
37,"260200",50,87,70,17
37,"260200A",50,697,610,87
37,"260600",50,134,102,32
37,"260600A",50,675,594,81
37,"260610",50,149,112,37
37,"260610A",50,685,591,94
37,"260800",50,159,114,45
37,"260800A",50,938,795,143
37,"261200",50,195,140,55
37,"261200A",50,1231,1081,150
37,"261400",50,141,103,38
37,"261400A",50,997,862,135
37,"261600",50,131,97,34
37,"261600A",50,925,796,129
37,"262000",50,159,129,30
37,"262000A",50,785,699,86
37,"262410",50,163,124,39
37,"262410A",50,862,752,110
37,"263200",50,156,125,31
37,"263200A",50,833,714,119
37,"263400",50,235,180,55
37,"263400A",50,1066,936,130
37,"263700",50,194,146,48
37,"263700A",50,1032,899,133
37,"264100",50,178,126,52
37,"264100A",50,1119,949,170
37,"265000",50,179,135,44
37,"265000A",50,915,804,111
37,"265400",50,199,155,44
37,"265400A",50,901,762,139
37,"266000",52,78,66,12
37,"266000A",52,465,389,76
37,"266100",50,148,109,39
37,"266100A",50,879,764,115
37,"266110",52,13,11,2
37,"266110A",52,49,38,11
37,"266200",50,136,103,33
37,"266200A",50,1080,918,162
37,"270100",51,168,131,37
37,"270100A",51,1081,914,167
37,"270110",51,43,25,18
37,"270110A",51,1004,761,243
37,"270200",52,170,124,46
37,"270200A",52,625,471,154
37,"270300",52,97,66,31
37,"270300A",52,399,285,114
37,"270400",51,172,127,45
37,"270400A",51,866,735,131
37,"270500",51,194,154,40
37,"270500A",51,962,833,129
37,"270510",51,126,93,33
37,"270510A",51,637,544,93
37,"270700",52,128,100,28
37,"270700A",52,544,466,78
37,"270710",52,150,104,46
37,"270710A",52,727,587,140
37,"271100",52,215,157,58
37,"271100A",52,745,601,144
37,"271200",51,178,138,40
37,"271200A",51,1105,915,190
37,"272600",52,200,146,54
37,"272600A",52,768,618,150
37,"273900",52,155,112,43
37,"273900A",52,643,462,181
37,"273910",52,167,121,46
37,"273910A",52,476,351,125
37,"274100",51,149,102,47
37,"274100A",51,651,527,124
37,"274110",51,135,93,42
37,"274110A",51,1284,1082,202
37,"274210",51,61,38,23
37,"274210A",51,994,778,216
37,"275410",51,67,48,19
37,"275410A",51,321,240,81
37,"276400",52,127,92,35
37,"276400A",52,501,373,128
37,"276710",51,164,96,68
37,"276710A",51,838,620,218
37,"277200",51,79,57,22
37,"277200A",51,968,735,233
37,"277250",51,122,76,46
37,"277250A",51,1108,825,283
37,"277650",51,262,194,68
37,"277650A",51,796,597,199
37,"279010",51,87,58,29
37,"279010A",51,961,804,157
37,"280110",51,710,534,176
37,"280110A",51,856,645,211
37,"280810",51,212,152,60
37,"280810A",51,811,605,206
37,"282200",51,132,85,47
37,"282200A",51,738,561,177
37,"282500",51,320,207,113
37,"282500A",51,692,509,183
37,"282610",51,193,134,59
37,"282610A",51,580,442,138
37,"283410",51,111,74,37
37,"283410A",51,679,472,207
37,"283700",51,150,108,42
37,"283700A",51,551,404,147
37,"284000",51,87,58,29
37,"284000A",51,326,227,99
37,"284100A",51,23,16,7
37,"290020",52,183,138,45
37,"290020A",52,525,370,155
37,"290100",52,162,115,47
37,"290100A",52,651,509,142
37,"290600",52,186,139,47
37,"290600A",52,701,536,165
37,"291000",52,132,72,60
37,"291000A",52,831,531,300
37,"291200",52,153,100,53
37,"291200A",52,898,663,235
37,"291400",52,149,98,51
37,"291400A",52,859,652,207
37,"291650",52,121,80,41
37,"291650A",52,500,379,121
37,"291810",52,32,22,10
37,"291810A",52,62,52,10
37,"292200",52,176,118,58
37,"292200A",52,721,509,212
37,"292800",52,31,22,9
37,"292800A",52,76,63,13
37,"293200",51,127,79,48
37,"293200A",51,656,519,137
37,"293400",52,139,89,50
37,"293400A",52,594,477,117
37,"293800",52,149,96,53
37,"293800A",52,848,552,296
37,"294100",51,146,92,54
37,"294100A",51,711,524,187
37,"294800",51,292,202,90
37,"294800A",51,577,448,129
37,"295010",51,90,55,35
37,"295010A",51,718,515,203
37,"295200",51,140,87,53
37,"295200A",51,750,514,236
37,"295800",52,108,60,48
37,"295800A",52,226,160,66
37,"296200",52,39,21,18
37,"296200A",52,235,196,39
37,"296400",51,10,8,2
37,"296400A",51,32,22,10
37,"296420A",52,12,10,2
37,"296800",51,135,76,59
37,"296800A",51,638,474,164
37,"297200",51,83,55,28
37,"297200A",51,884,682,202
37,"297210",51,129,74,55
37,"297210A",51,792,555,237
37,"297700A",51,37,21,16
37,"300200",52,123,89,34
37,"300200A",52,426,320,106
37,"300210",52,134,93,41
37,"300210A",52,460,365,95
37,"300250",52,117,83,34
37,"300250A",52,473,377,96
37,"300410",52,105,69,36
37,"300410A",52,346,275,71
37,"301200",52,144,102,42
37,"301200A",52,460,349,111
37,"301300",52,124,96,28
37,"301300A",52,344,249,95
37,"301700",52,128,94,34
37,"301700A",52,449,364,85
37,"302210",50,10,4,6
37,"302210A",50,22,19,3
37,"302600",52,84,63,21
37,"302600A",52,495,397,98
37,"302800",52,149,102,47
37,"302800A",52,968,724,244
37,"303230",52,20,9,11
37,"303230A",52,60,37,23
37,"305200",50,121,86,35
37,"305200A",50,1016,834,182
37,"305600",50,150,106,44
37,"305600A",50,956,805,151
37,"306200",50,146,107,39
37,"306200A",50,790,678,112
37,"306400",50,145,97,48
37,"306400A",50,1165,1001,164
37,"306800",50,131,89,42
37,"306800A",50,1024,882,142
37,"307000",50,103,69,34
37,"307000A",50,708,579,129
37,"307200",50,126,84,42
37,"307200A",50,857,721,136
37,"307400",50,131,83,48
37,"307400A",50,585,471,114
37,"307500",52,161,122,39
37,"307500A",52,520,430,90
37,"307600",50,170,127,43
37,"307600A",50,894,756,138
37,"307700",52,136,101,35
37,"307700A",52,509,414,95
37,"310300",50,153,110,43
37,"310300A",50,837,692,145
37,"315000",50,149,98,51
37,"315000A",50,953,792,161
37,"315100",50,221,145,76
37,"315100A",50,846,664,182
37,"315110",50,113,63,50
37,"315110A",50,813,607,206
37,"315130",50,120,59,61
37,"315130A",50,943,656,287
37,"315140",50,185,128,57
37,"315140A",50,916,740,176
37,"315200",50,112,82,30
37,"315200A",50,897,726,171
37,"316500",50,183,106,77
37,"316500A",50,1106,779,327
37,"316600",50,256,134,122
37,"316600A",50,929,671,258
37,"316610",50,253,143,110
37,"316610A",50,700,505,195
37,"320100",52,72,34,38
37,"320100A",52,38,21,17
37,"320110",50,102,48,54
37,"320110A",50,1176,713,463
37,"320180",50,173,67,106
37,"320180A",50,979,619,360
37,"320203",50,147,80,67
37,"320203A",50,1074,788,286
37,"320300",52,116,82,34
37,"320300A",52,361,272,89
37,"320330",52,135,99,36
37,"320330A",52,636,519,117
37,"325000",50,68,32,36
37,"325000A",50,1005,662,343
37,"325300",50,95,59,36
37,"325300A",50,887,609,278
37,"325310",50,80,39,41
37,"325310A",50,777,497,280
37,"325530",50,169,81,88
37,"325530A",50,848,527,321
37,"327600",50,110,56,54
37,"327600A",50,1174,697,477
37,"330100",50,97,55,42
37,"330100A",50,1061,670,391
37,"330200",50,52,24,28
37,"330200A",50,817,541,276
37,"330900",50,127,60,67
37,"330900A",50,1036,600,436
37,"331500",50,106,41,65
37,"331500A",50,942,567,375
37,"331600",50,55,25,30
37,"331600A",50,575,344,231
37,"340200",50,121,67,54
37,"340200A",50,723,469,254
37,"340210",50,80,36,44
37,"340210A",50,1113,764,349
37,"340250",50,113,60,53
37,"340250A",50,1047,754,293
37,"340300",50,326,213,113
37,"340300A",50,675,509,166
37,"340400",50,208,108,100
37,"340400A",50,818,614,204
37,"340610",50,263,147,116
37,"340610A",50,792,595,197
37,"340810",50,206,109,97
37,"340810A",50,1034,733,301
37,"341200",50,161,106,55
37,"341200A",50,892,713,179
37,"341220",50,312,222,90
37,"341220A",50,791,647,144
37,"341600",50,214,121,93
37,"341600A",50,626,470,156
37,"341810",50,262,158,104
37,"341810A",50,687,502,185
37,"341900",50,168,109,59
37,"341900A",50,432,333,99
37,"341920",50,169,114,55
37,"341920A",50,670,495,175
37,"345000",52,124,92,32
37,"345000A",52,430,347,83
37,"345210",52,90,72,18
37,"345210A",52,534,443,91
37,"345810",50,151,98,53
37,"345810A",50,728,601,127
37,"350000",52,154,115,39
37,"350000A",52,526,410,116
37,"350200",52,57,42,15
37,"350200A",52,161,123,38
37,"350210",52,155,113,42
37,"350210A",52,511,408,103
37,"350240",52,134,95,39
37,"350240A",52,340,270,70
37,"350300",52,187,147,40
37,"350300A",52,596,481,115
37,"350600",52,155,111,44
37,"350600A",52,436,368,68
37,"350610",52,115,81,34
37,"350610A",52,426,328,98
37,"351310",52,154,107,47
37,"351310A",52,430,316,114
37,"355400",52,180,122,58
37,"355400A",52,514,403,111
37,"355700",52,92,58,34
37,"355700A",52,281,235,46
37,"356100",52,116,92,24
37,"356100A",52,357,271,86
37,"356900",52,144,101,43
37,"356900A",52,534,428,106
37,"360000",52,154,101,53
37,"360000A",52,617,469,148
37,"360100",52,151,104,47
37,"360100A",52,694,536,158
37,"360150",52,134,72,62
37,"360150A",52,752,491,261
37,"360300",52,170,88,82
37,"360300A",52,802,436,366
37,"360420",52,200,100,100
37,"360420A",52,657,421,236
37,"360500",52,91,39,52
37,"360500A",52,729,431,298
37,"360520",52,130,76,54
37,"360520A",52,671,442,229
37,"360580",52,132,65,67
37,"360580A",52,780,461,319
37,"360610",52,176,121,55
37,"360610A",52,555,407,148
37,"360900",52,134,92,42
37,"360900A",52,626,485,141
37,"361100",52,186,122,64
37,"361100A",52,664,513,151
37,"361150",52,104,64,40
37,"361150A",52,801,614,187
37,"361190A",52,22,21,1
37,"361500",52,150,95,55
37,"361500A",52,439,327,112
37,"361610",52,128,79,49
37,"361610A",52,729,492,237
37,"361700",52,57,29,28
37,"361700A",52,313,194,119
37,"362100",52,122,81,41
37,"362100A",52,518,377,141
37,"365000",52,110,84,26
37,"365000A",52,525,409,116
37,"365100",52,130,90,40
37,"365100A",52,612,506,106
37,"365400",52,108,75,33
37,"365400A",52,643,557,86
37,"365600",52,143,108,35
37,"365600A",52,401,320,81
37,"365700",52,146,104,42
37,"365700A",52,518,441,77
37,"365710",52,101,74,27
37,"365710A",52,511,415,96
37,"365900",52,133,93,40
37,"365900A",52,723,612,111
37,"366300",52,90,70,20
37,"366300A",52,343,277,66
37,"366310",52,157,126,31
37,"366310A",52,642,498,144
37,"366600",52,122,83,39
37,"366600A",52,713,461,252
37,"366700",52,197,99,98
37,"366700A",52,821,528,293
37,"366740",52,149,112,37
37,"366740A",52,646,466,180
37,"366800A",52,64,38,26
37,"367210",52,100,71,29
37,"367210A",52,492,354,138
37,"367300",52,127,71,56
37,"367300A",52,444,293,151
37,"367600",52,84,61,23
37,"367600A",52,575,399,176
37,"368000",52,120,70,50
37,"368000A",52,575,420,155
37,"368100",52,126,89,37
37,"368100A",52,421,346,75
37,"370010",52,142,112,30
37,"370010A",52,627,484,143
37,"370100",52,175,132,43
37,"370100A",52,532,439,93
37,"370110",52,159,108,51
37,"370110A",52,817,613,204
37,"370600",52,139,94,45
37,"370600A",52,621,512,109
37,"371000",52,137,99,38
37,"371000A",52,387,310,77
37,"371420",52,27,19,8
37,"371420A",52,123,80,43
37,"372000",52,144,99,45
37,"372000A",52,579,479,100
37,"372400",52,183,129,54
37,"372400A",52,468,370,98
37,"372600",52,131,95,36
37,"372600A",52,563,418,145
37,"373000",52,158,126,32
37,"373000A",52,518,438,80
37,"375090",52,161,99,62
37,"375090A",52,747,532,215
37,"375100",52,127,88,39
37,"375100A",52,557,366,191
37,"375110",52,138,82,56
37,"375110A",52,677,445,232
37,"375120",52,127,76,51
37,"375120A",52,515,320,195
37,"375130",52,58,31,27
37,"375130A",52,465,249,216
37,"375150",52,86,42,44
37,"375150A",52,529,330,199
37,"375160",52,63,32,31
37,"375160A",52,511,316,195
37,"375170",52,117,72,45
37,"375170A",52,604,418,186
37,"375410",52,138,91,47
37,"375410A",52,625,432,193
37,"375420",52,161,91,70
37,"375420A",52,729,513,216
37,"375430",52,153,96,57
37,"375430A",52,743,550,193
37,"375600",52,111,71,40
37,"375600A",52,890,595,295
37,"375800",52,129,80,49
37,"375800A",52,771,500,271
37,"376100",52,117,65,52
37,"376100A",52,582,363,219
37,"376310",52,132,84,48
37,"376310A",52,476,305,171
37,"376400",52,153,80,73
37,"376400A",52,761,496,265
37,"385000",52,123,73,50
37,"385000A",52,444,329,115
37,"385010",52,158,76,82
37,"385010A",52,771,457,314
37,"385020",52,161,96,65
37,"385020A",52,626,407,219
37,"385030",52,40,24,16
37,"385030A",52,228,136,92
37,"385310",52,121,77,44
37,"385310A",52,506,353,153
37,"385500",52,185,84,101
37,"385500A",52,782,476,306
37,"385510",52,163,86,77
37,"385510A",52,710,387,323
37,"385570",52,125,80,45
37,"385570A",52,448,297,151
37,"385580",52,165,93,72
37,"385580A",52,696,455,241
37,"385610",52,82,47,35
37,"385610A",52,565,353,212
37,"385620",52,147,98,49
37,"385620A",52,452,347,105
37,"385630",52,163,98,65
37,"385630A",52,595,430,165
37,"385650",52,154,97,57
37,"385650A",52,631,452,179
37,"385740",52,141,99,42
37,"385740A",52,627,439,188
37,"385760",52,31,22,9
37,"385760A",52,154,112,42
37,"385790",52,164,113,51
37,"385790A",52,573,418,155
37,"385810",52,133,93,40
37,"385810A",52,657,520,137
37,"385820",52,133,85,48
37,"385820A",52,743,518,225
37,"385930",52,131,87,44
37,"385930A",52,620,442,178
37,"385990",52,72,43,29
37,"385990A",52,469,330,139
37,"386010",52,85,60,25
37,"386010A",52,621,432,189
37,"390000",52,102,57,45
37,"390000A",52,458,345,113
37,"390100",52,121,69,52
37,"390100A",52,660,475,185
37,"390110",52,56,27,29
37,"390110A",52,284,189,95
37,"390200",52,116,74,42
37,"390200A",52,514,372,142
37,"390210",52,70,44,26
37,"390210A",52,515,387,128
37,"390220",52,94,58,36
37,"390220A",52,527,393,134
37,"390230",52,107,52,55
37,"390230A",52,563,396,167
37,"390300",52,97,64,33
37,"390300A",52,592,422,170
37,"390400",52,127,76,51
37,"390400A",52,643,425,218
37,"390500",52,129,61,68
37,"390500A",52,466,314,152
37,"390502",52,194,115,79
37,"390502A",52,574,405,169
37,"390600",52,83,42,41
37,"390600A",52,505,327,178
37,"390610",52,121,59,62
37,"390610A",52,691,432,259
37,"390710",52,156,95,61
37,"390710A",52,578,414,164
37,"390730",52,91,54,37
37,"390730A",52,529,396,133
37,"395000",52,123,88,35
37,"395000A",52,618,431,187
37,"395020",52,161,108,53
37,"395020A",52,687,533,154
37,"395030",52,265,141,124
37,"395030A",52,620,413,207
37,"395040",52,287,195,92
37,"395040A",52,639,494,145
37,"395060",52,144,93,51
37,"395060A",52,619,469,150
37,"395070",52,191,105,86
37,"395070A",52,271,197,74
37,"395090",52,144,63,81
37,"395090A",52,681,411,270
37,"395100",52,199,138,61
37,"395100A",52,486,369,117
37,"395110",52,126,67,59
37,"395110A",52,587,341,246
37,"395120",52,160,90,70
37,"395120A",52,596,383,213
37,"395150",52,135,84,51
37,"395150A",52,412,312,100
37,"395170",52,143,76,67
37,"395170A",52,896,561,335
37,"395180",52,129,63,66
37,"395180A",52,849,499,350
37,"395190",52,118,74,44
37,"395190A",52,564,388,176
37,"395200",52,265,154,111
37,"395200A",52,864,580,284
37,"395290",52,201,153,48
37,"395290A",52,506,393,113
37,"395340",52,147,91,56
37,"395340A",52,445,339,106
37,"395400",52,119,73,46
37,"395400A",52,495,342,153
37,"400100",49,121,35,86
37,"400100A",49,582,231,351
37,"400610",49,219,55,164
37,"400610A",49,102,37,65
37,"400810",49,17,6,11
37,"400810A",49,159,50,109
37,"401500",49,120,40,80
37,"401500A",49,116,49,67
37,"401510",49,318,99,219
37,"401510A",49,407,202,205
37,"401600",49,357,116,241
37,"401600A",49,485,247,238
37,"403400",49,217,105,112
37,"403400A",49,1002,598,404
37,"403410",49,216,102,114
37,"403410A",49,735,472,263
37,"403420",49,154,70,84
37,"403420A",49,962,448,514
37,"403440",49,100,47,53
37,"403440A",49,582,335,247
37,"403450",49,140,60,80
37,"403450A",49,619,337,282
37,"403460",49,169,90,79
37,"403460A",49,561,348,213
37,"403470",49,186,62,124
37,"403470A",49,1099,610,489
37,"403500",49,165,77,88
37,"403500A",49,887,525,362
37,"403520",49,109,46,63
37,"403520A",49,809,458,351
37,"403600",49,231,137,94
37,"403600A",49,636,425,211
37,"403620",49,235,129,106
37,"403620A",49,826,511,315
37,"403640",49,157,64,93
37,"403640A",49,984,528,456
37,"403670",49,130,46,84
37,"403670A",49,946,507,439
37,"403690",49,144,60,84
37,"403690A",49,1233,621,612
37,"403720",49,197,88,109
37,"403720A",49,942,550,392
37,"403820",49,177,57,120
37,"403820A",49,989,518,471
37,"403840",49,173,72,101
37,"403840A",49,1017,517,500
37,"403890",49,141,41,100
37,"403890A",49,695,301,394
37,"403900",49,102,33,69
37,"403900A",49,534,251,283
37,"403910",49,178,71,107
37,"403910A",49,1010,593,417
37,"403920",49,167,47,120
37,"403920A",49,917,483,434
37,"403930",49,133,43,90
37,"403930A",49,1005,503,502
37,"403940",49,90,45,45
37,"403940A",49,611,304,307
37,"404000",49,179,73,106
37,"404000A",49,729,462,267
37,"404010",49,108,48,60
37,"404010A",49,785,496,289
37,"404030",49,153,72,81
37,"404030A",49,771,454,317
37,"404040",49,163,75,88
37,"404040A",49,1187,681,506
37,"404060",49,194,62,132
37,"404060A",49,1007,534,473
37,"404070",49,123,35,88
37,"404070A",49,710,352,358
37,"404090",49,157,62,95
37,"404090A",49,1117,701,416
37,"404100",49,102,29,73
37,"404100A",49,586,303,283
37,"404120",49,168,81,87
37,"404120A",49,911,535,376
37,"404130",49,176,77,99
37,"404130A",49,995,539,456
37,"404200",49,173,99,74
37,"404200A",49,758,469,289
37,"404210",49,105,52,53
37,"404210A",49,747,408,339
37,"404220",49,56,21,35
37,"404220A",49,863,516,347
37,"404230",49,110,43,67
37,"404230A",49,515,272,243
37,"404270",49,126,54,72
37,"404270A",49,529,329,200
37,"404310",49,94,34,60
37,"404310A",49,771,404,367
37,"404380",49,231,110,121
37,"404380A",49,965,552,413
37,"404410",49,122,54,68
37,"404410A",49,870,367,503
37,"404500",49,190,100,90
37,"404500A",49,608,402,206
37,"404510",49,190,96,94
37,"404510A",49,840,538,302
37,"404640",49,157,59,98
37,"404640A",49,971,562,409
37,"404710",49,194,89,105
37,"404710A",49,926,527,399
37,"404830",49,171,94,77
37,"404830A",49,555,386,169
37,"404900",49,212,99,113
37,"404900A",49,1026,653,373
37,"405030",49,120,59,61
37,"405030A",49,445,268,177
37,"405060",49,122,53,69
37,"405060A",49,655,425,230
37,"405160",49,147,43,104
37,"405160A",49,965,562,403
37,"405180",49,146,63,83
37,"405180A",49,911,524,387
37,"405300",49,136,77,59
37,"405300A",49,663,413,250
37,"405350",49,32,12,20
37,"405350A",49,1200,753,447
37,"405400",49,217,87,130
37,"405400A",49,918,540,378
37,"405500",49,138,47,91
37,"405500A",49,759,456,303
37,"405610",49,168,83,85
37,"405610A",49,865,529,336
37,"405700",49,148,67,81
37,"405700A",49,772,516,256
37,"405810",49,99,43,56
37,"405810A",49,1136,745,391
37,"405880",49,162,87,75
37,"405880A",49,561,346,215
37,"405960",49,95,33,62
37,"405960A",49,667,378,289
37,"405990",49,30,10,20
37,"405990A",49,111,59,52
37,"406000",49,140,66,74
37,"406000A",49,672,370,302
37,"406010",49,154,89,65
37,"406010A",49,643,393,250
37,"406030",49,206,85,121
37,"406030A",49,920,502,418
37,"406050",49,140,81,59
37,"406050A",49,590,375,215
37,"406120",49,39,15,24
37,"406120A",49,120,76,44
37,"406210",49,207,119,88
37,"406210A",49,936,626,310
37,"406260",49,88,34,54
37,"406260A",49,876,507,369
37,"406270",49,138,51,87
37,"406270A",49,960,512,448
37,"406340",49,56,25,31
37,"406340A",49,1107,661,446
37,"406370",49,122,42,80
37,"406370A",49,1038,539,499
37,"406390",49,128,42,86
37,"406390A",49,827,472,355
37,"406400",49,225,102,123
37,"406400A",49,1113,623,490
37,"406420",49,132,48,84
37,"406420A",49,1013,589,424
37,"406430",49,142,74,68
37,"406430A",49,727,412,315
37,"406440",49,185,86,99
37,"406440A",49,1206,598,608
37,"406510",49,205,93,112
37,"406510A",49,922,574,348
37,"406600",49,65,24,41
37,"406600A",49,661,329,332
37,"406610",49,173,67,106
37,"406610A",49,972,526,446
37,"406630",49,158,81,77
37,"406630A",49,714,420,294
37,"406800",49,141,68,73
37,"406800A",49,954,620,334
37,"406820",49,175,78,97
37,"406820A",49,906,525,381
37,"407100",49,143,58,85
37,"407100A",49,881,525,356
37,"408000",49,165,71,94
37,"408000A",49,1209,750,459
37,"408010",49,94,38,56
37,"408010A",49,896,499,397
37,"408030",49,127,58,69
37,"408030A",49,983,606,377
37,"408040",49,96,32,64
37,"408040A",49,862,450,412
37,"408070",49,140,58,82
37,"408070A",49,1061,563,498
37,"408071",49,68,37,31
37,"408071A",49,629,396,233
37,"408080",49,130,49,81
37,"408080A",49,1063,629,434
37,"408090",49,148,60,88
37,"408090A",49,1142,598,544
37,"408110",49,81,32,49
37,"408110A",49,932,516,416
37,"408120",49,142,54,88
37,"408120A",49,1152,679,473
37,"408130",49,60,27,33
37,"408130A",49,532,316,216
37,"408150",49,86,39,47
37,"408150A",49,619,324,295
37,"408170",49,72,30,42
37,"408170A",49,1054,577,477
37,"408192",49,65,21,44
37,"408192A",49,744,459,285
37,"408200",49,140,62,78
37,"408200A",49,1053,646,407
37,"408210",49,72,23,49
37,"408210A",49,970,587,383
37,"408230",49,143,54,89
37,"408230A",49,709,425,284
37,"408240",49,178,73,105
37,"408240A",49,1134,723,411
37,"408260",49,194,78,116
37,"408260A",49,1062,587,475
37,"408270",49,145,62,83
37,"408270A",49,1185,665,520
37,"408280",49,124,60,64
37,"408280A",49,1096,656,440
37,"408300",49,137,50,87
37,"408300A",49,954,590,364
37,"408320",49,231,90,141
37,"408320A",49,1117,649,468
37,"408330",49,76,24,52
37,"408330A",49,1036,542,494
37,"408450",49,82,30,52
37,"408450A",49,934,579,355
37,"408490",49,145,54,91
37,"408490A",49,1052,588,464
37,"408500",49,238,126,112
37,"408500A",49,988,637,351
37,"408550",49,92,36,56
37,"408550A",49,1284,679,605
37,"408570",49,96,38,58
37,"408570A",49,1084,611,473
37,"408580",49,87,39,48
37,"408580A",49,691,364,327
37,"408590",49,82,31,51
37,"408590A",49,960,596,364
37,"408620",49,87,34,53
37,"408620A",49,1313,689,624
37,"408650",49,14,4,10
37,"408650A",49,750,419,331
37,"408700",49,169,68,101
37,"408700A",49,936,588,348
37,"408770",49,130,64,66
37,"408770A",49,826,498,328
37,"408800",49,30,8,22
37,"408800A",49,326,149,177
37,"408850",49,80,36,44
37,"408850A",49,1208,698,510
37,"408900",49,137,62,75
37,"408900A",49,1146,645,501
37,"408930",49,105,35,70
37,"408930A",49,975,478,497
37,"409040",49,25,14,11
37,"409040A",49,86,50,36
37,"409070",49,137,38,99
37,"409070A",49,1062,534,528
37,"409080",49,91,33,58
37,"409080A",49,762,426,336
37,"409140",49,44,18,26
37,"409140A",49,355,220,135
37,"409190",49,117,54,63
37,"409190A",49,988,584,404
37,"409200",49,129,48,81
37,"409200A",49,958,553,405
37,"409210",49,173,78,95
37,"409210A",49,819,508,311
37,"409211",49,55,22,33
37,"409211A",49,153,95,58
37,"409240",49,118,54,64
37,"409240A",49,922,468,454
37,"409290",49,97,46,51
37,"409290A",49,807,510,297
37,"409300",49,226,114,112
37,"409300A",49,1007,614,393
37,"409320",49,54,19,35
37,"409320A",49,637,339,298
37,"409402",49,111,50,61
37,"409402A",49,903,512,391
37,"409430",49,96,42,54
37,"409430A",49,952,612,340
37,"409440",49,144,73,71
37,"409440A",49,992,555,437
37,"409460",49,104,36,68
37,"409460A",49,660,374,286
37,"409461",49,156,73,83
37,"409461A",49,914,539,375
37,"409490",49,106,45,61
37,"409490A",49,715,424,291
37,"409500",49,76,42,34
37,"409500A",49,498,264,234
37,"409520",49,138,55,83
37,"409520A",49,1154,654,500
37,"409590",49,111,49,62
37,"409590A",49,1160,652,508
37,"409591",49,85,30,55
37,"409591A",49,1110,603,507
37,"409600",49,80,24,56
37,"409600A",49,904,491,413
37,"409660",49,94,44,50
37,"409660A",49,785,486,299
37,"409741",49,26,12,14
37,"409741A",49,144,84,60
37,"409810",49,146,62,84
37,"409810A",49,1058,658,400
37,"409830",49,91,39,52
37,"409830A",49,789,452,337
37,"409870",49,91,35,56
37,"409870A",49,937,504,433
37,"409900",49,34,9,25
37,"409900A",49,667,353,314
37,"412000",49,188,88,100
37,"412000A",49,882,527,355
37,"412010",49,156,72,84
37,"412010A",49,991,663,328
37,"412040",49,195,104,91
37,"412040A",49,1250,874,376
37,"412050",49,149,66,83
37,"412050A",49,1193,779,414
37,"412080",49,120,51,69
37,"412080A",49,910,595,315
37,"412130",49,104,52,52
37,"412130A",49,902,569,333
37,"412230",49,93,45,48
37,"412230A",49,1025,618,407
37,"412240",49,131,53,78
37,"412240A",49,876,580,296
37,"412250",49,14,7,7
37,"412250A",49,93,70,23
37,"412270",49,91,37,54
37,"412270A",49,867,510,357
37,"412280",49,53,24,29
37,"412280A",49,631,384,247
37,"412300",49,50,30,20
37,"412300A",49,487,330,157
37,"412320",49,55,13,42
37,"412320A",49,527,357,170
37,"412350",49,122,57,65
37,"412350A",49,1236,714,522
37,"412380",49,150,79,71
37,"412380A",49,1101,742,359
37,"412400",49,165,89,76
37,"412400A",49,1079,732,347
37,"412600",49,110,44,66
37,"412600A",49,1294,656,638
37,"412640",49,62,29,33
37,"412640A",49,551,324,227
37,"412750",49,178,88,90
37,"412750A",49,1108,751,357
37,"412760",49,137,58,79
37,"412760A",49,1118,765,353
37,"412800",49,78,32,46
37,"412800A",49,881,558,323
37,"412820",49,114,37,77
37,"412820A",49,1109,617,492
37,"412830",49,121,49,72
37,"412830A",49,1098,752,346
37,"412880",49,77,36,41
37,"412880A",49,735,430,305
37,"413230",49,244,141,103
37,"413230A",49,1103,769,334
37,"413240",49,162,72,90
37,"413240A",49,923,621,302
37,"413270",49,119,71,48
37,"413270A",49,663,478,185
37,"413430",49,92,44,48
37,"413430A",49,1055,650,405
37,"413470",49,88,44,44
37,"413470A",49,952,567,385
37,"413590",49,150,83,67
37,"413590A",49,788,537,251
37,"413600",49,99,44,55
37,"413600A",49,818,576,242
37,"413900",49,168,102,66
37,"413900A",49,898,606,292
37,"413970",49,169,91,78
37,"413970A",49,1057,719,338
37,"414010",49,131,70,61
37,"414010A",49,740,509,231
37,"414030",49,147,69,78
37,"414030A",49,1266,827,439
37,"414080",49,140,60,80
37,"414080A",49,906,603,303
37,"416000",49,69,32,37
37,"416000A",49,650,351,299
37,"416010",49,111,49,62
37,"416010A",49,687,423,264
37,"416050",49,50,17,33
37,"416050A",49,616,376,240
37,"416080",49,87,44,43
37,"416080A",49,733,442,291
37,"416120",49,118,64,54
37,"416120A",49,707,487,220
37,"416200",49,138,65,73
37,"416200A",49,835,570,265
37,"416210",49,106,56,50
37,"416210A",49,764,458,306
37,"416600",49,73,29,44
37,"416600A",49,774,502,272
37,"416800",49,115,66,49
37,"416800A",49,711,519,192
37,"416920",49,64,38,26
37,"416920A",49,526,303,223
37,"417600",50,102,38,64
37,"417600A",50,657,423,234
37,"417640",50,69,26,43
37,"417640A",50,776,400,376
37,"418200",49,147,64,83
37,"418200A",49,1117,652,465
37,"418230A",49,13,9,4
37,"418400",49,123,58,65
37,"418400A",49,1342,887,455
37,"419500",48,183,90,93
37,"419500A",48,691,365,326
37,"419510",48,175,78,97
37,"419510A",48,742,373,369
37,"419560",48,132,31,101
37,"419560A",48,794,300,494
37,"419570",48,77,16,61
37,"419570A",48,776,293,483
37,"419580",48,140,42,98
37,"419580A",48,1025,399,626
37,"419591",48,153,33,120
37,"419591A",48,828,310,518
37,"419610",48,120,42,78
37,"419610A",48,879,359,520
37,"419680",48,16,4,12
37,"419680A",48,73,28,45
37,"419750",48,67,10,57
37,"419750A",48,367,168,199
37,"419790",48,67,11,56
37,"419790A",48,680,270,410
37,"419900",48,212,57,155
37,"419900A",48,784,363,421
37,"419932",48,89,34,55
37,"419932A",48,444,214,230
37,"419990A",48,40,12,28
37,"420010",48,143,71,72
37,"420010A",48,409,244,165
37,"420020",48,37,9,28
37,"420020A",48,383,136,247
37,"420030",48,239,101,138
37,"420030A",48,624,345,279
37,"420040",48,97,28,69
37,"420040A",48,504,205,299
37,"420050A",49,20,8,12
37,"420090",48,157,58,99
37,"420090A",48,1083,444,639
37,"420130",48,157,68,89
37,"420130A",48,875,422,453
37,"420231",48,146,33,113
37,"420231A",48,1053,416,637
37,"420300",48,88,30,58
37,"420300A",48,832,354,478
37,"420330",48,74,23,51
37,"420330A",48,845,303,542
37,"420370",48,11,2,9
37,"420370A",48,88,31,57
37,"420371A",48,31,7,24
37,"420471",48,137,32,105
37,"420471A",48,1006,413,593
37,"420520",48,150,30,120
37,"420520A",48,957,362,595
37,"420540A",48,68,17,51
37,"420561",49,77,21,56
37,"420561A",49,556,219,337
37,"420570A",48,78,29,49
37,"420650A",49,10,6,4
37,"421000",49,28,7,21
37,"421000A",49,278,90,188
37,"421001",48,175,56,119
37,"421001A",48,768,343,425
37,"421300",49,11,6,5
37,"421300A",49,42,19,23
37,"421400",48,116,31,85
37,"421400A",48,597,250,347
37,"421410",48,73,29,44
37,"421410A",48,579,217,362
37,"421500",48,123,28,95
37,"421500A",48,612,254,358
37,"421640",48,10,6,4
37,"421640A",48,51,17,34
37,"421681A",48,25,7,18
37,"421790",50,20,3,17
37,"421790A",50,341,146,195
37,"421880A",49,31,20,11
37,"422900",49,145,73,72
37,"422900A",49,624,365,259
37,"422910",49,164,74,90
37,"422910A",49,772,399,373
37,"422920",49,160,76,84
37,"422920A",49,810,427,383
37,"422930",49,192,58,134
37,"422930A",49,991,505,486
37,"422940",49,177,73,104
37,"422940A",49,763,451,312
37,"422960",49,98,48,50
37,"422960A",49,374,216,158
37,"422970",49,134,67,67
37,"422970A",49,594,357,237
37,"422980",49,196,92,104
37,"422980A",49,922,567,355
37,"422990",49,169,56,113
37,"422990A",49,1139,541,598
37,"423030",49,45,30,15
37,"423030A",49,95,66,29
37,"423070",49,110,36,74
37,"423070A",49,1202,705,497
37,"423090",49,154,50,104
37,"423090A",49,1048,574,474
37,"423130",49,10,6,4
37,"423130A",49,22,15,7
37,"423140",49,143,67,76
37,"423140A",49,635,363,272
37,"423240",49,94,32,62
37,"423240A",49,904,494,410
37,"423310",49,208,93,115
37,"423310A",49,577,392,185
37,"423320",49,148,71,77
37,"423320A",49,632,353,279
37,"423360",49,201,108,93
37,"423360A",49,827,502,325
37,"423410",49,129,65,64
37,"423410A",49,647,407,240
37,"423560",49,193,99,94
37,"423560A",49,515,347,168
37,"423640",49,27,4,23
37,"423640A",49,129,77,52
37,"423700",49,183,91,92
37,"423700A",49,552,345,207
37,"423800",49,136,88,48
37,"423800A",49,347,244,103
37,"423900",49,95,66,29
37,"423900A",49,265,193,72
37,"424010",49,20,11,9
37,"424010A",49,79,61,18
37,"424020",49,150,83,67
37,"424020A",49,469,312,157
37,"424100",49,191,77,114
37,"424100A",49,939,534,405
37,"424210",49,24,11,13
37,"424210A",49,134,68,66
37,"424230",49,168,88,80
37,"424230A",49,922,586,336
37,"424600",49,138,58,80
37,"424600A",49,578,326,252
37,"424680",49,131,53,78
37,"424680A",49,757,360,397
37,"424700",49,214,118,96
37,"424700A",49,769,503,266
37,"424800",49,135,57,78
37,"424800A",49,736,405,331
37,"424810",49,134,56,78
37,"424810A",49,665,429,236
37,"424890",49,204,119,85
37,"424890A",49,617,400,217
37,"424900",49,104,45,59
37,"424900A",49,505,272,233
37,"424930",49,182,82,100
37,"424930A",49,1018,592,426
37,"425130",49,128,65,63
37,"425130A",49,627,340,287
37,"425220",49,172,52,120
37,"425220A",49,939,463,476
37,"425240",49,193,66,127
37,"425240A",49,1149,589,560
37,"425320",49,203,90,113
37,"425320A",49,782,450,332
37,"425330",49,97,39,58
37,"425330A",49,831,427,404
37,"425390",49,168,54,114
37,"425390A",49,1025,529,496
37,"425440",49,128,50,78
37,"425440A",49,965,562,403
37,"425510",49,58,28,30
37,"425510A",49,133,65,68
37,"425630",49,125,69,56
37,"425630A",49,642,383,259
37,"425780A",49,10,4,6
37,"425840",49,32,18,14
37,"425840A",49,156,101,55
37,"425930",49,24,11,13
37,"425930A",49,187,122,65
37,"428310",49,189,54,135
37,"428310A",49,967,454,513
37,"428520",49,12,2,10
37,"428520A",49,62,28,34
37,"428530",49,13,2,11
37,"428530A",49,184,71,113
37,"428600",49,75,24,51
37,"428600A",49,588,283,305
37,"428610",50,61,24,37
37,"428610A",50,544,242,302
37,"428611",49,61,14,47
37,"428611A",49,415,181,234
37,"428631",50,150,49,101
37,"428631A",50,954,428,526
37,"428632",50,34,14,20
37,"428632A",50,205,112,93
37,"428710",49,13,6,7
37,"428710A",49,83,40,43
37,"428711A",50,25,15,10
37,"428730A",50,49,18,31
37,"428781A",49,13,7,6
37,"428790A",50,40,15,25
37,"428800",50,47,22,25
37,"428800A",50,345,145,200
37,"428810",50,61,24,37
37,"428810A",50,326,173,153
37,"428900",50,46,19,27
37,"428900A",50,370,193,177
37,"428910",50,111,37,74
37,"428910A",50,795,398,397
37,"429001",48,50,25,25
37,"429001A",48,512,210,302
37,"429012",48,15,6,9
37,"429012A",48,188,92,96
37,"429080",50,120,25,95
37,"429080A",50,592,251,341
37,"429300",49,52,17,35
37,"429300A",49,209,115,94
37,"429340",50,162,74,88
37,"429340A",50,832,394,438
37,"429370",49,73,39,34
37,"429370A",49,336,176,160
37,"429500",49,49,14,35
37,"429500A",49,172,102,70
37,"429510",49,108,39,69
37,"429510A",49,507,256,251
37,"429620",49,34,22,12
37,"429620A",49,282,127,155
37,"429900",49,79,31,48
37,"429900A",49,493,252,241
37,"430100",50,58,17,41
37,"430100A",50,756,409,347
37,"430110",50,54,22,32
37,"430110A",50,819,422,397
37,"430170",50,53,10,43
37,"430170A",50,685,324,361
37,"430250",50,33,15,18
37,"430250A",50,199,115,84
37,"430280",50,53,14,39
37,"430280A",50,689,381,308
37,"430420",50,9,2,7
37,"430420A",50,139,56,83
37,"432000",50,91,38,53
37,"432000A",50,713,379,334
37,"432020",50,178,74,104
37,"432020A",50,989,564,425
37,"432030",50,103,42,61
37,"432030A",50,787,472,315
37,"432050",50,287,173,114
37,"432050A",50,666,453,213
37,"432060",50,187,107,80
37,"432060A",50,719,466,253
37,"432070",50,52,20,32
37,"432070A",50,206,97,109
37,"432090",50,156,50,106
37,"432090A",50,1199,619,580
37,"432130",50,152,56,96
37,"432130A",50,990,568,422
37,"432190A",50,32,24,8
37,"432200",50,229,131,98
37,"432200A",50,639,432,207
37,"432210",50,95,50,45
37,"432210A",50,492,329,163
37,"432230",50,60,24,36
37,"432230A",50,457,228,229
37,"432231",50,195,110,85
37,"432231A",50,727,406,321
37,"432240",50,148,66,82
37,"432240A",50,1088,636,452
37,"432260",50,152,74,78
37,"432260A",50,760,467,293
37,"432291",50,86,27,59
37,"432291A",50,781,468,313
37,"432300",50,142,54,88
37,"432300A",50,980,515,465
37,"432310",50,80,26,54
37,"432310A",50,712,328,384
37,"432320",50,75,31,44
37,"432320A",50,409,225,184
37,"432321",50,126,80,46
37,"432321A",50,516,313,203
37,"432332A",50,65,40,25
37,"432340",50,114,44,70
37,"432340A",50,846,450,396
37,"432400",50,120,56,64
37,"432400A",50,1107,540,567
37,"432410",50,110,44,66
37,"432410A",50,594,323,271
37,"432412",50,17,5,12
37,"432412A",50,106,76,30
37,"432450",50,93,49,44
37,"432450A",50,652,369,283
37,"432460",50,83,35,48
37,"432460A",50,806,434,372
37,"432490",50,133,59,74
37,"432490A",50,875,493,382
37,"432520",50,98,53,45
37,"432520A",50,336,225,111
37,"432521",50,49,34,15
37,"432521A",50,145,99,46
37,"432530",50,99,47,52
37,"432530A",50,440,235,205
37,"432532",50,28,17,11
37,"432532A",50,94,63,31
37,"432540",50,156,97,59
37,"432540A",50,554,335,219
37,"432551",50,30,14,16
37,"432551A",50,133,80,53
37,"432561A",50,29,13,16
37,"432570",50,13,5,8
37,"432570A",50,369,217,152
37,"432580",50,68,19,49
37,"432580A",50,1250,700,550
37,"432600",50,266,146,120
37,"432600A",50,612,326,286
37,"432602",50,237,137,100
37,"432602A",50,703,444,259
37,"432610",50,10,5,5
37,"432610A",50,16,9,7
37,"432620",50,208,96,112
37,"432620A",50,1017,644,373
37,"432621",50,139,52,87
37,"432621A",50,778,445,333
37,"432670",50,100,39,61
37,"432670A",50,563,332,231
37,"432690",50,85,28,57
37,"432690A",50,866,454,412
37,"432700",50,122,51,71
37,"432700A",50,746,426,320
37,"432710A",50,10,6,4
37,"432790",50,54,23,31
37,"432790A",50,312,184,128
37,"432800",50,83,32,51
37,"432800A",50,810,427,383
37,"432830",50,145,61,84
37,"432830A",50,1049,621,428
37,"432834",50,120,46,74
37,"432834A",50,799,454,345
37,"432860",50,125,56,69
37,"432860A",50,915,538,377
37,"432940A",50,13,7,6
37,"432960",50,11,4,7
37,"432960A",50,84,34,50
37,"432970",50,152,55,97
37,"432970A",50,885,559,326
37,"432971",50,191,105,86
37,"432971A",50,848,538,310
37,"433000",50,12,4,8
37,"433000A",50,129,64,65
37,"433151",50,21,13,8
37,"433151A",50,45,26,19
37,"433341",50,122,53,69
37,"433341A",50,977,575,402
37,"433550",50,52,19,33
37,"433550A",50,549,247,302
37,"433570A",50,23,5,18
37,"433810",50,60,18,42
37,"433810A",50,444,192,252
37,"433820",50,149,50,99
37,"433820A",50,1224,687,537
37,"433830A",50,100,51,49
37,"434120A",50,16,4,12
37,"434200",50,27,5,22
37,"434200A",50,252,102,150
37,"434240A",50,53,20,33
37,"435000",50,133,59,74
37,"435000A",50,980,553,427
37,"435010",50,172,69,103
37,"435010A",50,1170,802,368
37,"435020",50,104,46,58
37,"435020A",50,1046,647,399
37,"435021",50,128,67,61
37,"435021A",50,1029,544,485
37,"435030",50,105,54,51
37,"435030A",50,1074,672,402
37,"435040",50,124,58,66
37,"435040A",50,1031,634,397
37,"435060",50,67,29,38
37,"435060A",50,875,524,351
37,"435090",50,42,11,31
37,"435090A",50,805,364,441
37,"435340",50,73,29,44
37,"435340A",50,716,341,375
37,"435480",50,70,24,46
37,"435480A",50,769,457,312
37,"435490",50,66,33,33
37,"435490A",50,317,207,110
37,"435720",50,85,30,55
37,"435720A",50,950,435,515
37,"436040",50,92,37,55
37,"436040A",50,1038,474,564
37,"436340",50,100,40,60
37,"436340A",50,714,285,429
37,"436430A",50,65,31,34
37,"436450A",50,27,12,15
37,"436550",50,24,7,17
37,"436550A",50,330,159,171
37,"436560",50,104,34,70
37,"436560A",50,691,277,414
37,"436650",50,106,33,73
37,"436650A",50,641,285,356
37,"436802",50,14,5,9
37,"436802A",50,158,74,84
37,"438000",50,128,39,89
37,"438000A",50,1098,592,506
37,"438200",50,151,58,93
37,"438200A",50,953,533,420
37,"438210",50,133,64,69
37,"438210A",50,973,532,441
37,"438500",50,128,45,83
37,"438500A",50,1011,583,428
37,"438800",50,133,41,92
37,"438800A",50,987,503,484
37,"438900",50,156,72,84
37,"438900A",50,1200,680,520
37,"439000",50,93,34,59
37,"439000A",50,750,420,330
37,"439800",50,99,27,72
37,"439800A",50,1156,579,577
37,"441600",52,183,78,105
37,"441600A",52,951,526,425
37,"441610",52,149,68,81
37,"441610A",52,667,402,265
37,"441800",52,200,100,100
37,"441800A",52,732,422,310
37,"441900",52,192,107,85
37,"441900A",52,688,459,229
37,"442030",52,134,61,73
37,"442030A",52,483,303,180
37,"442100",52,159,55,104
37,"442100A",52,762,415,347
37,"442400",52,134,59,75
37,"442400A",52,859,455,404
37,"442420",52,161,78,83
37,"442420A",52,651,396,255
37,"442520",52,133,49,84
37,"442520A",52,806,427,379
37,"442700",52,189,99,90
37,"442700A",52,634,391,243
37,"443000A",48,52,15,37
37,"443030",48,153,68,85
37,"443030A",48,601,288,313
37,"443040",48,86,24,62
37,"443040A",48,325,189,136
37,"443050",48,190,55,135
37,"443050A",48,1023,440,583
37,"443090A",48,23,7,16
37,"443430",48,147,53,94
37,"443430A",48,578,250,328
37,"444600",48,167,51,116
37,"444600A",48,772,331,441
37,"444670A",48,21,8,13
37,"444850",48,119,53,66
37,"444850A",48,178,101,77
37,"445920",48,95,44,51
37,"445920A",48,546,243,303
37,"447140",48,23,6,17
37,"447140A",48,396,132,264
37,"447150",48,164,84,80
37,"447150A",48,598,307,291
37,"447170A",48,34,12,22
37,"447740",48,15,3,12
37,"447740A",48,149,80,69
37,"448010",48,146,39,107
37,"448010A",48,753,292,461
37,"448040",48,101,21,80
37,"448040A",48,627,182,445
37,"448050",48,127,45,82
37,"448050A",48,852,415,437
37,"448070",48,157,48,109
37,"448070A",48,868,353,515
37,"448110A",48,36,17,19
37,"448160",48,71,19,52
37,"448160A",48,494,194,300
37,"448171A",48,41,15,26
37,"448190",48,123,42,81
37,"448190A",48,762,295,467
37,"448290",48,95,24,71
37,"448290A",48,804,352,452
37,"448301",48,18,3,15
37,"448301A",48,235,87,148
37,"448380",48,145,41,104
37,"448380A",48,1038,381,657
37,"448390",48,151,54,97
37,"448390A",48,984,370,614
37,"448580",48,123,36,87
37,"448580A",48,663,299,364
37,"448630",48,96,26,70
37,"448630A",48,722,255,467
37,"448700",48,127,41,86
37,"448700A",48,774,253,521
37,"448711",48,124,34,90
37,"448711A",48,725,247,478
37,"449110A",48,46,16,30
37,"449240A",48,43,13,30
37,"450000",48,118,31,87
37,"450000A",48,1154,501,653
37,"450030",48,108,39,69
37,"450030A",48,1042,430,612
37,"450090",48,29,8,21
37,"450090A",48,470,191,279
37,"450301",48,122,38,84
37,"450301A",48,711,274,437
37,"450340",48,55,23,32
37,"450340A",48,341,146,195
37,"450380",48,43,24,19
37,"450380A",48,347,173,174
37,"450521A",50,46,33,13
37,"450522",48,16,6,10
37,"450522A",48,107,47,60
37,"450540",50,21,10,11
37,"450540A",50,153,64,89
37,"450670A",50,42,18,24
37,"450900",50,95,26,69
37,"450900A",50,761,340,421
37,"450910A",50,98,42,56
37,"450970",50,108,36,72
37,"450970A",50,685,319,366
37,"450990A",50,153,51,102
37,"451010A",50,131,72,59
37,"451020",50,9,4,5
37,"451020A",50,46,23,23
37,"451200",50,59,18,41
37,"451200A",50,310,173,137
37,"451220",50,10,4,6
37,"451220A",50,196,98,98
37,"451320",50,81,29,52
37,"451320A",50,583,234,349
37,"451410",50,113,33,80
37,"451410A",50,1056,506,550
37,"451610",50,72,31,41
37,"451610A",50,809,406,403
37,"451620",50,12,7,5
37,"451620A",50,74,24,50
37,"453500",48,17,6,11
37,"453500A",48,204,82,122
37,"453530",50,16,4,12
37,"453530A",50,89,34,55
37,"453690A",48,24,18,6
37,"454500",48,142,52,90
37,"454500A",48,956,425,531
37,"454510",48,144,34,110
37,"454510A",48,1065,494,571
37,"454520",48,116,47,69
37,"454520A",48,907,434,473
37,"454530",48,17,5,12
37,"454530A",48,111,64,47
37,"454540",50,60,18,42
37,"454540A",50,603,273,330
37,"454560",48,20,9,11
37,"454560A",48,107,56,51
37,"454570",48,97,46,51
37,"454570A",48,410,236,174
37,"454600",48,93,45,48
37,"454600A",48,584,320,264
37,"454620",48,79,24,55
37,"454620A",48,730,380,350
37,"454640",48,128,46,82
37,"454640A",48,1040,498,542
37,"454670",48,105,47,58
37,"454670A",48,670,313,357
37,"454680",48,129,54,75
37,"454680A",48,409,230,179
37,"454690",48,146,73,73
37,"454690A",48,843,449,394
37,"454691",48,182,101,81
37,"454691A",48,811,490,321
37,"454760",48,130,42,88
37,"454760A",48,1086,591,495
37,"454800",48,159,87,72
37,"454800A",48,760,398,362
37,"454830",48,91,42,49
37,"454830A",48,564,243,321
37,"454900",48,119,56,63
37,"454900A",48,611,355,256
37,"454950",48,110,42,68
37,"454950A",48,847,421,426
37,"454980",48,70,35,35
37,"454980A",48,198,105,93
37,"454990",48,68,36,32
37,"454990A",48,360,209,151
37,"455000",48,124,65,59
37,"455000A",48,620,337,283
37,"455020",48,138,69,69
37,"455020A",48,772,456,316
37,"455030",48,152,48,104
37,"455030A",48,983,463,520
37,"455100",48,201,89,112
37,"455100A",48,850,472,378
37,"455110",48,103,37,66
37,"455110A",48,854,410,444
37,"455111",48,137,73,64
37,"455111A",48,671,350,321
37,"455200",48,138,68,70
37,"455200A",48,881,480,401
37,"455210",48,129,52,77
37,"455210A",48,880,461,419
37,"455240",48,174,100,74
37,"455240A",48,611,390,221
37,"455250",50,162,96,66
37,"455250A",50,544,376,168
37,"455270",50,89,29,60
37,"455270A",50,1112,553,559
37,"455310",48,163,83,80
37,"455310A",48,622,403,219
37,"455330",48,167,97,70
37,"455330A",48,583,344,239
37,"455430",50,47,23,24
37,"455430A",50,230,154,76
37,"455520",50,76,21,55
37,"455520A",50,747,383,364
37,"455560",50,75,37,38
37,"455560A",50,580,327,253
37,"455810",50,106,67,39
37,"455810A",50,460,295,165
37,"456410",50,177,93,84
37,"456410A",50,738,485,253
37,"456520",50,150,56,94
37,"456520A",50,1149,556,593
37,"456550A",48,11,3,8
37,"456660",50,147,77,70
37,"456660A",50,693,366,327
37,"456800",50,209,121,88
37,"456800A",50,776,467,309
37,"456840",48,19,8,11
37,"456840A",48,24,12,12
37,"456910",48,108,62,46
37,"456910A",48,363,246,117
37,"457000",48,69,38,31
37,"457000A",48,568,316,252
37,"457120",48,135,80,55
37,"457120A",48,687,395,292
37,"457170",50,134,51,83
37,"457170A",50,823,430,393
37,"457250",50,82,36,46
37,"457250A",50,716,333,383
37,"457270",50,42,13,29
37,"457270A",50,339,161,178
37,"457300",50,99,36,63
37,"457300A",50,558,277,281
37,"457310",50,56,26,30
37,"457310A",50,269,161,108
37,"457320",48,88,55,33
37,"457320A",48,400,248,152
37,"457400",50,68,49,19
37,"457400A",50,350,222,128
37,"457430",50,14,9,5
37,"457430A",50,94,66,28
37,"457590",50,15,6,9
37,"457590A",50,60,37,23
37,"457610",50,36,17,19
37,"457610A",50,287,150,137
37,"457700",50,120,55,65
37,"457700A",50,688,415,273
37,"457710",50,124,71,53
37,"457710A",50,690,450,240
37,"458000",50,155,78,77
37,"458000A",50,680,450,230
37,"458030",50,58,24,34
37,"458030A",50,428,213,215
37,"458110",50,127,50,77
37,"458110A",50,828,422,406
37,"458130",50,148,79,69
37,"458130A",50,499,333,166
37,"458170",50,147,48,99
37,"458170A",50,956,521,435
37,"458310",50,92,34,58
37,"458310A",50,1136,524,612
37,"458360",50,47,13,34
37,"458360A",50,344,170,174
37,"458500",50,139,76,63
37,"458500A",50,678,416,262
37,"458800",50,44,16,28
37,"458800A",50,341,180,161
37,"459010",50,141,40,101
37,"459010A",50,942,503,439
37,"459020A",50,47,19,28
37,"459110",50,76,26,50
37,"459110A",50,540,311,229
37,"459200",50,133,59,74
37,"459200A",50,599,348,251
37,"459320",50,90,40,50
37,"459320A",50,587,298,289
37,"459420",50,93,36,57
37,"459420A",50,1129,557,572
37,"459510",50,67,27,40
37,"459510A",50,610,310,300
37,"461160",48,143,44,99
37,"461160A",48,1237,639,598
37,"461180A",48,15,1,14
37,"461190",48,106,34,72
37,"461190A",48,1189,613,576
37,"461200",48,89,34,55
37,"461200A",48,1098,494,604
37,"461240",48,94,27,67
37,"461240A",48,917,402,515
37,"461280",48,106,48,58
37,"461280A",48,1116,522,594
37,"461320",48,115,45,70
37,"461320A",48,1044,485,559
37,"461330",48,134,54,80
37,"461330A",48,1005,521,484
37,"461370",48,38,6,32
37,"461370A",48,450,244,206
37,"461380",48,136,45,91
37,"461380A",48,1072,531,541
37,"461430",48,80,24,56
37,"461430A",48,825,389,436
37,"461450",48,100,37,63
37,"461450A",48,1001,515,486
37,"461500",48,124,34,90
37,"461500A",48,1074,489,585
37,"461600",48,129,53,76
37,"461600A",48,915,462,453
37,"461620",48,48,7,41
37,"461620A",48,531,254,277
37,"461670",48,154,46,108
37,"461670A",48,1144,624,520
37,"461700",48,152,55,97
37,"461700A",48,969,449,520
37,"461720",48,126,57,69
37,"461720A",48,918,463,455
37,"461750",48,190,57,133
37,"461750A",48,1044,551,493
37,"461830",48,139,67,72
37,"461830A",48,1181,645,536
37,"461900",48,110,52,58
37,"461900A",48,874,453,421
37,"462000",48,139,52,87
37,"462000A",48,881,453,428
37,"462030",48,184,85,99
37,"462030A",48,932,466,466
37,"462040",48,123,52,71
37,"462040A",48,1024,579,445
37,"462410",48,165,82,83
37,"462410A",48,762,420,342
37,"466200",48,123,36,87
37,"466200A",48,852,298,554
37,"466220",48,151,41,110
37,"466220A",48,1088,478,610
37,"466230",48,177,51,126
37,"466230A",48,950,415,535
37,"466240",48,185,62,123
37,"466240A",48,913,506,407
37,"466250",48,108,27,81
37,"466250A",48,727,297,430
37,"466260",48,162,41,121
37,"466260A",48,1046,503,543
37,"466270",48,76,21,55
37,"466270A",48,429,210,219
37,"466340",48,161,27,134
37,"466340A",48,1136,412,724
37,"466370",48,152,38,114
37,"466370A",48,533,266,267
37,"466440",48,177,54,123
37,"466440A",48,816,352,464
37,"466490",48,145,54,91
37,"466490A",48,989,437,552
37,"466520",48,148,61,87
37,"466520A",48,876,360,516
37,"466570",48,142,43,99
37,"466570A",48,1051,477,574
37,"466910",48,173,50,123
37,"466910A",48,1086,475,611
37,"467000",48,117,46,71
37,"467000A",48,877,406,471
37,"467020",48,153,33,120
37,"467020A",48,999,491,508
37,"467100",48,135,48,87
37,"467100A",48,846,380,466
37,"467120",48,32,16,16
37,"467120A",48,265,124,141
37,"467210",48,136,44,92
37,"467210A",48,899,443,456
37,"467590",48,136,48,88
37,"467590A",48,1139,602,537
37,"467610",48,175,49,126
37,"467610A",48,1101,568,533
37,"467800",48,128,40,88
37,"467800A",48,988,474,514
37,"467920",48,200,46,154
37,"467920A",48,861,364,497
37,"468020",48,211,85,126
37,"468020A",48,935,491,444
37,"468210",48,155,50,105
37,"468210A",48,915,434,481
37,"468290",48,129,30,99
37,"468290A",48,921,360,561
37,"468310A",48,29,6,23
37,"468320",48,138,41,97
37,"468320A",48,964,421,543
37,"468700",48,206,75,131
37,"468700A",48,889,412,477
37,"470400",51,126,41,85
37,"470400A",51,1233,540,693
37,"470410A",51,21,7,14
37,"470430",51,79,22,57
37,"470430A",51,997,494,503
37,"470440",51,36,11,25
37,"470440A",51,247,89,158
37,"470500",51,166,73,93
37,"470500A",51,999,490,509
37,"470520",51,67,19,48
37,"470520A",51,324,119,205
37,"470530",51,139,41,98
37,"470530A",51,772,305,467
37,"470800",51,184,74,110
37,"470800A",51,1061,506,555
37,"471120",51,128,54,74
37,"471120A",51,705,280,425
37,"471160",51,134,40,94
37,"471160A",51,521,215,306
37,"471320A",51,32,13,19
37,"471510",51,210,73,137
37,"471510A",51,587,274,313
37,"471790",51,225,72,153
37,"471790A",51,832,353,479
37,"471800",51,201,50,151
37,"471800A",51,910,322,588
37,"471900",51,228,78,150
37,"471900A",51,711,297,414
37,"472030",51,92,24,68
37,"472030A",51,522,166,356
37,"472300",51,150,65,85
37,"472300A",51,504,205,299
37,"472610",51,80,40,40
37,"472610A",51,217,99,118
37,"472800",51,188,72,116
37,"472800A",51,969,451,518
37,"472890",51,99,37,62
37,"472890A",51,1045,540,505
37,"473020",51,137,45,92
37,"473020A",51,568,255,313
37,"473510",51,116,32,84
37,"473510A",51,754,364,390
37,"473610",51,71,31,40
37,"473610A",51,417,183,234
37,"473700",51,172,86,86
37,"473700A",51,529,306,223
37,"473720",51,155,78,77
37,"473720A",51,525,315,210
37,"473810",51,160,76,84
37,"473810A",51,515,261,254
37,"474010",51,157,68,89
37,"474010A",51,601,289,312
37,"474200",51,174,75,99
37,"474200A",51,481,249,232
37,"474300",51,73,27,46
37,"474300A",51,264,118,146
37,"474400",51,183,91,92
37,"474400A",51,645,335,310
37,"474700",51,131,51,80
37,"474700A",51,673,257,416
37,"474900",51,44,14,30
37,"474900A",51,515,157,358
37,"475010A",51,47,7,40
37,"475210",51,48,19,29
37,"475210A",51,130,74,56
37,"475300",51,186,55,131
37,"475300A",51,692,276,416
37,"475310",51,165,68,97
37,"475310A",51,657,308,349
37,"475500",51,213,92,121
37,"475500A",51,799,389,410
37,"475600",51,152,61,91
37,"475600A",51,727,334,393
37,"475620",51,134,48,86
37,"475620A",51,545,263,282
37,"475800",51,128,62,66
37,"475800A",51,433,217,216
37,"476100",51,115,46,69
37,"476100A",51,698,311,387
37,"476310",51,156,54,102
37,"476310A",51,719,297,422
37,"476610",51,220,89,131
37,"476610A",51,781,374,407
37,"476900A",51,123,63,60
37,"477080",51,167,62,105
37,"477080A",51,590,203,387
37,"477530",51,156,47,109
37,"477530A",51,747,230,517
37,"477600",51,225,71,154
37,"477600A",51,842,288,554
37,"479000",48,211,116,95
37,"479000A",48,723,403,320
37,"479010",48,140,64,76
37,"479010A",48,624,347,277
37,"479030",48,93,32,61
37,"479030A",48,531,238,293
37,"479050",48,116,38,78
37,"479050A",48,774,288,486
37,"479090",48,130,49,81
37,"479090A",48,424,204,220
37,"479100",48,147,62,85
37,"479100A",48,604,271,333
37,"479120",48,74,14,60
37,"479120A",48,468,175,293
37,"479160",48,238,106,132
37,"479160A",48,845,380,465
37,"479200",48,112,38,74
37,"479200A",48,650,238,412
37,"479300",48,127,34,93
37,"479300A",48,915,332,583
37,"479310",48,164,50,114
37,"479310A",48,1043,330,713
37,"479350",48,146,52,94
37,"479350A",48,961,380,581
37,"481200",51,100,53,47
37,"481200A",51,1168,725,443
37,"481500",51,110,47,63
37,"481500A",51,841,452,389
37,"481800",51,189,79,110
37,"481800A",51,961,564,397
37,"482100",51,130,50,80
37,"482100A",51,917,523,394
37,"482400",51,190,105,85
37,"482400A",51,1008,631,377
37,"482500",51,154,86,68
37,"482500A",51,798,537,261
37,"482700",51,140,83,57
37,"482700A",51,637,382,255
37,"482800",51,139,63,76
37,"482800A",51,797,524,273
37,"483100",51,133,63,70
37,"483100A",51,966,612,354
37,"483200A",51,32,18,14
37,"483300",51,186,92,94
37,"483300A",51,981,632,349
37,"483600",51,177,115,62
37,"483600A",51,828,569,259
37,"483700",51,131,62,69
37,"483700A",51,766,515,251
37,"484220",51,153,98,55
37,"484220A",51,807,527,280
37,"484800",51,125,64,61
37,"484800A",51,842,525,317
37,"484900",51,131,72,59
37,"484900A",51,902,618,284
37,"484910",51,113,60,53
37,"484910A",51,893,607,286
37,"485000",51,122,81,41
37,"485000A",51,760,528,232
37,"485200",51,152,83,69
37,"485200A",51,1045,678,367
37,"485300",51,97,48,49
37,"485300A",51,831,505,326
37,"485600",51,78,35,43
37,"485600A",51,856,497,359
37,"485800",51,126,61,65
37,"485800A",51,953,607,346
37,"485900",51,120,59,61
37,"485900A",51,843,561,282
37,"486300",51,95,53,42
37,"486300A",51,1102,733,369
37,"486500",51,133,68,65
37,"486500A",51,867,595,272
37,"486800",51,127,71,56
37,"486800A",51,1014,641,373
37,"487010",51,106,54,52
37,"487010A",51,703,434,269
37,"487030",51,149,97,52
37,"487030A",51,889,563,326
37,"487090",51,138,71,67
37,"487090A",51,1168,760,408
37,"492800",48,79,30,49
37,"492800A",48,837,461,376
37,"492830",48,87,32,55
37,"492830A",48,580,312,268
37,"492850",48,82,46,36
37,"492850A",48,645,356,289
37,"492860",48,121,45,76
37,"492860A",48,1214,595,619
37,"493000",48,98,27,71
37,"493000A",48,916,446,470
37,"493010A",48,18,8,10
37,"493100",48,110,40,70
37,"493100A",48,1059,576,483
37,"493110",48,101,40,61
37,"493110A",48,886,433,453
37,"493190",48,62,15,47
37,"493190A",48,492,179,313
37,"494600",48,150,72,78
37,"494600A",48,937,549,388
37,"494800",48,163,88,75
37,"494800A",48,789,453,336
37,"494970",48,84,39,45
37,"494970A",48,618,314,304
37,"499100",51,105,49,56
37,"499100A",51,884,514,370
37,"499110",51,133,56,77
37,"499110A",51,590,309,281
37,"499120",51,174,74,100
37,"499120A",51,875,515,360
37,"499130",51,107,57,50
37,"499130A",51,576,336,240
37,"499210",51,149,76,73
37,"499210A",51,725,384,341
37,"499310",51,239,110,129
37,"499310A",51,807,470,337
37,"499410",51,216,118,98
37,"499410A",51,728,454,274
37,"499540",51,120,65,55
37,"499540A",51,602,384,218
37,"499620",51,140,69,71
37,"499620A",51,650,369,281
37,"499640",51,119,56,63
37,"499640A",51,742,439,303
37,"499660",51,191,78,113
37,"499660A",51,906,460,446
37,"499810A",51,17,12,5
37,"499920",51,150,77,73
37,"499920A",51,829,483,346
37,"500000",51,141,64,77
37,"500000A",51,707,389,318
37,"500010",51,157,53,104
37,"500010A",51,739,407,332
37,"500020",51,156,62,94
37,"500020A",51,767,402,365
37,"500030",51,186,86,100
37,"500030A",51,985,535,450
37,"500100",51,96,41,55
37,"500100A",51,663,357,306
37,"500110",51,115,45,70
37,"500110A",51,626,323,303
37,"500210",51,139,69,70
37,"500210A",51,709,452,257
37,"500300",51,118,62,56
37,"500300A",51,418,300,118
37,"500320",51,174,74,100
37,"500320A",51,906,575,331
37,"500610",51,154,80,74
37,"500610A",51,608,366,242
37,"500750",51,135,71,64
37,"500750A",51,762,444,318
37,"501050",51,130,69,61
37,"501050A",51,513,330,183
37,"501190",51,127,63,64
37,"501190A",51,906,462,444
37,"501310",51,131,80,51
37,"501310A",51,550,354,196
37,"501510",51,102,55,47
37,"501510A",51,621,390,231
37,"501600",51,24,14,10
37,"501600A",51,158,87,71
37,"501990",51,144,61,83
37,"501990A",51,649,319,330
37,"502170",51,138,60,78
37,"502170A",51,637,334,303
37,"502340A",48,102,39,63
37,"504500",51,165,102,63
37,"504500A",51,791,475,316
37,"504510",51,29,18,11
37,"504510A",51,153,103,50
37,"504600",51,178,107,71
37,"504600A",51,589,385,204
37,"504800",51,172,99,73
37,"504800A",51,788,509,279
37,"505100",51,99,54,45
37,"505100A",51,501,301,200
37,"505350",51,122,62,60
37,"505350A",51,732,429,303
37,"505500",51,123,64,59
37,"505500A",51,645,386,259
37,"505710",51,109,54,55
37,"505710A",51,706,427,279
37,"506000",51,142,83,59
37,"506000A",51,853,529,324
37,"506100",51,166,84,82
37,"506100A",51,784,485,299
37,"506400",51,173,92,81
37,"506400A",51,798,467,331
37,"506500",51,126,62,64
37,"506500A",51,758,482,276
37,"507000",51,102,61,41
37,"507000A",51,851,536,315
37,"510200",52,140,54,86
37,"510200A",52,852,489,363
37,"510230",48,18,4,14
37,"510230A",48,116,59,57
37,"510250",52,114,49,65
37,"510250A",52,668,373,295
37,"510260A",51,25,10,15
37,"510330",52,132,63,69
37,"510330A",52,855,463,392
37,"510360A",48,14,6,8
37,"510520",52,113,39,74
37,"510520A",52,728,398,330
37,"510600",52,107,47,60
37,"510600A",52,930,552,378
37,"510720",52,120,53,67
37,"510720A",52,1061,632,429
37,"511000",52,111,44,67
37,"511000A",52,955,557,398
37,"515600",52,188,112,76
37,"515600A",52,671,509,162
37,"515630",52,218,141,77
37,"515630A",52,642,475,167
37,"515640",52,165,102,63
37,"515640A",52,665,502,163
37,"515650",52,154,102,52
37,"515650A",52,553,399,154
37,"515660",52,115,68,47
37,"515660A",52,440,311,129
37,"515680",52,160,106,54
37,"515680A",52,775,565,210
37,"515690",52,174,101,73
37,"515690A",52,739,535,204
37,"515700",52,220,132,88
37,"515700A",52,651,512,139
37,"515920",52,140,94,46
37,"515920A",52,552,345,207
37,"516000",52,127,76,51
37,"516000A",52,648,452,196
37,"516200",52,161,103,58
37,"516200A",52,705,454,251
37,"516500",52,143,78,65
37,"516500A",52,561,348,213
37,"516510A",52,22,10,12
37,"516600",52,104,70,34
37,"516600A",52,614,417,197
37,"517110",52,208,137,71
37,"517110A",52,706,488,218
37,"517210",52,118,73,45
37,"517210A",52,572,376,196
37,"517400",52,111,63,48
37,"517400A",52,574,398,176
37,"517900",52,181,123,58
37,"517900A",52,687,500,187
37,"518000",52,124,90,34
37,"518000A",52,449,342,107
37,"518190",52,145,83,62
37,"518190A",52,684,429,255
37,"518790A",52,72,58,14
37,"518800",52,137,70,67
37,"518800A",52,798,540,258
37,"523300",52,159,91,68
37,"523300A",52,541,382,159
37,"525000",52,164,79,85
37,"525000A",52,746,461,285
37,"525010",52,92,45,47
37,"525010A",52,452,306,146
37,"525020",52,186,105,81
37,"525020A",52,679,435,244
37,"525030",52,229,127,102
37,"525030A",52,761,484,277
37,"525040",52,264,142,122
37,"525040A",52,619,412,207
37,"525100",52,94,43,51
37,"525100A",52,396,272,124
37,"525140",52,217,119,98
37,"525140A",52,692,476,216
37,"525200A",52,58,43,15
37,"525220",52,243,146,97
37,"525220A",52,842,571,271
37,"525230",52,181,105,76
37,"525230A",52,601,431,170
37,"525232",52,198,100,98
37,"525232A",52,666,472,194
37,"525240",52,125,61,64
37,"525240A",52,734,447,287
37,"525242",52,180,87,93
37,"525242A",52,929,609,320
37,"525250",52,80,37,43
37,"525250A",52,763,507,256
37,"525260",52,92,42,50
37,"525260A",52,774,459,315
37,"525280",52,141,63,78
37,"525280A",52,795,423,372
37,"525290",52,104,41,63
37,"525290A",52,884,495,389
37,"525300",52,130,75,55
37,"525300A",52,510,366,144
37,"525400",52,124,69,55
37,"525400A",52,962,644,318
37,"525500",52,164,86,78
37,"525500A",52,734,477,257
37,"525620A",52,51,30,21
37,"525810",52,196,121,75
37,"525810A",52,755,529,226
37,"525900",52,134,90,44
37,"525900A",52,645,434,211
37,"526000",52,165,111,54
37,"526000A",52,505,396,109
37,"526400",52,204,126,78
37,"526400A",52,845,619,226
37,"526410",52,151,86,65
37,"526410A",52,907,590,317
37,"526600",52,193,105,88
37,"526600A",52,991,618,373
37,"526900",52,202,129,73
37,"526900A",52,587,421,166
37,"527000",52,177,120,57
37,"527000A",52,694,521,173
37,"527210",52,176,127,49
37,"527210A",52,688,501,187
37,"527500",52,166,101,65
37,"527500A",52,578,384,194
37,"527700",52,148,63,85
37,"527700A",52,951,602,349
37,"527800",52,117,62,55
37,"527800A",52,552,328,224
37,"528000",52,100,47,53
37,"528000A",52,618,433,185
37,"528400",52,182,108,74
37,"528400A",52,788,550,238
37,"528500",52,162,90,72
37,"528500A",52,809,518,291
37,"528790",52,127,63,64
37,"528790A",52,521,348,173
37,"528900",52,172,98,74
37,"528900A",52,801,464,337
37,"528910",52,151,76,75
37,"528910A",52,902,619,283
37,"528920",52,137,81,56
37,"528920A",52,722,466,256
37,"528942",52,84,41,43
37,"528942A",52,627,385,242
37,"528950",52,145,67,78
37,"528950A",52,941,571,370
37,"529100",52,85,36,49
37,"529100A",52,597,380,217
37,"529110",52,128,65,63
37,"529110A",52,778,484,294
37,"529300",52,114,49,65
37,"529300A",52,652,419,233
37,"529520",52,207,117,90
37,"529520A",52,649,471,178
37,"529600",52,72,29,43
37,"529600A",52,458,304,154
37,"529700",52,180,119,61
37,"529700A",52,710,515,195
37,"529810",52,167,105,62
37,"529810A",52,603,438,165
37,"529820",52,184,110,74
37,"529820A",52,727,487,240
37,"530300",52,190,107,83
37,"530300A",52,803,520,283
37,"530400",52,135,72,63
37,"530400A",52,678,410,268
37,"530500",52,100,41,59
37,"530500A",52,399,237,162
37,"530510",52,96,50,46
37,"530510A",52,547,334,213
37,"530710",52,180,102,78
37,"530710A",52,795,499,296
37,"530720",52,190,100,90
37,"530720A",52,813,495,318
37,"530900",52,175,99,76
37,"530900A",52,721,471,250
37,"530930",52,144,74,70
37,"530930A",52,719,459,260
37,"531000",52,170,85,85
37,"531000A",52,819,550,269
37,"531010",52,124,69,55
37,"531010A",52,1012,607,405
37,"531040",52,99,59,40
37,"531040A",52,670,411,259
37,"531050",52,199,87,112
37,"531050A",52,827,442,385
37,"531090",52,171,90,81
37,"531090A",52,749,521,228
37,"531110",52,143,78,65
37,"531110A",52,705,500,205
37,"531130",52,169,85,84
37,"531130A",52,983,605,378
37,"531150",52,188,119,69
37,"531150A",52,943,600,343
37,"531390",52,190,116,74
37,"531390A",52,796,568,228
37,"531400",52,190,118,72
37,"531400A",52,611,455,156
37,"531720",52,201,120,81
37,"531720A",52,658,467,191
37,"531730",52,64,24,40
37,"531730A",52,370,221,149
37,"531740",52,178,88,90
37,"531740A",52,937,533,404
37,"531870",52,102,55,47
37,"531870A",52,791,524,267
37,"531890",52,179,86,93
37,"531890A",52,715,469,246
37,"531940",52,163,89,74
37,"531940A",52,1001,614,387
37,"531960",52,201,95,106
37,"531960A",52,869,509,360
37,"532000",52,168,81,87
37,"532000A",52,676,434,242
37,"532020",52,133,53,80
37,"532020A",52,845,508,337
37,"532030",52,138,57,81
37,"532030A",52,920,585,335
37,"532050",52,153,75,78
37,"532050A",52,790,466,324
37,"532060",52,108,55,53
37,"532060A",52,954,610,344
37,"532070",52,142,72,70
37,"532070A",52,950,585,365
37,"532080",52,168,96,72
37,"532080A",52,439,300,139
37,"532090",52,202,111,91
37,"532090A",52,754,501,253
37,"532100",52,164,95,69
37,"532100A",52,786,565,221
37,"532120",52,149,100,49
37,"532120A",52,702,445,257
37,"532180",52,230,134,96
37,"532180A",52,808,552,256
37,"532210",52,147,97,50
37,"532210A",52,715,545,170
37,"532220",52,124,71,53
37,"532220A",52,596,408,188
37,"532230",52,126,67,59
37,"532230A",52,577,402,175
37,"532270",52,330,178,152
37,"532270A",52,859,633,226
37,"532310",52,144,86,58
37,"532310A",52,693,446,247
37,"532330",52,206,99,107
37,"532330A",52,810,484,326
37,"532340",52,151,71,80
37,"532340A",52,952,584,368
37,"532430",52,69,35,34
37,"532430A",52,532,332,200
37,"532480",52,177,95,82
37,"532480A",52,714,453,261
37,"532500",52,151,82,69
37,"532500A",52,1162,691,471
37,"532580",52,163,94,69
37,"532580A",52,750,491,259
37,"532590",52,82,32,50
37,"532590A",52,542,350,192
37,"532600",52,133,53,80
37,"532600A",52,862,485,377
37,"532610",52,180,90,90
37,"532610A",52,880,520,360
37,"532650",52,148,89,59
37,"532650A",52,746,484,262
37,"532760",52,170,78,92
37,"532760A",52,837,473,364
37,"532780",52,147,78,69
37,"532780A",52,894,572,322
37,"532790",52,199,94,105
37,"532790A",52,1028,685,343
37,"532830",52,131,50,81
37,"532830A",52,722,450,272
37,"532850",52,132,65,67
37,"532850A",52,765,401,364
37,"532860",52,115,64,51
37,"532860A",52,840,516,324
37,"532870",52,187,99,88
37,"532870A",52,858,502,356
37,"532900",52,169,88,81
37,"532900A",52,959,574,385
37,"532922",52,127,64,63
37,"532922A",52,587,347,240
37,"533050",52,205,110,95
37,"533050A",52,778,538,240
37,"533070",52,218,112,106
37,"533070A",52,953,615,338
37,"533110",52,170,85,85
37,"533110A",52,916,588,328
37,"533120",52,208,106,102
37,"533120A",52,711,497,214
37,"533130",52,144,76,68
37,"533130A",52,528,343,185
37,"533140",52,101,52,49
37,"533140A",52,569,379,190
37,"533200",52,264,136,128
37,"533200A",52,799,547,252
37,"533220",52,175,95,80
37,"533220A",52,722,502,220
37,"533240",52,129,50,79
37,"533240A",52,594,354,240
37,"533300",52,84,33,51
37,"533300A",52,506,290,216
37,"533430",52,198,99,99
37,"533430A",52,500,318,182
37,"537700",52,179,116,63
37,"537700A",52,574,381,193
37,"538300",52,115,71,44
37,"538300A",52,391,292,99
37,"538400",52,135,86,49
37,"538400A",52,608,424,184
37,"538410",52,114,64,50
37,"538410A",52,711,495,216
37,"538700",52,169,102,67
37,"538700A",52,535,394,141
37,"538810",52,148,94,54
37,"538810A",52,716,497,219
37,"539100",52,152,95,57
37,"539100A",52,674,480,194
37,"539310",52,130,77,53
37,"539310A",52,387,274,113
37,"540320",48,119,34,85
37,"540320A",48,742,244,498
37,"540330",48,184,57,127
37,"540330A",48,1059,350,709
37,"541500",48,180,46,134
37,"541500A",48,978,408,570
37,"543610",48,58,17,41
37,"543610A",48,362,128,234
37,"543641",48,153,47,106
37,"543641A",48,623,282,341
37,"544710",48,116,44,72
37,"544710A",48,797,361,436
37,"545450",48,215,43,172
37,"545450A",48,866,315,551
37,"545460A",48,21,3,18
37,"545490",48,15,3,12
37,"545490A",48,90,38,52
37,"545500",48,21,4,17
37,"545500A",48,97,27,70
37,"545511",48,187,38,149
37,"545511A",48,1038,364,674
37,"546000",48,188,65,123
37,"546000A",48,868,290,578
37,"546010",48,163,51,112
37,"546010A",48,937,335,602
37,"546050",48,204,70,134
37,"546050A",48,744,327,417
37,"546070",48,121,22,99
37,"546070A",48,1014,421,593
37,"546071",48,148,43,105
37,"546071A",48,1002,373,629
37,"546080",48,138,38,100
37,"546080A",48,795,262,533
37,"546110",48,161,40,121
37,"546110A",48,830,254,576
37,"546300",48,132,29,103
37,"546300A",48,668,240,428
37,"546320",48,147,24,123
37,"546320A",48,717,214,503
37,"546330",48,244,92,152
37,"546330A",48,834,346,488
37,"546352",48,188,48,140
37,"546352A",48,949,298,651
37,"546420",48,156,22,134
37,"546420A",48,860,299,561
37,"546500",48,128,28,100
37,"546500A",48,844,259,585
37,"546630",48,194,37,157
37,"546630A",48,860,297,563
37,"546740",48,192,51,141
37,"546740A",48,966,313,653
37,"546860",48,169,34,135
37,"546860A",48,938,304,634
37,"547160",48,175,33,142
37,"547160A",48,1089,400,689
37,"548210",48,190,53,137
37,"548210A",48,980,331,649
37,"548220",48,93,34,59
37,"548220A",48,326,161,165
37,"548230",48,166,61,105
37,"548230A",48,781,310,471
37,"548240",48,180,31,149
37,"548240A",48,809,253,556
37,"548300",48,157,43,114
37,"548300A",48,783,279,504
37,"548310",48,169,53,116
37,"548310A",48,939,329,610
37,"548410",48,75,23,52
37,"548410A",48,548,191,357
37,"548440",48,13,2,11
37,"548440A",48,97,30,67
37,"548580",48,38,8,30
37,"548580A",48,336,109,227
37,"548890",48,176,52,124
37,"548890A",48,786,277,509
37,"549010",48,135,38,97
37,"549010A",48,976,284,692
37,"549100",48,115,23,92
37,"549100A",48,731,230,501
37,"549140",48,216,71,145
37,"549140A",48,788,356,432
37,"549200",48,128,31,97
37,"549200A",48,838,300,538
37,"549270",48,128,19,109
37,"549270A",48,816,250,566
37,"549310",48,88,16,72
37,"549310A",48,736,226,510
37,"549400",48,126,36,90
37,"549400A",48,650,270,380
37,"549500",48,135,27,108
37,"549500A",48,972,355,617
37,"549710",48,27,6,21
37,"549710A",48,75,27,48
37,"549810",48,112,29,83
37,"549810A",48,860,319,541
37,"551530",48,126,42,84
37,"551530A",48,781,287,494
37,"551600",48,123,35,88
37,"551600A",48,679,255,424
37,"551620",48,134,28,106
37,"551620A",48,726,237,489
37,"551800",48,152,56,96
37,"551800A",48,723,284,439
37,"552010",48,116,18,98
37,"552010A",48,849,276,573
37,"552030",48,149,30,119
37,"552030A",48,870,218,652
37,"552110",48,154,31,123
37,"552110A",48,1033,296,737
37,"552250",48,40,9,31
37,"552250A",48,225,77,148
37,"553080",48,85,16,69
37,"553080A",48,776,227,549
37,"553110",48,176,29,147
37,"553110A",48,1133,286,847
37,"553130",48,197,40,157
37,"553130A",48,1126,323,803
37,"553180",48,139,28,111
37,"553180A",48,950,270,680
37,"553240",48,113,19,94
37,"553240A",48,915,252,663
37,"553280",48,102,15,87
37,"553280A",48,872,246,626
37,"554090",48,100,19,81
37,"554090A",48,809,216,593
37,"554330",48,212,55,157
37,"554330A",48,1029,322,707
37,"554530",48,23,6,17
37,"554530A",48,99,27,72
37,"554600",48,211,53,158
37,"554600A",48,745,276,469
37,"554630",48,93,20,73
37,"554630A",48,936,253,683
37,"554640",48,108,34,74
37,"554640A",48,400,125,275
37,"555820A",48,80,34,46
37,"555830",48,15,8,7
37,"555830A",48,92,44,48
37,"555860A",48,32,5,27
37,"556200",48,22,2,20
37,"556200A",48,127,29,98
37,"557410",48,172,53,119
37,"557410A",48,617,201,416
37,"557411",48,150,26,124
37,"557411A",48,710,198,512
37,"557600",48,121,38,83
37,"557600A",48,623,208,415
37,"558300",48,140,29,111
37,"558300A",48,1043,388,655
37,"558310",48,91,27,64
37,"558310A",48,577,235,342
37,"558400",48,57,20,37
37,"558400A",48,653,328,325
37,"558450",48,74,10,64
37,"558450A",48,535,145,390
37,"558470",48,20,1,19
37,"558470A",48,291,93,198
37,"558480",48,214,72,142
37,"558480A",48,1025,486,539
37,"558520",48,174,41,133
37,"558520A",48,972,410,562
37,"558600",48,210,64,146
37,"558600A",48,1023,422,601
37,"558650",48,171,58,113
37,"558650A",48,741,308,433
37,"558680",48,106,18,88
37,"558680A",48,714,238,476
37,"558770",48,13,4,9
37,"558770A",48,109,39,70
37,"558900",48,157,27,130
37,"558900A",48,1070,355,715
37,"558940",48,135,38,97
37,"558940A",48,922,311,611
37,"559400",48,106,27,79
37,"559400A",48,764,236,528
37,"559520A",48,52,14,38
37,"559600",48,76,17,59
37,"559600A",48,632,179,453
37,"559620",48,8,2,6
37,"559620A",48,39,11,28
37,"559630",48,57,13,44
37,"559630A",48,453,171,282
37,"560000",48,113,24,89
37,"560000A",48,704,215,489
37,"560200",48,167,37,130
37,"560200A",48,719,218,501
37,"561510",48,130,28,102
37,"561510A",48,909,270,639
37,"561560A",48,13,6,7
37,"562800",48,114,28,86
37,"562800A",48,684,245,439
37,"562830",48,83,21,62
37,"562830A",48,454,165,289
37,"562900",48,183,41,142
37,"562900A",48,868,346,522
37,"563030",48,23,3,20
37,"563030A",48,266,74,192
37,"564400",48,188,68,120
37,"564400A",48,695,320,375
37,"565300",48,16,2,14
37,"565300A",48,104,26,78
37,"565400",48,21,10,11
37,"565400A",48,171,91,80
37,"565410",48,140,59,81
37,"565410A",48,1025,601,424
37,"567060",48,29,14,15
37,"567060A",48,125,57,68
37,"568000",48,12,2,10
37,"568000A",48,72,30,42
37,"569080",48,229,57,172
37,"569080A",48,1085,329,756
37,"569090",48,264,54,210
37,"569090A",48,996,294,702
37,"569350",48,194,46,148
37,"569350A",48,744,218,526
37,"570170",48,18,4,14
37,"570170A",48,166,47,119
37,"570510A",48,15,10,5
37,"572000",48,199,45,154
37,"572000A",48,622,225,397
37,"575010",48,239,66,173
37,"575010A",48,868,287,581
37,"999001",48,13,5,8
37,"999392A",50,10,5,5
37,"CNTYTOT",0,1433017,838994,594023
37,"AD76_TOT",0,210907,116842,94065
37,"AD78_TOT",0,240112,161027,79085
37,"AD77_TOT",0,262305,165330,96975
37,"AD75_TOT",0,237910,98715,139195
37,"AD79_TOT",0,170477,108837,61640
37,"AD80_TOT",0,188388,120933,67455
37,"AD74_TOT",0,122918,67310,55608
37,"CD50_TOT",0,360695,231836,128859
37,"CD51_TOT",0,327584,198835,128749
37,"CD48_TOT",0,241113,98637,142476
37,"CD52_TOT",0,259718,172217,87501
37,"CD49_TOT",0,243907,137469,106438
37,"SD40_TOT",0,439067,222929,216138
37,"SD38_TOT",0,342044,200611,141433
37,"SD39_TOT",0,430264,274991,155273
37,"SD18_TOT",0,216458,138141,78317
37,"SD32_TOT",0,5184,2322,2862
37,"BE04_TOT",0,1433017,838994,594023
37,"SOV_CD48",0,241113,98637,142476
37,"SOV_CD49",0,243907,137469,106438
37,"SOV_CD50",0,360695,231836,128859
37,"SOV_CD51",0,327584,198835,128749
37,"SOV_CD52",0,259718,172217,87501
38,"1101",11,89,67,22
38,"1101A",11,500,365,135
38,"1102",11,58,39,19
38,"1102A",11,485,308,177
38,"1103A",11,75,45,30
38,"1104",15,61,47,14
38,"1104A",15,734,588,146
38,"1105",15,70,53,17
38,"1105A",15,587,406,181
38,"1106",15,61,44,17
38,"1106A",15,470,308,162
38,"1107",15,69,38,31
38,"1107A",15,557,370,187
38,"1108",11,95,65,30
38,"1108A",11,746,537,209
38,"1109",15,68,45,23
38,"1109A",15,562,395,167
38,"1111",15,65,45,20
38,"1111A",15,407,287,120
38,"1112",15,43,29,14
38,"1112A",15,524,370,154
38,"1113",15,68,53,15
38,"1113A",15,602,428,174
38,"1114",15,72,49,23
38,"1114A",15,386,231,155
38,"1115",15,64,38,26
38,"1115A",15,476,311,165
38,"1116A",11,34,20,14
38,"1117",15,71,45,26
38,"1117A",15,531,382,149
38,"1118",15,73,40,33
38,"1118A",15,625,477,148
38,"1119",15,50,34,16
38,"1119A",15,478,308,170
38,"1121",15,65,37,28
38,"1121A",15,528,359,169
38,"1122",15,49,34,15
38,"1122A",15,401,266,135
38,"1123",15,53,33,20
38,"1123A",15,477,292,185
38,"1124",15,78,50,28
38,"1124A",15,590,398,192
38,"1125",15,73,57,16
38,"1125A",15,628,448,180
38,"1126",15,71,49,22
38,"1126A",15,604,477,127
38,"1127",15,81,59,22
38,"1127A",15,637,478,159
38,"1128",15,76,55,21
38,"1128A",15,592,466,126
38,"1129",15,69,49,20
38,"1129A",15,616,472,144
38,"1131",15,67,44,23
38,"1131A",15,590,448,142
38,"1132",15,90,68,22
38,"1132A",15,651,496,155
38,"1133",15,68,41,27
38,"1133A",15,693,524,169
38,"1134",15,81,58,23
38,"1134A",15,718,581,137
38,"1135",15,70,42,28
38,"1135A",15,569,417,152
38,"1136",15,54,38,16
38,"1136A",15,548,408,140
38,"1137",15,77,60,17
38,"1137A",15,517,378,139
38,"1138",15,79,57,22
38,"1138A",15,499,338,161
38,"1139",15,67,43,24
38,"1139A",15,539,393,146
38,"1141",15,64,42,22
38,"1141A",15,612,457,155
38,"1142",15,73,51,22
38,"1142A",15,536,369,167
38,"1143",15,101,54,47
38,"1143A",15,607,443,164
38,"1144",15,85,57,28
38,"1144A",15,545,370,175
38,"1145",15,81,47,34
38,"1145A",15,547,370,177
38,"1146",15,71,46,25
38,"1146A",15,664,439,225
38,"1147",15,109,72,37
38,"1147A",15,617,450,167
38,"1148",15,70,50,20
38,"1148A",15,637,448,189
38,"1149",15,59,38,21
38,"1149A",15,663,481,182
38,"7001",11,75,59,16
38,"7001A",11,656,580,76
38,"7002",11,102,84,18
38,"7002A",11,611,544,67
38,"7003",11,76,64,12
38,"7003A",11,640,564,76
38,"7004",11,74,66,8
38,"7004A",11,661,588,73
38,"7005",11,67,59,8
38,"7005A",11,651,570,81
38,"7006",11,142,107,35
38,"7006A",11,810,720,90
38,"7007",11,65,54,11
38,"7007A",11,466,414,52
38,"7008",11,59,43,16
38,"7008A",11,565,499,66
38,"7009",11,125,98,27
38,"7009A",11,686,609,77
38,"7011",11,83,48,35
38,"7011A",11,315,274,41
38,"7012",11,90,72,18
38,"7012A",11,568,518,50
38,"7013",11,46,38,8
38,"7013A",11,520,475,45
38,"7014",11,87,70,17
38,"7014A",11,379,336,43
38,"7015",11,61,46,15
38,"7015A",11,448,397,51
38,"7016",11,51,33,18
38,"7016A",11,412,339,73
38,"7017",11,60,43,17
38,"7017A",11,383,236,147
38,"7018",11,76,58,18
38,"7018A",11,306,230,76
38,"7019",11,72,65,7
38,"7019A",11,532,450,82
38,"7021",11,74,52,22
38,"7021A",11,553,400,153
38,"7022",11,32,27,5
38,"7022A",11,461,356,105
38,"7023",11,73,56,17
38,"7023A",11,359,295,64
38,"7024",11,77,63,14
38,"7024A",11,382,305,77
38,"7025",11,115,101,14
38,"7025A",11,373,318,55
38,"7026",11,63,48,15
38,"7026A",11,173,145,28
38,"7027",11,96,81,15
38,"7027A",11,342,282,60
38,"7028",11,66,41,25
38,"7028A",11,544,284,260
38,"7029",11,73,57,16
38,"7029A",11,452,322,130
38,"7031",11,72,59,13
38,"7031A",11,380,328,52
38,"7032",11,59,46,13
38,"7032A",11,295,255,40
38,"7033",11,70,59,11
38,"7033A",11,253,208,45
38,"7034",11,79,57,22
38,"7034A",11,244,207,37
38,"7035",11,109,86,23
38,"7035A",11,538,428,110
38,"7036",11,60,38,22
38,"7036A",11,506,301,205
38,"7037",11,82,65,17
38,"7037A",11,511,329,182
38,"7038",11,44,35,9
38,"7038A",11,346,247,99
38,"7039",15,66,33,33
38,"7039A",15,483,281,202
38,"7041",15,76,49,27
38,"7041A",15,305,227,78
38,"7042",15,55,31,24
38,"7042A",15,341,230,111
38,"7043",15,55,40,15
38,"7043A",15,393,273,120
38,"7044",15,42,19,23
38,"7044A",15,382,273,109
38,"7045",15,53,37,16
38,"7045A",15,477,294,183
38,"7046",15,58,36,22
38,"7046A",15,456,298,158
38,"7047",15,54,40,14
38,"7047A",15,449,316,133
38,"7048",15,75,55,20
38,"7048A",15,529,360,169
38,"7049",15,40,28,12
38,"7049A",15,457,292,165
38,"7051",11,49,35,14
38,"7051A",11,275,192,83
38,"7052",15,63,49,14
38,"7052A",15,591,370,221
38,"7053",11,52,26,26
38,"7053A",11,397,264,133
38,"7054",11,76,57,19
38,"7054A",11,574,469,105
38,"7055",11,58,49,9
38,"7055A",11,293,213,80
38,"7056",11,90,68,22
38,"7056A",11,258,196,62
38,"7201",11,96,67,29
38,"7201A",11,486,409,77
38,"7202",11,99,72,27
38,"7202A",11,612,518,94
38,"7203A",11,119,92,27
38,"7204",11,9,6,3
38,"7204A",11,163,143,20
38,"7205",11,25,21,4
38,"7205A",11,244,223,21
38,"7206A",11,135,121,14
38,"7207",11,87,63,24
38,"7207A",11,844,709,135
38,"7208",11,133,102,31
38,"7208A",11,1043,881,162
38,"7301",11,127,79,48
38,"7301A",11,509,383,126
38,"7302",11,159,108,51
38,"7302A",11,880,674,206
38,"7303",11,80,61,19
38,"7303A",11,764,625,139
38,"7304",11,150,98,52
38,"7304A",11,650,515,135
38,"7305",11,147,93,54
38,"7305A",11,832,679,153
38,"7306",11,171,115,56
38,"7306A",11,571,455,116
38,"7307",11,201,133,68
38,"7307A",11,827,646,181
38,"7308",11,68,50,18
38,"7308A",11,589,448,141
38,"7309",11,89,71,18
38,"7309A",11,614,459,155
38,"7311",11,29,23,6
38,"7311A",11,213,151,62
38,"7312",11,141,92,49
38,"7312A",11,599,486,113
38,"7313",11,143,87,56
38,"7313A",11,803,627,176
38,"7314",11,158,109,49
38,"7314A",11,772,614,158
38,"7315",11,176,116,60
38,"7315A",11,766,608,158
38,"7316",11,114,74,40
38,"7316A",11,571,400,171
38,"7317",11,57,36,21
38,"7317A",11,307,200,107
38,"7318",11,60,37,23
38,"7318A",11,272,181,91
38,"7319",11,133,96,37
38,"7319A",11,658,541,117
38,"7321",11,159,116,43
38,"7321A",11,806,675,131
38,"7322",11,145,109,36
38,"7322A",11,694,589,105
38,"7323",11,134,96,38
38,"7323A",11,655,518,137
38,"7324",11,86,60,26
38,"7324A",11,709,542,167
38,"7325",11,47,26,21
38,"7325A",11,379,238,141
38,"7326",11,81,47,34
38,"7326A",11,474,354,120
38,"7327",11,145,106,39
38,"7327A",11,699,564,135
38,"7328",11,156,114,42
38,"7328A",11,574,486,88
38,"7329",11,124,98,26
38,"7329A",11,688,543,145
38,"7331",11,168,134,34
38,"7331A",11,626,526,100
38,"7332",11,180,142,38
38,"7332A",11,637,529,108
38,"7333",11,111,86,25
38,"7333A",11,600,508,92
38,"7334",11,152,125,27
38,"7334A",11,671,555,116
38,"7335",11,175,123,52
38,"7335A",11,776,640,136
38,"7336",11,124,89,35
38,"7336A",11,632,488,144
38,"7337",11,49,33,16
38,"7337A",11,335,229,106
38,"7338",11,9,6,3
38,"7338A",11,91,64,27
38,"7501",11,68,56,12
38,"7501A",11,586,505,81
38,"7502",11,70,54,16
38,"7502A",11,528,453,75
38,"7503",11,114,87,27
38,"7503A",11,734,596,138
38,"7504",11,149,122,27
38,"7504A",11,801,724,77
38,"7505",11,96,80,16
38,"7505A",11,602,528,74
38,"7506",11,128,95,33
38,"7506A",11,647,512,135
38,"7507",11,82,64,18
38,"7507A",11,476,387,89
38,"7508",11,103,88,15
38,"7508A",11,751,686,65
38,"7509",11,122,104,18
38,"7509A",11,572,460,112
38,"7511",11,99,80,19
38,"7511A",11,511,399,112
38,"7512",11,78,67,11
38,"7512A",11,749,608,141
38,"7513",11,145,127,18
38,"7513A",11,840,764,76
38,"7514",11,115,101,14
38,"7514A",11,864,663,201
38,"7515",11,143,120,23
38,"7515A",11,656,566,90
38,"7516",11,112,97,15
38,"7516A",11,664,594,70
38,"7517",11,166,142,24
38,"7517A",11,850,791,59
38,"7518",11,130,113,17
38,"7518A",11,664,620,44
38,"7519",11,202,159,43
38,"7519A",11,833,754,79
38,"7521",11,132,110,22
38,"7521A",11,798,745,53
38,"7522",11,166,134,32
38,"7522A",11,753,668,85
38,"7523",11,133,101,32
38,"7523A",11,657,563,94
38,"7524",11,74,55,19
38,"7524A",11,363,287,76
38,"7525",11,106,78,28
38,"7525A",11,456,367,89
38,"7526",11,96,72,24
38,"7526A",11,553,404,149
38,"7527",11,118,88,30
38,"7527A",11,556,439,117
38,"7528",11,89,63,26
38,"7528A",11,338,218,120
38,"7529",11,82,54,28
38,"7529A",11,418,316,102
38,"7531",11,79,54,25
38,"7531A",11,405,307,98
38,"7532",11,120,103,17
38,"7532A",11,500,403,97
38,"7533",11,92,65,27
38,"7533A",11,471,332,139
38,"7534",11,80,56,24
38,"7534A",11,436,347,89
38,"7601",11,89,66,23
38,"7601A",11,527,482,45
38,"7602",11,146,107,39
38,"7602A",11,800,679,121
38,"7603",11,148,111,37
38,"7603A",11,746,601,145
38,"7604",11,84,62,22
38,"7604A",11,622,471,151
38,"7605",11,83,54,29
38,"7605A",11,463,372,91
38,"7606",11,86,67,19
38,"7606A",11,510,385,125
38,"7607",11,85,65,20
38,"7607A",11,423,357,66
38,"7608",11,128,104,24
38,"7608A",11,830,674,156
38,"7609",11,84,61,23
38,"7609A",11,596,483,113
38,"7611",11,78,57,21
38,"7611A",11,379,334,45
38,"7612",11,93,71,22
38,"7612A",11,489,430,59
38,"7613",11,136,116,20
38,"7613A",11,519,371,148
38,"7614",11,112,81,31
38,"7614A",11,401,307,94
38,"7615",11,89,60,29
38,"7615A",11,429,351,78
38,"7616",11,71,53,18
38,"7616A",11,379,302,77
38,"7617",11,87,62,25
38,"7617A",11,495,402,93
38,"7618",11,69,48,21
38,"7618A",11,415,310,105
38,"7619",11,60,48,12
38,"7619A",11,466,367,99
38,"7621",11,102,83,19
38,"7621A",11,414,323,91
38,"7622",11,98,68,30
38,"7622A",11,766,661,105
38,"7623",11,75,55,20
38,"7623A",11,300,245,55
38,"7624",11,83,59,24
38,"7624A",11,407,327,80
38,"7625",11,24,17,7
38,"7625A",11,320,213,107
38,"7626",11,35,21,14
38,"7626A",11,420,323,97
38,"7627",11,101,76,25
38,"7627A",11,463,386,77
38,"7628",11,111,90,21
38,"7628A",11,416,350,66
38,"7629",11,153,103,50
38,"7629A",11,740,594,146
38,"7631",11,124,79,45
38,"7631A",11,736,577,159
38,"7632",11,109,78,31
38,"7632A",11,555,448,107
38,"7633",11,68,48,20
38,"7633A",11,510,420,90
38,"7634",11,98,73,25
38,"7634A",11,674,561,113
38,"7635",11,125,82,43
38,"7635A",11,758,581,177
38,"7637",11,98,67,31
38,"7637A",11,552,425,127
38,"7638",11,153,105,48
38,"7638A",11,455,337,118
38,"7639",11,138,97,41
38,"7639A",11,622,501,121
38,"7641",11,120,83,37
38,"7641A",11,683,531,152
38,"7642",11,148,93,55
38,"7642A",11,627,484,143
38,"7643",11,84,65,19
38,"7643A",11,578,452,126
38,"7644",11,86,55,31
38,"7644A",11,385,301,84
38,"7645",11,121,90,31
38,"7645A",11,408,308,100
38,"7701",11,92,67,25
38,"7701A",11,621,508,113
38,"7702",11,81,59,22
38,"7702A",11,691,568,123
38,"7703",11,80,62,18
38,"7703A",11,801,640,161
38,"7704",11,66,40,26
38,"7704A",11,715,579,136
38,"7705",11,85,58,27
38,"7705A",11,684,505,179
38,"7706",11,88,58,30
38,"7706A",11,647,525,122
38,"7707",11,114,66,48
38,"7707A",11,852,633,219
38,"7708",11,67,29,38
38,"7708A",11,627,435,192
38,"7709",11,106,69,37
38,"7709A",11,751,558,193
38,"7711",11,110,85,25
38,"7711A",11,920,797,123
38,"7712",11,80,53,27
38,"7712A",11,484,366,118
38,"7713",11,51,35,16
38,"7713A",11,535,389,146
38,"7714",11,76,51,25
38,"7714A",11,644,500,144
38,"7715",11,87,76,11
38,"7715A",11,799,687,112
38,"7716",11,75,56,19
38,"7716A",11,882,754,128
38,"7717",11,74,47,27
38,"7717A",11,679,514,165
38,"7718",11,86,61,25
38,"7718A",11,621,502,119
38,"7719",11,84,60,24
38,"7719A",11,765,611,154
38,"7801",11,85,77,8
38,"7801A",11,865,799,66
38,"7802",11,85,66,19
38,"7802A",11,903,830,73
38,"7803",11,66,58,8
38,"7803A",11,807,760,47
38,"7804",11,91,83,8
38,"7804A",11,729,673,56
38,"7805",11,121,115,6
38,"7805A",11,858,813,45
38,"7806",11,132,117,15
38,"7806A",11,713,653,60
38,"7807",11,133,103,30
38,"7807A",11,778,713,65
38,"7808",11,90,71,19
38,"7808A",11,817,755,62
38,"7809",11,93,83,10
38,"7809A",11,804,747,57
38,"7811",11,96,84,12
38,"7811A",11,736,676,60
38,"7812",11,101,87,14
38,"7812A",11,879,832,47
38,"7813",11,126,96,30
38,"7813A",11,901,841,60
38,"7814",11,94,83,11
38,"7814A",11,716,667,49
38,"7815",11,124,101,23
38,"7815A",11,886,813,73
38,"7816",11,92,85,7
38,"7816A",11,716,670,46
38,"7817",11,132,120,12
38,"7817A",11,707,655,52
38,"7818",11,107,88,19
38,"7818A",11,638,570,68
38,"7819",11,77,60,17
38,"7819A",11,729,645,84
38,"7821",11,99,79,20
38,"7821A",11,879,824,55
38,"7822",11,83,79,4
38,"7822A",11,799,758,41
38,"7823",11,101,87,14
38,"7823A",11,918,838,80
38,"7824",11,86,69,17
38,"7824A",11,810,745,65
38,"7825",11,119,102,17
38,"7825A",11,848,799,49
38,"7826",11,69,55,14
38,"7826A",11,596,522,74
38,"7827",11,86,61,25
38,"7827A",11,676,589,87
38,"7828",11,103,89,14
38,"7828A",11,644,597,47
38,"7829",11,93,79,14
38,"7829A",11,812,747,65
38,"7831",11,103,83,20
38,"7831A",11,871,794,77
38,"7832",11,94,79,15
38,"7832A",11,899,818,81
38,"7833",11,110,96,14
38,"7833A",11,860,791,69
38,"7834",11,167,143,24
38,"7834A",11,878,806,72
38,"7835",11,106,96,10
38,"7835A",11,775,709,66
38,"7836",11,73,62,11
38,"7836A",11,684,632,52
38,"7837",11,103,83,20
38,"7837A",11,754,681,73
38,"7838",11,85,57,28
38,"7838A",11,923,800,123
38,"7839",11,74,61,13
38,"7839A",11,624,571,53
38,"7841",11,90,75,15
38,"7841A",11,861,779,82
38,"7842",11,113,95,18
38,"7842A",11,930,835,95
38,"7843",11,146,129,17
38,"7843A",11,797,734,63
38,"7844",11,104,84,20
38,"7844A",11,687,611,76
38,"7845",11,96,82,14
38,"7845A",11,726,647,79
38,"7846",11,68,56,12
38,"7846A",11,633,541,92
38,"7847",11,89,76,13
38,"7847A",11,737,667,70
38,"7848",11,105,87,18
38,"7848A",11,594,532,62
38,"7849",11,84,69,15
38,"7849A",11,823,741,82
38,"7851",11,100,88,12
38,"7851A",11,800,722,78
38,"7852",11,79,64,15
38,"7852A",11,799,738,61
38,"7853",11,68,57,11
38,"7853A",11,328,282,46
38,"7854",11,57,35,22
38,"7854A",11,350,299,51
38,"7901",11,116,94,22
38,"7901A",11,561,470,91
38,"7902",11,113,84,29
38,"7902A",11,619,547,72
38,"7903",11,131,111,20
38,"7903A",11,686,604,82
38,"7904",11,91,71,20
38,"7904A",11,464,391,73
38,"7905",11,129,94,35
38,"7905A",11,538,461,77
38,"7906",11,145,129,16
38,"7906A",11,819,691,128
38,"7907",11,123,106,17
38,"7907A",11,758,704,54
38,"7908",11,114,85,29
38,"7908A",11,610,540,70
38,"7909",11,119,95,24
38,"7909A",11,627,534,93
38,"7911",11,118,98,20
38,"7911A",11,599,523,76
38,"7912",11,118,98,20
38,"7912A",11,827,751,76
38,"7913",11,119,97,22
38,"7913A",11,809,716,93
38,"7914",11,136,102,34
38,"7914A",11,683,608,75
38,"7915",11,115,92,23
38,"7915A",11,690,602,88
38,"7916",11,136,113,23
38,"7916A",11,667,595,72
38,"7917",11,138,116,22
38,"7917A",11,688,615,73
38,"7918",11,123,105,18
38,"7918A",11,632,547,85
38,"7919",11,122,92,30
38,"7919A",11,705,628,77
38,"7921",11,137,109,28
38,"7921A",11,607,515,92
38,"7922",11,123,96,27
38,"7922A",11,542,449,93
38,"7923",11,97,84,13
38,"7923A",11,592,518,74
38,"7924",11,124,109,15
38,"7924A",11,743,643,100
38,"7925",11,128,94,34
38,"7925A",11,783,713,70
38,"7926",11,84,74,10
38,"7926A",11,498,447,51
38,"7927",11,107,95,12
38,"7927A",11,816,748,68
38,"7928",11,97,82,15
38,"7928A",11,775,733,42
38,"7929",11,73,61,12
38,"7929A",11,615,562,53
38,"7931",11,59,53,6
38,"7931A",11,592,522,70
38,"7932",11,92,75,17
38,"7932A",11,809,741,68
38,"7933",11,98,85,13
38,"7933A",11,868,786,82
38,"7934",11,60,47,13
38,"7934A",11,575,536,39
38,"7935",11,130,106,24
38,"7935A",11,718,636,82
38,"7936",11,96,87,9
38,"7936A",11,764,690,74
38,"7937",11,75,59,16
38,"7937A",11,659,606,53
38,"7938",11,110,75,35
38,"7938A",11,523,460,63
38,"7939",11,86,60,26
38,"7939A",11,529,434,95
38,"7941",11,67,47,20
38,"7941A",11,525,462,63
38,"7942",15,60,38,22
38,"7942A",15,500,355,145
38,"7943",15,56,37,19
38,"7943A",15,545,336,209
38,"7944",15,76,54,22
38,"7944A",15,528,358,170
38,"7945",15,79,47,32
38,"7945A",15,461,299,162
38,"7946",15,43,31,12
38,"7946A",15,645,454,191
38,"7947",15,42,20,22
38,"7947A",15,557,326,231
38,"7948",15,70,53,17
38,"7948A",15,603,466,137
38,"7949",15,36,19,17
38,"7949A",15,345,236,109
38,"9101",11,124,93,31
38,"9101A",11,751,600,151
38,"9102",11,94,63,31
38,"9102A",11,747,572,175
38,"9103",11,94,71,23
38,"9103A",11,765,600,165
38,"9104",11,94,68,26
38,"9104A",11,762,570,192
38,"9105",11,119,93,26
38,"9105A",11,737,597,140
38,"9106",11,124,89,35
38,"9106A",11,767,591,176
38,"9107",11,99,74,25
38,"9107A",11,633,538,95
38,"9108",11,122,88,34
38,"9108A",11,704,543,161
38,"9109",11,122,82,40
38,"9109A",11,709,572,137
38,"9111",11,117,94,23
38,"9111A",11,784,647,137
38,"9112",11,70,49,21
38,"9112A",11,550,445,105
38,"9113",11,131,99,32
38,"9113A",11,757,623,134
38,"9114",11,94,63,31
38,"9114A",11,630,516,114
38,"9115",11,115,83,32
38,"9115A",11,707,624,83
38,"9116",11,117,93,24
38,"9116A",11,627,531,96
38,"9117",11,123,104,19
38,"9117A",11,795,674,121
38,"9118",11,143,116,27
38,"9118A",11,713,589,124
38,"9119",11,112,81,31
38,"9119A",11,870,653,217
38,"9121",11,83,62,21
38,"9121A",11,683,511,172
38,"9122",11,109,82,27
38,"9122A",11,626,466,160
38,"9123",11,106,70,36
38,"9123A",11,810,593,217
38,"9124",11,137,94,43
38,"9124A",11,764,563,201
38,"9125",11,107,68,39
38,"9125A",11,616,486,130
38,"9126",11,88,66,22
38,"9126A",11,823,653,170
38,"9127",11,120,89,31
38,"9127A",11,787,613,174
38,"9128",11,108,94,14
38,"9128A",11,742,604,138
38,"9129",11,93,61,32
38,"9129A",11,768,643,125
38,"9131",11,109,79,30
38,"9131A",11,639,487,152
38,"9132",11,122,93,29
38,"9132A",11,729,596,133
38,"9133",11,103,67,36
38,"9133A",11,728,522,206
38,"9134",11,111,80,31
38,"9134A",11,837,637,200
38,"9135",11,98,65,33
38,"9135A",11,777,572,205
38,"9136",11,71,59,12
38,"9136A",11,862,630,232
38,"9137",11,126,86,40
38,"9137A",11,835,626,209
38,"9138",11,116,91,25
38,"9138A",11,692,526,166
38,"9139",11,217,155,62
38,"9139A",11,744,587,157
38,"9141",11,124,94,30
38,"9141A",11,763,642,121
38,"9142",11,105,84,21
38,"9142A",11,770,647,123
38,"9143",11,135,105,30
38,"9143A",11,816,687,129
38,"9144",11,132,102,30
38,"9144A",11,778,668,110
38,"9145",11,124,98,26
38,"9145A",11,802,668,134
38,"9146",11,290,240,50
38,"9146A",11,753,627,126
38,"9147",11,10,8,2
38,"9147A",11,126,116,10
38,"9201",11,150,130,20
38,"9201A",11,743,647,96
38,"9202",11,136,105,31
38,"9202A",11,650,547,103
38,"9203",11,152,92,60
38,"9203A",11,905,676,229
38,"9204",11,149,88,61
38,"9204A",11,834,588,246
38,"9205",11,149,93,56
38,"9205A",11,690,510,180
38,"9206",11,131,80,51
38,"9206A",11,670,531,139
38,"9207",11,130,97,33
38,"9207A",11,724,548,176
38,"9208",11,152,93,59
38,"9208A",11,729,530,199
38,"9209",11,174,117,57
38,"9209A",11,753,536,217
38,"9211",11,158,102,56
38,"9211A",11,690,543,147
38,"9212",11,151,86,65
38,"9212A",11,680,539,141
38,"9213",11,140,88,52
38,"9213A",11,848,632,216
38,"9214",11,199,122,77
38,"9214A",11,800,591,209
38,"9215",11,176,116,60
38,"9215A",11,822,645,177
38,"9216",11,95,69,26
38,"9216A",11,821,640,181
38,"9217",11,156,104,52
38,"9217A",11,830,658,172
38,"9218",11,177,119,58
38,"9218A",11,1046,814,232
38,"9219",11,124,72,52
38,"9219A",11,783,609,174
38,"9221",11,161,103,58
38,"9221A",11,830,658,172
38,"9222",11,169,114,55
38,"9222A",11,898,693,205
38,"9223",11,136,98,38
38,"9223A",11,908,748,160
38,"9224",11,175,131,44
38,"9224A",11,976,825,151
38,"9225",11,88,68,20
38,"9225A",11,726,593,133
38,"9226",11,107,79,28
38,"9226A",11,872,704,168
38,"9227",11,112,82,30
38,"9227A",11,878,693,185
38,"9228",11,123,93,30
38,"9228A",11,817,673,144
38,"9229",11,95,78,17
38,"9229A",11,959,809,150
38,"9231",11,114,97,17
38,"9231A",11,954,834,120
38,"9232",11,104,76,28
38,"9232A",11,736,637,99
38,"9233",11,118,87,31
38,"9233A",11,716,583,133
38,"9234",11,105,79,26
38,"9234A",11,683,554,129
38,"9235",11,102,84,18
38,"9235A",11,692,558,134
38,"9236",11,81,58,23
38,"9236A",11,805,710,95
38,"9237",11,102,91,11
38,"9237A",11,727,672,55
38,"9238",11,71,53,18
38,"9238A",11,399,357,42
38,"9239",11,107,81,26
38,"9239A",11,601,517,84
38,"9241",11,186,133,53
38,"9241A",11,999,854,145
38,"9242",11,109,87,22
38,"9242A",11,815,693,122
38,"9243",11,98,69,29
38,"9243A",11,731,586,145
38,"9301",11,100,72,28
38,"9301A",11,707,570,137
38,"9302",11,138,96,42
38,"9302A",11,788,661,127
38,"9303",11,153,103,50
38,"9303A",11,696,586,110
38,"9304",11,153,111,42
38,"9304A",11,852,703,149
38,"9305",11,133,93,40
38,"9305A",11,706,576,130
38,"9306",11,115,77,38
38,"9306A",11,588,454,134
38,"9401",11,149,118,31
38,"9401A",11,743,607,136
38,"9402",11,147,102,45
38,"9402A",11,728,597,131
38,"9403",11,106,72,34
38,"9403A",11,642,448,194
38,"9404",11,80,58,22
38,"9404A",11,626,449,177
38,"9405",11,94,61,33
38,"9405A",11,696,522,174
38,"9406",11,107,77,30
38,"9406A",11,743,550,193
38,"9407",11,116,86,30
38,"9407A",11,747,575,172
38,"9408",11,119,95,24
38,"9408A",11,618,509,109
38,"9409",11,93,67,26
38,"9409A",11,505,365,140
38,"9411",11,103,75,28
38,"9411A",11,729,552,177
38,"9412",11,102,67,35
38,"9412A",11,729,516,213
38,"9413",11,92,57,35
38,"9413A",11,790,541,249
38,"9414",11,72,51,21
38,"9414A",11,730,509,221
38,"9415",11,89,66,23
38,"9415A",11,681,511,170
38,"9416",11,96,70,26
38,"9416A",11,690,507,183
38,"9417",11,58,33,25
38,"9417A",11,670,467,203
38,"9418",11,59,32,27
38,"9418A",11,677,457,220
38,"9419",11,65,36,29
38,"9419A",11,625,446,179
38,"9421",11,66,44,22
38,"9421A",11,598,410,188
38,"9422",11,80,39,41
38,"9422A",11,685,483,202
38,"9423",11,93,67,26
38,"9423A",11,652,445,207
38,"9424",11,92,56,36
38,"9424A",11,749,515,234
38,"9425",11,74,40,34
38,"9425A",11,523,332,191
38,"9426",11,98,72,26
38,"9426A",11,680,470,210
38,"9427",11,74,38,36
38,"9427A",11,548,369,179
38,"9428",11,97,67,30
38,"9428A",11,866,674,192
38,"9429",11,82,52,30
38,"9429A",11,713,516,197
38,"9431",11,75,46,29
38,"9431A",11,514,349,165
38,"9432",11,71,46,25
38,"9432A",11,662,444,218
38,"9433",11,75,48,27
38,"9433A",11,643,407,236
38,"9434",11,88,70,18
38,"9434A",11,621,440,181
38,"9435",11,114,72,42
38,"9435A",11,710,497,213
38,"9436",11,72,47,25
38,"9436A",11,545,388,157
38,"9437",11,85,58,27
38,"9437A",11,714,496,218
38,"9438",11,70,53,17
38,"9438A",11,614,410,204
38,"9439",11,71,47,24
38,"9439A",11,618,428,190
38,"9441",11,84,58,26
38,"9441A",11,687,442,245
38,"9442",11,73,53,20
38,"9442A",11,608,431,177
38,"9443",11,116,75,41
38,"9443A",11,642,458,184
38,"9444",11,110,76,34
38,"9444A",11,662,466,196
38,"9445",11,79,49,30
38,"9445A",11,605,408,197
38,"9446",11,92,52,40
38,"9446A",11,644,436,208
38,"9447",11,79,56,23
38,"9447A",11,696,495,201
38,"9448",11,100,64,36
38,"9448A",11,776,554,222
38,"9449",11,41,30,11
38,"9449A",11,397,251,146
38,"9451",11,73,47,26
38,"9451A",11,863,544,319
38,"9452",11,82,46,36
38,"9452A",11,720,483,237
38,"9501",11,105,95,10
38,"9501A",11,726,656,70
38,"9502",11,115,101,14
38,"9502A",11,696,634,62
38,"9503",11,134,119,15
38,"9503A",11,618,580,38
38,"9504",11,162,143,19
38,"9504A",11,907,843,64
38,"9505",11,163,145,18
38,"9505A",11,940,867,73
38,"9506",11,154,127,27
38,"9506A",11,755,695,60
38,"9507",11,123,88,35
38,"9507A",11,653,567,86
38,"9508",11,144,116,28
38,"9508A",11,790,717,73
38,"9509",11,90,79,11
38,"9509A",11,720,679,41
38,"9511",11,45,41,4
38,"9511A",11,255,221,34
38,"9512",11,48,34,14
38,"9512A",11,345,294,51
38,"9513",11,13,8,5
38,"9513A",11,108,87,21
38,"9701",11,141,108,33
38,"9701A",11,757,634,123
38,"9702",11,132,102,30
38,"9702A",11,685,609,76
38,"9703",11,118,103,15
38,"9703A",11,672,606,66
38,"9704",11,103,84,19
38,"9704A",11,579,512,67
38,"9705",11,89,74,15
38,"9705A",11,749,616,133
38,"9706",11,107,86,21
38,"9706A",11,712,607,105
38,"9707",11,109,93,16
38,"9707A",11,767,663,104
38,"9708",11,118,97,21
38,"9708A",11,708,625,83
38,"9709",11,86,66,20
38,"9709A",11,857,674,183
38,"9711",11,87,65,22
38,"9711A",11,684,554,130
38,"9712",11,127,99,28
38,"9712A",11,841,726,115
38,"9713",11,114,84,30
38,"9713A",11,785,659,126
38,"9714",11,80,55,25
38,"9714A",11,853,690,163
38,"9715",11,92,55,37
38,"9715A",11,776,576,200
38,"9716",11,97,69,28
38,"9716A",11,773,603,170
38,"9717",11,75,48,27
38,"9717A",11,723,536,187
38,"9718",11,91,61,30
38,"9718A",11,722,517,205
38,"9719",11,99,61,38
38,"9719A",11,870,683,187
38,"9721",11,57,36,21
38,"9721A",11,568,420,148
38,"9722",11,81,55,26
38,"9722A",11,285,226,59
38,"9723",11,481,423,58
38,"9723A",11,319,249,70
38,"9724",11,81,53,28
38,"9724A",11,717,497,220
38,"9725",11,67,33,34
38,"9725A",11,637,471,166
38,"9726",11,176,119,57
38,"9726A",11,633,467,166
38,"9727",11,190,148,42
38,"9727A",11,603,477,126
38,"9728",11,106,79,27
38,"9728A",11,612,457,155
38,"9729",11,61,32,29
38,"9729A",11,480,320,160
38,"9731",15,45,35,10
38,"9731A",15,379,274,105
38,"9732",11,104,69,35
38,"9732A",11,867,713,154
38,"9733",11,96,73,23
38,"9733A",11,727,590,137
38,"9734",11,116,89,27
38,"9734A",11,869,738,131
38,"9735",11,106,82,24
38,"9735A",11,764,616,148
38,"9801",11,115,101,14
38,"9801A",11,663,588,75
38,"9802",11,131,111,20
38,"9802A",11,928,848,80
38,"9803",11,110,97,13
38,"9803A",11,671,618,53
38,"9804",11,125,113,12
38,"9804A",11,809,753,56
38,"9805",11,112,98,14
38,"9805A",11,786,735,51
38,"9806",11,101,87,14
38,"9806A",11,830,767,63
38,"9807",11,71,57,14
38,"9807A",11,656,611,45
38,"9808",11,61,50,11
38,"9808A",11,567,513,54
38,"CNTYTOT",0,375261,300083,75178
38,"AD19_TOT",0,169439,131332,38107
38,"AD17_TOT",0,205822,168751,37071
38,"CD11_TOT",0,339111,274796,64315
38,"CD15_TOT",0,36150,25287,10863
38,"SD11_TOT",0,375261,300083,75178
38,"BE02_TOT",0,375261,300083,75178
38,"SOV_CD11",0,339111,274796,64315
38,"SOV_CD15",0,36150,25287,10863
39,"0010101",9,363,205,158
39,"0010101A",9,1212,851,361
39,"0010102",9,365,217,148
39,"0010102A",9,935,655,280
39,"0010145",9,104,55,49
39,"0010145A",9,351,232,119
39,"0010146",9,292,178,114
39,"0010146A",9,641,400,241
39,"0010147",9,56,27,29
39,"0010147A",9,313,217,96
39,"0010201",9,309,167,142
39,"0010201A",9,1086,637,449
39,"0010202",9,399,169,230
39,"0010202A",9,1883,1098,785
39,"0010203",9,261,133,128
39,"0010203A",9,999,612,387
39,"0010204",9,387,183,204
39,"0010204A",9,1687,958,729
39,"0010205",9,409,181,228
39,"0010205A",9,1552,872,680
39,"0010206",9,182,95,87
39,"0010206A",9,610,393,217
39,"0010207",9,397,169,228
39,"0010207A",9,1672,941,731
39,"0010212",9,280,130,150
39,"0010212A",9,1281,689,592
39,"0010213",9,179,101,78
39,"0010213A",9,544,323,221
39,"0010214",9,221,105,116
39,"0010214A",9,799,481,318
39,"0010215",9,319,149,170
39,"0010215A",9,1460,802,658
39,"0010217",9,245,135,110
39,"0010217A",9,1375,849,526
39,"0010221",9,210,96,114
39,"0010221A",9,1096,593,503
39,"0010243",9,212,112,100
39,"0010243A",9,918,554,364
39,"0010244",9,505,252,253
39,"0010244A",9,2147,1368,779
39,"0010248",9,239,132,107
39,"0010248A",9,1031,632,399
39,"0010250",9,186,89,97
39,"0010250A",9,937,466,471
39,"0010258",9,369,200,169
39,"0010258A",9,1264,863,401
39,"0011101",9,200,126,74
39,"0011101A",9,652,470,182
39,"0011102",9,378,227,151
39,"0011102A",9,1156,874,282
39,"0011107",9,326,200,126
39,"0011107A",9,947,679,268
39,"0011108",9,128,74,54
39,"0011108A",9,385,276,109
39,"0011109",9,311,160,151
39,"0011109A",9,1115,769,346
39,"0011111",9,443,258,185
39,"0011111A",9,1657,1151,506
39,"0011113",9,156,80,76
39,"0011113A",9,530,360,170
39,"0011114",9,230,145,85
39,"0011114A",9,774,544,230
39,"0011118",9,481,272,209
39,"0011118A",9,1629,1117,512
39,"0011119",9,66,40,26
39,"0011119A",9,257,176,81
39,"0011124",9,54,28,26
39,"0011124A",9,155,100,55
39,"0011125",9,110,58,52
39,"0011125A",9,519,368,151
39,"0011127",9,445,258,187
39,"0011127A",9,1511,1052,459
39,"0011130",9,433,214,219
39,"0011130A",9,1674,1052,622
39,"0011137",9,395,204,191
39,"0011137A",9,1520,1034,486
39,"0011149",9,198,91,107
39,"0011149A",9,671,401,270
39,"0011189",9,78,41,37
39,"0011189A",9,156,101,55
39,"0011209",9,439,228,211
39,"0011209A",9,2052,1246,806
39,"0011211",9,270,155,115
39,"0011211A",9,1143,706,437
39,"0011214",9,262,132,130
39,"0011214A",9,1137,714,423
39,"0011215",9,260,142,118
39,"0011215A",9,1045,659,386
39,"0011216",9,369,185,184
39,"0011216A",9,1336,848,488
39,"0011217",9,308,168,140
39,"0011217A",9,1775,1179,596
39,"0011225",9,296,139,157
39,"0011225A",9,1335,880,455
39,"0011270",9,180,102,78
39,"0011270A",9,610,367,243
39,"0011274",9,262,129,133
39,"0011274A",9,889,541,348
39,"0011275",9,245,134,111
39,"0011275A",9,1087,629,458
39,"0011304",9,450,207,243
39,"0011304A",9,2388,1370,1018
39,"0011305",9,266,116,150
39,"0011305A",9,1735,805,930
39,"0011309",9,600,273,327
39,"0011309A",9,2680,1508,1172
39,"0011333",9,73,29,44
39,"0011333A",9,428,239,189
39,"0011342",9,220,130,90
39,"0011342A",9,577,359,218
39,"0011360",9,305,143,162
39,"0011360A",9,1382,813,569
39,"0011362",9,204,74,130
39,"0011362A",9,1290,698,592
39,"0011403",9,360,165,195
39,"0011403A",9,1507,876,631
39,"0011405",9,369,159,210
39,"0011405A",9,1702,1073,629
39,"0011407",9,491,230,261
39,"0011407A",9,2409,1381,1028
39,"0020501",9,345,175,170
39,"0020501A",9,1679,1065,614
39,"0020502",9,255,126,129
39,"0020502A",9,1445,949,496
39,"0020507",9,230,123,107
39,"0020507A",9,1052,714,338
39,"0020508",9,222,103,119
39,"0020508A",9,888,518,370
39,"0020517",9,244,118,126
39,"0020517A",9,1161,785,376
39,"0033501",9,411,215,196
39,"0033501A",9,1496,1007,489
39,"0033502",9,469,237,232
39,"0033502A",9,2240,1340,900
39,"0033503",9,442,237,205
39,"0033503A",9,1850,1116,734
39,"0033506",9,522,246,276
39,"0033506A",9,2099,1210,889
39,"0033509",9,400,201,199
39,"0033509A",9,1906,1161,745
39,"0033511",9,470,231,239
39,"0033511A",9,1961,1142,819
39,"0033518",9,646,296,350
39,"0033518A",9,2921,1711,1210
39,"0033525",9,441,203,238
39,"0033525A",9,2417,1523,894
39,"0033531",9,392,212,180
39,"0033531A",9,1777,1157,620
39,"0033535",9,453,208,245
39,"0033535A",9,2444,1443,1001
39,"0033540",9,450,229,221
39,"0033540A",9,2265,1522,743
39,"0033550",9,254,110,144
39,"0033550A",9,1257,675,582
39,"0033558",9,381,175,206
39,"0033558A",9,1782,1122,660
39,"0033583",9,108,50,58
39,"0033583A",9,534,331,203
39,"0042401",9,288,100,188
39,"0042401A",9,1271,580,691
39,"0042402",9,424,107,317
39,"0042402A",9,1813,779,1034
39,"0042403",9,262,118,144
39,"0042403A",9,729,449,280
39,"0042404",9,493,181,312
39,"0042404A",9,1887,851,1036
39,"0042405",9,241,118,123
39,"0042405A",9,686,413,273
39,"0042406",9,519,160,359
39,"0042406A",9,2715,1198,1517
39,"0042407",9,373,114,259
39,"0042407A",9,1695,726,969
39,"0042408",9,441,131,310
39,"0042408A",9,1733,808,925
39,"0042413",9,394,109,285
39,"0042413A",9,1594,674,920
39,"0042415",9,253,71,182
39,"0042415A",9,1332,540,792
39,"0042419",9,361,91,270
39,"0042419A",9,2280,921,1359
39,"0042426",9,444,133,311
39,"0042426A",9,2087,998,1089
39,"0042430",9,200,49,151
39,"0042430A",9,1059,461,598
39,"0054301",9,96,43,53
39,"0054301A",9,432,212,220
39,"0054302",9,438,179,259
39,"0054302A",9,1489,763,726
39,"0054304",9,385,138,247
39,"0054304A",9,1537,822,715
39,"0054305",9,372,177,195
39,"0054305A",9,1716,1004,712
39,"0054307",9,497,218,279
39,"0054307A",9,2228,1239,989
39,"0054308",9,187,78,109
39,"0054308A",9,973,544,429
39,"0054311",9,468,205,263
39,"0054311A",9,1664,970,694
39,"0054318",9,225,87,138
39,"0054318A",9,2561,1503,1058
39,"0054320",9,468,190,278
39,"0054320A",9,1675,892,783
39,"0054326",9,393,152,241
39,"0054326A",9,2052,1097,955
39,"0054336",9,278,109,169
39,"0054336A",9,1195,594,601
39,"0054338",9,316,134,182
39,"0054338A",9,1697,920,777
39,"0054340",9,361,156,205
39,"0054340A",9,1742,979,763
39,"0054344",9,401,162,239
39,"0054344A",9,1543,845,698
39,"0054351",9,428,177,251
39,"0054351A",9,2201,1149,1052
39,"0054353",9,404,161,243
39,"0054353A",9,2029,1146,883
39,"0054359",9,82,26,56
39,"0054359A",9,605,281,324
39,"0064501",9,295,83,212
39,"0064501A",9,1461,546,915
39,"0064502",9,328,93,235
39,"0064502A",9,1370,512,858
39,"0074501",9,287,67,220
39,"0074501A",9,1979,651,1328
39,"0074502",9,310,84,226
39,"0074502A",9,1729,606,1123
39,"0074504",9,119,27,92
39,"0074504A",9,586,219,367
39,"0074505",9,196,52,144
39,"0074505A",9,1117,346,771
39,"0074508",9,286,77,209
39,"0074508A",9,1553,563,990
39,"0084301",13,478,234,244
39,"0084301A",13,1632,951,681
39,"0084302",13,509,220,289
39,"0084302A",13,1599,979,620
39,"0084303",13,459,244,215
39,"0084303A",13,1976,1226,750
39,"0084308",13,267,115,152
39,"0084308A",13,1099,693,406
39,"0084323",13,451,242,209
39,"0084323A",13,1379,883,496
39,"0084324",13,319,151,168
39,"0084324A",13,1447,828,619
39,"0091101",9,93,47,46
39,"0091101A",9,219,151,68
39,"0091102",9,169,79,90
39,"0091102A",9,442,279,163
39,"0091103",9,44,33,11
39,"0091103A",9,101,65,36
39,"0091105",9,154,78,76
39,"0091105A",9,454,306,148
39,"0091107",9,152,89,63
39,"0091107A",9,423,281,142
39,"0091108",9,302,129,173
39,"0091108A",9,1209,686,523
39,"0091111",9,536,240,296
39,"0091111A",9,1655,1035,620
39,"0091113",9,343,167,176
39,"0091113A",9,1003,572,431
39,"0091121",9,36,19,17
39,"0091121A",9,150,83,67
39,"0091129",9,41,24,17
39,"0091129A",9,140,98,42
39,"0091134",9,255,124,131
39,"0091134A",9,806,489,317
39,"0091150",9,50,24,26
39,"0091150A",9,127,70,57
39,"0091205",9,209,71,138
39,"0091205A",9,820,407,413
39,"0091210",9,191,88,103
39,"0091210A",9,750,428,322
39,"0091246",9,169,78,91
39,"0091246A",9,770,393,377
39,"0091401",9,170,50,120
39,"0091401A",9,880,370,510
39,"0091402",9,233,53,180
39,"0091402A",9,1205,384,821
39,"0091403",9,220,64,156
39,"0091403A",9,996,345,651
39,"0091404",9,145,26,119
39,"0091404A",9,710,188,522
39,"0091408",9,205,62,143
39,"0091408A",9,1125,438,687
39,"0091410",9,118,38,80
39,"0091410A",9,610,196,414
39,"0091411",9,204,67,137
39,"0091411A",9,1161,517,644
39,"0091417",9,63,20,43
39,"0091417A",9,246,103,143
39,"0092403",9,244,74,170
39,"0092403A",9,1015,399,616
39,"0092405",9,132,25,107
39,"0092405A",9,707,209,498
39,"0092406",9,276,70,206
39,"0092406A",9,1467,504,963
39,"0092407",9,259,55,204
39,"0092407A",9,1233,370,863
39,"0092408",9,155,42,113
39,"0092408A",9,775,226,549
39,"0092409",9,137,46,91
39,"0092409A",9,579,202,377
39,"0092411",9,174,37,137
39,"0092411A",9,768,245,523
39,"0092412",9,107,24,83
39,"0092412A",9,691,234,457
39,"0092413",9,96,38,58
39,"0092413A",9,324,149,175
39,"0092416",9,128,27,101
39,"0092416A",9,811,283,528
39,"0092419",9,337,105,232
39,"0092419A",9,1646,663,983
39,"0092434",9,42,10,32
39,"0092434A",9,244,90,154
39,"0093501",13,238,78,160
39,"0093501A",13,1096,474,622
39,"0093502",13,110,25,85
39,"0093502A",13,600,218,382
39,"0093503",9,92,24,68
39,"0093503A",9,177,77,100
39,"0093505",9,102,33,69
39,"0093505A",9,517,209,308
39,"0093513",13,85,19,66
39,"0093513A",13,324,91,233
39,"0094302",9,55,26,29
39,"0094302A",9,277,150,127
39,"0094315",9,133,72,61
39,"0094315A",9,396,224,172
39,"0094318",13,77,28,49
39,"0094318A",13,605,290,315
39,"0094405",9,26,7,19
39,"0094405A",9,246,73,173
39,"0094407",9,101,27,74
39,"0094407A",9,846,235,611
39,"0094418",9,224,75,149
39,"0094418A",9,996,412,584
39,"0094503",9,59,12,47
39,"0094503A",9,350,61,289
39,"0094513",9,152,45,107
39,"0094513A",9,927,296,631
39,"0094521",9,73,15,58
39,"0094521A",9,564,123,441
39,"0102380A",9,104,36,68
39,"0102390",9,26,17,9
39,"0102390A",9,60,36,24
39,"0102490A",9,76,49,27
39,"0111310",9,31,11,20
39,"0111310A",9,91,68,23
39,"0111510",9,14,7,7
39,"0111510A",9,52,28,24
39,"0111530",9,18,9,9
39,"0111530A",9,134,85,49
39,"0113930",9,10,6,4
39,"0113930A",9,44,31,13
39,"0335120",9,25,18,7
39,"0335120A",9,94,56,38
39,"0335700A",9,14,7,7
39,"0905010A",13,15,3,12
39,"0905070A",13,42,11,31
39,"0905090",13,12,5,7
39,"0905090A",13,95,34,61
39,"0905120A",13,13,5,8
39,"0905220A",9,27,6,21
39,"0905230",9,15,8,7
39,"0905230A",9,173,70,103
39,"0905280A",9,70,47,23
39,"0911040",9,21,13,8
39,"0911040A",9,132,72,60
39,"0911200",9,11,6,5
39,"0911200A",9,59,41,18
39,"0911490A",9,12,5,7
39,"0912020",9,15,10,5
39,"0912020A",9,93,62,31
39,"0912320",9,26,16,10
39,"0912320A",9,83,48,35
39,"0912360",9,10,7,3
39,"0912360A",9,85,35,50
39,"0912370",9,25,8,17
39,"0912370A",9,108,52,56
39,"0912410A",9,83,43,40
39,"0912470",9,15,7,8
39,"0912470A",9,94,63,31
39,"0912490",9,16,7,9
39,"0912490A",9,95,53,42
39,"0913090",9,19,5,14
39,"0913090A",9,148,76,72
39,"0913220",9,11,2,9
39,"0913220A",9,180,98,82
39,"0913230",9,11,6,5
39,"0913230A",9,55,29,26
39,"0914050",9,24,6,18
39,"0914050A",9,148,51,97
39,"0914180A",9,63,18,45
39,"0914190A",9,93,27,66
39,"0914260",9,10,2,8
39,"0914260A",9,93,38,55
39,"0914290",9,12,3,9
39,"0914290A",9,59,22,37
39,"0914340A",9,28,15,13
39,"0914380A",9,26,8,18
39,"0924010",9,15,6,9
39,"0924010A",9,144,31,113
39,"0924330",9,12,6,6
39,"0924330A",9,73,21,52
39,"0924500A",9,51,2,49
39,"0933060A",9,72,36,36
39,"0933080A",9,95,30,65
39,"0935040A",9,121,53,68
39,"0935060",9,17,11,6
39,"0935060A",9,113,63,50
39,"0935080A",9,36,19,17
39,"0935190A",9,71,28,43
39,"0935260A",9,42,15,27
39,"0935290",9,20,3,17
39,"0935290A",9,99,38,61
39,"0935460A",13,12,5,7
39,"0935500A",9,76,31,45
39,"0941030",9,11,2,9
39,"0941030A",9,66,25,41
39,"0943010",9,26,7,19
39,"0943010A",9,139,46,93
39,"0943030",9,11,5,6
39,"0943030A",9,150,62,88
39,"0943040A",9,143,54,89
39,"0943070A",9,50,20,30
39,"0943310A",9,32,16,16
39,"0943340",9,20,9,11
39,"0943340A",9,145,59,86
39,"0944140",9,10,1,9
39,"0944140A",9,173,35,138
39,"0945100",9,21,3,18
39,"0945100A",9,120,40,80
39,"0945140",9,8,1,7
39,"0945140A",9,109,32,77
39,"0945170A",13,63,8,55
39,"CNTYTOT",0,256720,134210,122510
39,"AD13_TOT",0,142308,83748,58560
39,"AD09_TOT",0,114412,50462,63950
39,"CD09_TOT",0,241661,126146,115515
39,"CD13_TOT",0,15059,8064,6995
39,"SD05_TOT",0,256720,134210,122510
39,"BE01_TOT",0,256720,134210,122510
39,"SOV_CD09",0,241661,126146,115515
39,"SOV_CD13",0,15059,8064,6995
40,"101",19,148,55,93
40,"101A",19,1473,787,686
40,"102",19,113,38,75
40,"102A",19,1363,714,649
40,"103",19,99,19,80
40,"103A",19,1356,605,751
40,"104",19,79,23,56
40,"104A",19,584,287,297
40,"105",19,156,42,114
40,"105A",19,1756,847,909
40,"106",19,130,35,95
40,"106A",19,1591,776,815
40,"107",19,58,20,38
40,"107A",19,575,295,280
40,"108",19,129,47,82
40,"108A",19,1368,670,698
40,"109",19,168,70,98
40,"109A",19,1708,850,858
40,"110",19,108,43,65
40,"110A",19,1140,560,580
40,"111",19,203,37,166
40,"111A",19,1879,623,1256
40,"112",19,61,13,48
40,"112A",19,413,143,270
40,"113",19,254,60,194
40,"113A",19,2325,890,1435
40,"114",19,51,7,44
40,"114A",19,636,223,413
40,"115",19,89,15,74
40,"115A",19,712,234,478
40,"116",19,66,17,49
40,"116A",19,296,113,183
40,"117",19,133,30,103
40,"117A",19,1263,415,848
40,"118",19,70,23,47
40,"118A",19,900,401,499
40,"119",19,154,54,100
40,"119A",19,1509,675,834
40,"120",19,122,31,91
40,"120A",19,1454,693,761
40,"121",19,83,18,65
40,"121A",19,1225,569,656
40,"201",24,37,10,27
40,"201A",24,374,155,219
40,"202",24,164,86,78
40,"202A",24,3203,2080,1123
40,"203",24,73,31,42
40,"203A",24,1272,785,487
40,"204",24,97,51,46
40,"204A",24,1878,1272,606
40,"205",24,145,92,53
40,"205A",24,1431,1048,383
40,"206",24,104,62,42
40,"206A",24,1966,1404,562
40,"207",24,112,57,55
40,"207A",24,1789,1348,441
40,"208",24,43,32,11
40,"208A",24,419,313,106
40,"209",24,43,13,30
40,"209A",24,996,605,391
40,"210",24,37,17,20
40,"210A",24,664,396,268
40,"211",24,59,34,25
40,"211A",24,1014,659,355
40,"212",24,42,26,16
40,"212A",24,1059,797,262
40,"213",24,59,28,31
40,"213A",24,1202,817,385
40,"214",19,90,53,37
40,"214A",19,1454,1020,434
40,"215",24,131,76,55
40,"215A",24,2428,1894,534
40,"216",24,32,17,15
40,"216A",24,1100,852,248
40,"217",19,71,29,42
40,"217A",19,1360,919,441
40,"218",24,794,618,176
40,"218A",24,225,191,34
40,"219",19,76,38,38
40,"219A",19,1054,718,336
40,"301",24,155,77,78
40,"301A",24,1559,854,705
40,"302",24,121,52,69
40,"302A",24,1170,708,462
40,"303",24,41,14,27
40,"303A",24,305,160,145
40,"304",24,137,53,84
40,"304A",24,1117,667,450
40,"305",24,66,33,33
40,"305A",24,743,416,327
40,"306",24,50,27,23
40,"306A",24,676,409,267
40,"307",24,137,57,80
40,"307A",24,2066,1163,903
40,"308",24,73,25,48
40,"308A",24,1496,759,737
40,"309",24,70,25,45
40,"309A",24,1400,777,623
40,"310",24,95,52,43
40,"310A",24,1367,1021,346
40,"311",24,74,40,34
40,"311A",24,1004,716,288
40,"312",24,123,80,43
40,"312A",24,1864,1440,424
40,"313",24,52,26,26
40,"313A",24,1639,1227,412
40,"314",24,101,71,30
40,"314A",24,1252,1041,211
40,"315",24,99,61,38
40,"315A",24,1024,801,223
40,"316",24,89,52,37
40,"316A",24,1273,1044,229
40,"317",24,24,11,13
40,"317A",24,834,640,194
40,"318",24,63,30,33
40,"318A",24,1291,697,594
40,"319",24,72,53,19
40,"319A",24,877,695,182
40,"320",24,81,46,35
40,"320A",24,1476,1067,409
40,"321",24,128,66,62
40,"321A",24,1767,1317,450
40,"322",24,70,39,31
40,"322A",24,1119,651,468
40,"323",24,106,36,70
40,"323A",24,1814,911,903
40,"324",24,18,9,9
40,"324A",24,573,329,244
40,"401",24,38,16,22
40,"401A",24,1091,599,492
40,"402",24,105,38,67
40,"402A",24,1928,1077,851
40,"403",24,72,28,44
40,"403A",24,1194,657,537
40,"404",24,18,4,14
40,"404A",24,371,154,217
40,"405",24,50,20,30
40,"405A",24,1100,555,545
40,"406",24,97,27,70
40,"406A",24,1383,805,578
40,"407",24,65,25,40
40,"407A",24,775,461,314
40,"408",24,72,40,32
40,"408A",24,966,543,423
40,"409",24,91,33,58
40,"409A",24,1257,727,530
40,"410",24,38,7,31
40,"410A",24,569,222,347
40,"411",24,161,79,82
40,"411A",24,1340,807,533
40,"412",24,59,15,44
40,"412A",24,872,405,467
40,"413",24,44,22,22
40,"413A",24,676,352,324
40,"414",24,42,19,23
40,"414A",24,556,363,193
40,"415",24,73,23,50
40,"415A",24,823,321,502
40,"416",24,65,24,41
40,"416A",24,881,480,401
40,"417",24,75,26,49
40,"417A",24,1274,605,669
40,"418",24,63,27,36
40,"418A",24,1322,607,715
40,"419",24,20,4,16
40,"419A",24,336,125,211
40,"420",24,81,28,53
40,"420A",24,1127,446,681
40,"421",24,61,29,32
40,"421A",24,1251,622,629
40,"422",24,62,20,42
40,"422A",24,2104,1307,797
40,"423",24,104,31,73
40,"423A",24,1427,596,831
40,"424",24,92,29,63
40,"424A",24,1339,703,636
40,"425",24,80,29,51
40,"425A",24,1112,528,584
40,"426",24,119,54,65
40,"426A",24,1218,601,617
40,"427",24,17,2,15
40,"427A",24,327,174,153
40,"428",24,17,8,9
40,"428A",24,424,240,184
40,"501",19,102,12,90
40,"501A",19,1187,593,594
40,"502",19,80,23,57
40,"502A",19,1790,907,883
40,"503",19,129,37,92
40,"503A",19,1378,677,701
40,"504",19,128,41,87
40,"504A",19,1342,635,707
40,"505",19,104,38,66
40,"505A",19,1308,713,595
40,"506",19,111,29,82
40,"506A",19,1458,683,775
40,"507",19,114,32,82
40,"507A",19,1535,771,764
40,"508",19,97,28,69
40,"508A",19,1174,630,544
40,"509",19,111,36,75
40,"509A",19,1194,608,586
40,"510",19,74,23,51
40,"510A",19,1271,694,577
40,"511",19,113,39,74
40,"511A",19,1270,762,508
40,"512",19,22,5,17
40,"512A",19,469,149,320
40,"513",19,39,11,28
40,"513A",19,481,142,339
40,"514",19,98,18,80
40,"514A",19,1338,451,887
40,"515",24,51,20,31
40,"515A",24,1003,422,581
40,"516",24,134,92,42
40,"516A",24,428,341,87
40,"517",24,191,132,59
40,"517A",24,1136,861,275
40,"518",24,354,271,83
40,"518A",24,949,751,198
40,"519",19,88,13,75
40,"519A",19,1431,482,949
40,"520",24,127,38,89
40,"520A",24,1405,702,703
40,"521",24,133,102,31
40,"521A",24,1026,796,230
40,"MB03A",24,245,125,120
40,"MB04A",19,72,31,41
40,"MB05A",24,87,51,36
40,"MB06A",24,34,15,19
40,"MB07A",24,43,17,26
40,"MB09A",19,16,8,8
40,"MB10A",24,22,11,11
40,"MB13A",19,59,24,35
40,"MB14A",19,19,6,13
40,"MB17A",19,20,5,15
40,"MB19A",24,29,10,19
40,"MB20",24,28,16,12
40,"MB20A",24,90,55,35
40,"MB25A",24,37,22,15
40,"MB26A",24,99,35,64
40,"MB28A",24,12,3,9
40,"MB29A",24,25,11,14
40,"MB31A",24,33,15,18
40,"MB33A",24,123,50,73
40,"MB36A",24,39,7,32
40,"MB42A",19,21,2,19
40,"MB43A",24,121,56,65
40,"MB44A",24,179,44,135
40,"MB45A",24,123,52,71
40,"CNTYTOT",0,146400,81548,64852
40,"AD30_TOT",0,131466,74358,57108
40,"AD37_TOT",0,14934,7190,7744
40,"CD19_TOT",0,52365,24203,28162
40,"CD24_TOT",0,94035,57345,36690
40,"SD17_TOT",0,117328,66940,50388
40,"SD21_TOT",0,29072,14608,14464
40,"BE02_TOT",0,146400,81548,64852
40,"SOV_CD19",0,52365,24203,28162
40,"SOV_CD24",0,94035,57345,36690
41,"10001",15,175,109,66
41,"10001A",15,1146,868,278
41,"10003",15,238,159,79
41,"10003A",15,1099,860,239
41,"10005",15,245,154,91
41,"10005A",15,1420,1076,344
41,"10008",15,238,134,104
41,"10008A",15,1347,1068,279
41,"10009",15,166,95,71
41,"10009A",15,1031,800,231
41,"10012",15,195,112,83
41,"10012A",15,1229,950,279
41,"10015",15,192,105,87
41,"10015A",15,1660,1251,409
41,"10017",15,107,62,45
41,"10017A",15,1362,1026,336
41,"10019",15,122,66,56
41,"10019A",15,1207,890,317
41,"10021",15,123,70,53
41,"10021A",15,1474,973,501
41,"12001",15,161,94,67
41,"12001A",15,992,748,244
41,"12003",15,312,160,152
41,"12003A",15,2004,1463,541
41,"12004",15,202,129,73
41,"12004A",15,895,678,217
41,"12005",15,119,67,52
41,"12005A",15,542,373,169
41,"12006",15,243,133,110
41,"12006A",15,1822,1365,457
41,"12013",15,154,98,56
41,"12013A",15,1013,779,234
41,"12050",15,12,9,3
41,"12050A",15,123,97,26
41,"14001",15,194,80,114
41,"14001A",15,1483,842,641
41,"14004",15,187,93,94
41,"14004A",15,1697,1110,587
41,"14006",15,275,118,157
41,"14006A",15,2418,1487,931
41,"15001",15,191,110,81
41,"15001A",15,1527,1028,499
41,"15003",15,196,107,89
41,"15003A",15,1675,1030,645
41,"15006",15,224,110,114
41,"15006A",15,2122,1278,844
41,"15008",15,230,112,118
41,"15008A",15,1699,1162,537
41,"15012",15,185,84,101
41,"15012A",15,2064,1401,663
41,"17001",15,92,46,46
41,"17001A",15,1011,753,258
41,"17003",15,104,64,40
41,"17003A",15,1228,1012,216
41,"17101",15,46,23,23
41,"17101A",15,639,423,216
41,"17105A",15,15,4,11
41,"17803A",15,96,67,29
41,"18001",15,147,85,62
41,"18001A",15,1237,947,290
41,"18003",15,211,139,72
41,"18003A",15,1426,1063,363
41,"18006",15,269,158,111
41,"18006A",15,2042,1527,515
41,"18008",15,327,194,133
41,"18008A",15,1986,1552,434
41,"18010",15,310,216,94
41,"18010A",15,1469,1187,282
41,"18015",15,263,162,101
41,"18015A",15,1565,1197,368
41,"18017",15,16,9,7
41,"18017A",15,139,110,29
41,"18019",15,177,104,73
41,"18019A",15,1463,1096,367
41,"18020",15,252,160,92
41,"18020A",15,1734,1282,452
41,"18021",15,85,40,45
41,"18021A",15,627,473,154
41,"18033",15,180,94,86
41,"18033A",15,1406,1042,364
41,"18035",15,162,93,69
41,"18035A",15,1235,910,325
41,"18062A",15,95,79,16
41,"18072A",15,31,23,8
41,"21001",15,130,66,64
41,"21001A",15,871,684,187
41,"21002",15,70,44,26
41,"21002A",15,603,440,163
41,"21003",15,133,74,59
41,"21003A",15,730,564,166
41,"21007",15,45,30,15
41,"21007A",15,427,348,79
41,"21008",15,176,112,64
41,"21008A",15,1502,1184,318
41,"21010",15,159,95,64
41,"21010A",15,1787,1397,390
41,"21013",15,91,42,49
41,"21013A",15,1558,1184,374
41,"21047",15,97,71,26
41,"21047A",15,627,476,151
41,"22001",15,145,88,57
41,"22001A",15,941,656,285
41,"22002",15,158,74,84
41,"22002A",15,1422,1054,368
41,"22005",15,242,128,114
41,"22005A",15,2045,1437,608
41,"22008",15,213,103,110
41,"22008A",15,2194,1584,610
41,"22010",15,243,142,101
41,"22010A",15,2177,1585,592
41,"22011",15,266,163,103
41,"22011A",15,1448,1081,367
41,"22021",15,217,127,90
41,"22021A",15,2026,1467,559
41,"26001",15,220,129,91
41,"26001A",15,1500,1157,343
41,"26003",15,200,128,72
41,"26003A",15,1155,885,270
41,"26005",15,198,126,72
41,"26005A",15,1465,1110,355
41,"26008",15,281,156,125
41,"26008A",15,2147,1628,519
41,"26011",15,248,159,89
41,"26011A",15,1547,1193,354
41,"26014",15,100,59,41
41,"26014A",15,919,651,268
41,"26016",15,195,115,80
41,"26016A",15,1667,1286,381
41,"26020",15,261,174,87
41,"26020A",15,1730,1398,332
41,"26022",15,207,133,74
41,"26022A",15,1244,1001,243
41,"26023",15,254,159,95
41,"26023A",15,1964,1577,387
41,"26026",15,327,217,110
41,"26026A",15,2084,1667,417
41,"26030",15,349,246,103
41,"26030A",15,2103,1656,447
41,"26036",15,290,168,122
41,"26036A",15,2288,1642,646
41,"26043",15,338,207,131
41,"26043A",15,2454,1906,548
41,"26046",15,233,135,98
41,"26046A",15,2584,1959,625
41,"26049",15,231,123,108
41,"26049A",15,2362,1794,568
41,"26052",15,260,138,122
41,"26052A",15,2274,1712,562
41,"26053",15,163,95,68
41,"26053A",15,1125,878,247
41,"26055",15,215,109,106
41,"26055A",15,1821,1391,430
41,"26058",15,219,116,103
41,"26058A",15,2403,1786,617
41,"26063",15,131,65,66
41,"26063A",15,1331,942,389
41,"26064",15,26,12,14
41,"26064A",15,168,103,65
41,"27701A",15,39,27,12
41,"30010A",15,97,69,28
41,"31015",15,179,100,79
41,"31015A",15,1765,1344,421
41,"31017",15,171,94,77
41,"31017A",15,833,662,171
41,"31032",15,64,41,23
41,"31032A",15,607,476,131
41,"31035",15,48,26,22
41,"31035A",15,499,372,127
41,"31036A",15,32,28,4
41,"31037",15,34,23,11
41,"31037A",15,220,176,44
41,"36001",15,139,83,56
41,"36001A",15,1632,1271,361
41,"36004",15,166,104,62
41,"36004A",15,2051,1572,479
41,"36006",15,286,181,105
41,"36006A",15,1796,1471,325
41,"36009",15,271,156,115
41,"36009A",15,2193,1768,425
41,"36012",15,43,18,25
41,"36012A",15,388,312,76
41,"36014",15,166,92,74
41,"36014A",15,2056,1643,413
41,"36017",15,169,94,75
41,"36017A",15,2033,1593,440
41,"36021",15,279,148,131
41,"36021A",15,2605,1987,618
41,"36027A",15,86,55,31
41,"36029",15,26,18,8
41,"36029A",15,264,214,50
41,"36031A",15,51,34,17
41,"36035",15,10,5,5
41,"36035A",15,36,31,5
41,"36038",15,11,6,5
41,"36038A",15,165,123,42
41,"36042",15,12,7,5
41,"36042A",15,206,150,56
41,"37001",15,242,137,105
41,"37001A",15,2534,1929,605
41,"37008",15,16,12,4
41,"37008A",15,196,142,54
41,"37012A",15,11,8,3
41,"37030",15,18,12,6
41,"37030A",15,408,313,95
41,"37602",15,33,20,13
41,"37602A",15,429,347,82
41,"37603A",15,30,23,7
41,"40001",15,283,196,87
41,"40001A",15,943,796,147
41,"40004",15,291,226,65
41,"40004A",15,1145,948,197
41,"40007",15,337,229,108
41,"40007A",15,1341,1110,231
41,"40011",15,115,81,34
41,"40011A",15,329,261,68
41,"40015",15,253,177,76
41,"40015A",15,1214,996,218
41,"44001",15,37,24,13
41,"44001A",15,385,304,81
41,"44002",15,51,34,17
41,"44002A",15,532,442,90
41,"44003",15,190,130,60
41,"44003A",15,642,532,110
41,"44004",15,180,117,63
41,"44004A",15,617,523,94
41,"44006A",15,60,38,22
41,"44007",15,43,31,12
41,"44007A",15,401,342,59
41,"44031A",15,37,33,4
41,"44032",15,47,27,20
41,"44032A",15,128,106,22
41,"44034",15,15,14,1
41,"44034A",15,247,203,44
41,"44040",15,26,19,7
41,"44040A",15,260,220,40
41,"44042A",15,22,19,3
41,"44044A",15,16,8,8
41,"46001",15,231,145,86
41,"46001A",15,1378,1102,276
41,"46003",15,66,37,29
41,"46003A",15,363,285,78
41,"46004",15,82,51,31
41,"46004A",15,405,310,95
41,"46005",15,225,150,75
41,"46005A",15,925,758,167
41,"46006",15,389,287,102
41,"46006A",15,1987,1598,389
41,"46008",15,197,123,74
41,"46008A",15,1912,1517,395
41,"46009",15,112,72,40
41,"46009A",15,753,612,141
41,"46011",15,134,88,46
41,"46011A",15,1547,1266,281
41,"46014",15,130,75,55
41,"46014A",15,1152,883,269
41,"46016",15,121,73,48
41,"46016A",15,984,798,186
41,"46017A",15,17,14,3
41,"46018",15,136,79,57
41,"46018A",15,1311,1014,297
41,"46019",15,208,153,55
41,"46019A",15,1227,1042,185
41,"46024",15,175,126,49
41,"46024A",15,1093,878,215
41,"46026",15,167,103,64
41,"46026A",15,1572,1228,344
41,"46029",15,158,91,67
41,"46029A",15,1439,1131,308
41,"46032",15,58,34,24
41,"46032A",15,541,416,125
41,"46033",15,175,78,97
41,"46033A",15,2115,1626,489
41,"46038",15,182,119,63
41,"46038A",15,2073,1536,537
41,"46050",15,137,94,43
41,"46050A",15,812,648,164
41,"46053A",15,32,21,11
41,"46057A",15,119,94,25
41,"46071",15,66,49,17
41,"46071A",15,368,292,76
41,"46110A",15,130,97,33
41,"46120A",15,34,24,10
41,"46140A",15,30,25,5
41,"46400",15,208,123,85
41,"46400A",15,1440,1088,352
41,"46402",15,249,131,118
41,"46402A",15,2027,1480,547
41,"46403",15,226,144,82
41,"46403A",15,1625,1158,467
41,"46408A",15,27,25,2
41,"47001",15,13,9,4
41,"47001A",15,274,195,79
41,"47108A",15,99,78,21
41,"47501",15,221,150,71
41,"47501A",15,880,706,174
41,"47503",15,92,49,43
41,"47503A",15,884,711,173
41,"47505",15,195,139,56
41,"47505A",15,737,615,122
41,"47506",15,101,73,28
41,"47506A",15,622,494,128
41,"47507",15,20,14,6
41,"47507A",15,69,52,17
41,"50001",15,366,252,114
41,"50001A",15,1902,1516,386
41,"52014",15,220,111,109
41,"52014A",15,1661,1165,496
41,"52019",15,139,67,72
41,"52019A",15,1484,1075,409
41,"52021",15,109,65,44
41,"52021A",15,901,643,258
41,"52024",15,46,27,19
41,"52024A",15,718,554,164
41,"52025",15,196,102,94
41,"52025A",15,1466,1115,351
41,"52026",15,201,117,84
41,"52026A",15,1684,1223,461
41,"52034A",15,99,73,26
41,"52043A",15,18,13,5
41,"52045A",15,22,19,3
41,"53001",15,69,44,25
41,"53001A",15,382,283,99
41,"53002",15,19,12,7
41,"53002A",15,86,69,17
41,"56001",15,277,159,118
41,"56001A",15,1465,1049,416
41,"56003",15,151,99,52
41,"56003A",15,1311,1002,309
41,"56005",15,265,168,97
41,"56005A",15,1343,969,374
41,"56008",15,301,180,121
41,"56008A",15,1581,1116,465
41,"56009",15,303,180,123
41,"56009A",15,1725,1299,426
41,"56014",15,208,135,73
41,"56014A",15,1905,1429,476
41,"56015",15,198,119,79
41,"56015A",15,1669,1232,437
41,"56017",15,125,92,33
41,"56017A",15,770,575,195
41,"56020",15,322,214,108
41,"56020A",15,1704,1211,493
41,"56022",15,234,140,94
41,"56022A",15,2080,1534,546
41,"56029",15,179,106,73
41,"56029A",15,1765,1295,470
41,"56033",15,226,148,78
41,"56033A",15,1990,1499,491
41,"56035",15,205,135,70
41,"56035A",15,1716,1216,500
41,"56036",15,100,51,49
41,"56036A",15,1008,752,256
41,"56038",15,230,139,91
41,"56038A",15,1820,1296,524
41,"56046",15,241,143,98
41,"56046A",15,2042,1506,536
41,"56048",15,202,106,96
41,"56048A",15,2025,1525,500
41,"56062",15,37,27,10
41,"56062A",15,304,222,82
41,"57101",15,174,98,76
41,"57101A",15,1606,1168,438
41,"57104",15,21,14,7
41,"57104A",15,102,78,24
41,"57105A",15,44,33,11
41,"57106",15,47,25,22
41,"57106A",15,285,223,62
41,"58022",15,76,39,37
41,"58022A",15,624,470,154
41,"58025",15,220,127,93
41,"58025A",15,1963,1441,522
41,"58028",15,216,123,93
41,"58028A",15,1724,1285,439
41,"58031",15,103,58,45
41,"58031A",15,1083,810,273
41,"CNTYTOT",0,289934,222901,67033
41,"AD21_TOT",0,202030,149010,53020
41,"AD19_TOT",0,49252,35638,13614
41,"AD23_TOT",0,38652,38253,399
41,"CD15_TOT",0,253394,186361,67033
41,"SD13_TOT",0,240677,187263,53414
41,"SD11_TOT",0,49257,35638,13619
41,"BE02_TOT",0,289934,222901,67033
41,"SOV_CD15",0,253394,186361,67033
42,"10-0410",24,106,57,49
42,"10-0410A",24,804,529,275
42,"10-0464",24,142,83,59
42,"10-0464A",24,806,545,261
42,"10-0488",24,356,180,176
42,"10-0488A",24,3233,2105,1128
42,"10-0496",24,166,101,65
42,"10-0496A",24,885,640,245
42,"10-0518",24,170,105,65
42,"10-0518A",24,1580,1294,286
42,"10-0548",24,33,17,16
42,"10-0548A",24,255,196,59
42,"10-0560",24,37,28,9
42,"10-0560A",24,390,276,114
42,"10-0574",24,65,33,32
42,"10-0574A",24,881,545,336
42,"10-1001",24,17,9,8
42,"10-1001A",24,730,473,257
42,"10-1002",24,9,5,4
42,"10-1002A",24,145,100,45
42,"10-1003A",24,16,12,4
42,"10-1004A",24,356,256,100
42,"10-1006A",24,29,16,13
42,"10-1007",24,10,6,4
42,"10-1007A",24,291,220,71
42,"10-1008A",24,120,62,58
42,"10-1009A",24,186,152,34
42,"10-1011",24,11,8,3
42,"10-1011A",24,291,188,103
42,"10-1012",24,10,4,6
42,"10-1012A",24,130,78,52
42,"10-1014A",24,281,98,183
42,"11-1015",24,45,31,14
42,"11-1015A",24,724,552,172
42,"11-1016A",24,126,80,46
42,"11-1017A",24,32,24,8
42,"11-1018A",24,91,75,16
42,"11-1019",24,16,13,3
42,"11-1019A",24,154,107,47
42,"11-1020",24,10,8,2
42,"11-1020A",24,213,148,65
42,"11-1402",24,110,66,44
42,"11-1402A",24,531,408,123
42,"11-2400",24,20,10,10
42,"11-2400A",24,222,138,84
42,"11-2401",24,108,64,44
42,"11-2401A",24,810,574,236
42,"11-3400",24,104,56,48
42,"11-3400A",24,1101,768,333
42,"11-4400",24,92,59,33
42,"11-4400A",24,1005,745,260
42,"11-5413",24,72,26,46
42,"11-5413A",24,811,588,223
42,"12-1028",24,10,9,1
42,"12-1028A",24,178,147,31
42,"12-1029",24,12,7,5
42,"12-1029A",24,351,247,104
42,"12-1031A",24,171,138,33
42,"12-1032A",24,16,12,4
42,"12-1033A",24,123,97,26
42,"12-1038A",24,120,106,14
42,"12-1400",24,195,135,60
42,"12-1400A",24,1135,907,228
42,"12-1404",24,437,323,114
42,"12-1404A",24,2364,2030,334
42,"12-1410",24,79,55,24
42,"12-1410A",24,619,493,126
42,"12-2400",24,51,37,14
42,"12-2400A",24,315,250,65
42,"12-2402",24,29,24,5
42,"12-2402A",24,328,286,42
42,"12-3400",24,114,74,40
42,"12-3400A",24,296,224,72
42,"12-3402",24,376,276,100
42,"12-3402A",24,2010,1701,309
42,"12-3406",24,60,39,21
42,"12-3406A",24,495,413,82
42,"12-3412",24,83,49,34
42,"12-3412A",24,502,423,79
42,"12-4404",24,21,4,17
42,"12-4404A",24,194,127,67
42,"12-4408",24,72,40,32
42,"12-4408A",24,815,556,259
42,"12-4424",24,214,141,73
42,"12-4424A",24,2636,2033,603
42,"12-4428",24,210,137,73
42,"12-4428A",24,3008,2276,732
42,"12-4430",24,29,24,5
42,"12-4430A",24,267,225,42
42,"12-4434",24,232,159,73
42,"12-4434A",24,2018,1657,361
42,"12-5404",24,37,20,17
42,"12-5404A",24,465,386,79
42,"12-5410",24,16,8,8
42,"12-5410A",24,408,321,87
42,"12-6400",24,78,52,26
42,"12-6400A",24,516,435,81
42,"12-6402",24,105,82,23
42,"12-6402A",24,665,556,109
42,"12-6404",24,50,39,11
42,"12-6404A",24,397,318,79
42,"12-6406",24,26,19,7
42,"12-6406A",24,226,202,24
42,"12-6410",24,22,12,10
42,"12-6410A",24,172,148,24
42,"12-6412",24,99,79,20
42,"12-6412A",24,639,546,93
42,"12-6414",24,200,141,59
42,"12-6414A",24,1474,1227,247
42,"20-0402",24,25,18,7
42,"20-0402A",24,289,210,79
42,"20-0414",24,193,90,103
42,"20-0414A",24,1778,1146,632
42,"20-0416",24,42,31,11
42,"20-0416A",24,291,221,70
42,"20-0462",24,22,8,14
42,"20-0462A",24,706,491,215
42,"20-0464",24,34,25,9
42,"20-0464A",24,239,187,52
42,"20-0476",24,34,19,15
42,"20-0476A",24,239,188,51
42,"20-0504",24,171,104,67
42,"20-0504A",24,2466,1778,688
42,"20-0508",24,83,43,40
42,"20-0508A",24,1116,797,319
42,"20-0520",24,74,33,41
42,"20-0520A",24,1134,763,371
42,"20-0560",24,36,23,13
42,"20-0560A",24,194,159,35
42,"20-0566",24,72,48,24
42,"20-0566A",24,683,496,187
42,"20-0568",24,79,57,22
42,"20-0568A",24,742,542,200
42,"20-0570",24,30,20,10
42,"20-0570A",24,387,263,124
42,"20-0572",24,137,77,60
42,"20-0572A",24,1051,769,282
42,"20-0576",24,39,25,14
42,"20-0576A",24,347,257,90
42,"20-0578A",24,242,185,57
42,"20-0608",24,36,27,9
42,"20-0608A",24,217,143,74
42,"20-0610",24,282,236,46
42,"20-0610A",24,180,158,22
42,"20-0612",24,185,162,23
42,"20-0612A",24,115,104,11
42,"20-0614",24,398,363,35
42,"20-0614A",24,192,179,13
42,"20-0616",24,689,584,105
42,"20-0616A",24,517,481,36
42,"20-0622",24,285,235,50
42,"20-0622A",24,293,268,25
42,"20-0626",24,464,383,81
42,"20-0626A",24,521,457,64
42,"20-0627",24,504,395,109
42,"20-0627A",24,700,618,82
42,"20-0632",24,55,49,6
42,"20-0632A",24,151,143,8
42,"20-0634",24,581,510,71
42,"20-0634A",24,596,556,40
42,"20-2007A",24,127,84,43
42,"20-2011",24,14,9,5
42,"20-2011A",24,676,456,220
42,"20-2039A",24,148,94,54
42,"20-2040A",24,201,146,55
42,"20-2041A",24,90,56,34
42,"20-2044A",24,152,104,48
42,"20-2048A",24,66,47,19
42,"20-2049A",24,79,60,19
42,"20-2054A",24,205,125,80
42,"20-2056A",24,13,12,1
42,"20-2058",24,54,44,10
42,"20-2058A",24,437,402,35
42,"22-2028",24,23,18,5
42,"22-2028A",24,189,155,34
42,"22-2035A",24,108,78,30
42,"22-2062A",24,89,70,19
42,"22-2063",24,18,10,8
42,"22-2063A",24,165,121,44
42,"22-2400",24,38,26,12
42,"22-2400A",24,268,218,50
42,"22-2404",24,603,368,235
42,"22-2404A",24,5078,3884,1194
42,"22-2416",24,105,69,36
42,"22-2416A",24,1477,1114,363
42,"22-3400",24,41,27,14
42,"22-3400A",24,269,204,65
42,"22-5400",24,150,94,56
42,"22-5400A",24,1612,1189,423
42,"22-5402",24,134,82,52
42,"22-5402A",24,1718,1300,418
42,"22-5406",24,65,39,26
42,"22-5406A",24,661,526,135
42,"22-5408",24,84,58,26
42,"22-5408A",24,656,524,132
42,"22-5410",24,66,49,17
42,"22-5410A",24,869,686,183
42,"22-5412",24,68,48,20
42,"22-5412A",24,463,355,108
42,"22-6400",24,209,144,65
42,"22-6400A",24,1528,1279,249
42,"23-1402",24,30,18,12
42,"23-1402A",24,448,323,125
42,"23-1406",24,222,137,85
42,"23-1406A",24,2376,1635,741
42,"23-1414",24,41,21,20
42,"23-1414A",24,540,342,198
42,"23-2067A",24,19,8,11
42,"23-2069A",24,46,30,16
42,"23-2070A",24,39,26,13
42,"23-2071",24,10,8,2
42,"23-2071A",24,144,109,35
42,"23-2402",24,15,13,2
42,"23-2402A",24,257,161,96
42,"23-2406",24,40,27,13
42,"23-2406A",24,182,124,58
42,"30-0375A",24,290,147,143
42,"30-0560",24,211,76,135
42,"30-0560A",24,1448,716,732
42,"30-0588",24,61,20,41
42,"30-0588A",24,523,244,279
42,"30-0618",24,114,39,75
42,"30-0618A",24,568,298,270
42,"30-0730",24,12,6,6
42,"30-0730A",24,335,211,124
42,"30-3011A",24,146,84,62
42,"30-3012A",24,174,102,72
42,"30-3013",24,22,13,9
42,"30-3013A",24,768,386,382
42,"30-3014",24,41,14,27
42,"30-3014A",24,890,402,488
42,"30-3059",24,18,11,7
42,"30-3059A",24,293,174,119
42,"30-3060",24,13,5,8
42,"30-3060A",24,352,200,152
42,"30-3074",24,12,6,6
42,"30-3074A",24,357,162,195
42,"30-3076A",24,77,46,31
42,"30-3077A",24,140,85,55
42,"30-3079A",24,191,79,112
42,"30-3080A",24,91,33,58
42,"30-3081",24,10,3,7
42,"30-3081A",24,193,65,128
42,"30-3082A",24,119,33,86
42,"30-3084A",24,12,6,6
42,"30-3085A",24,28,21,7
42,"33-1400",24,118,69,49
42,"33-1400A",24,901,642,259
42,"33-1408",24,29,13,16
42,"33-1408A",24,395,250,145
42,"33-2400",24,48,32,16
42,"33-2400A",24,434,323,111
42,"33-2406",24,126,96,30
42,"33-2406A",24,809,654,155
42,"33-2412",24,116,86,30
42,"33-2412A",24,572,453,119
42,"33-3089A",24,135,97,38
42,"33-3090A",24,103,74,29
42,"33-3400",24,34,19,15
42,"33-3400A",24,254,182,72
42,"33-3407",24,379,228,151
42,"33-3407A",24,3179,2211,968
42,"33-4400",24,268,189,79
42,"33-4400A",24,2060,1600,460
42,"33-4404",24,24,11,13
42,"33-4404A",24,302,216,86
42,"33-4406",24,104,58,46
42,"33-4406A",24,1134,884,250
42,"34-1406",24,48,21,27
42,"34-1406A",24,315,154,161
42,"34-2404",24,59,26,33
42,"34-2404A",24,479,272,207
42,"34-3092",24,20,8,12
42,"34-3092A",24,469,237,232
42,"34-3093A",24,82,49,33
42,"34-3094A",24,348,174,174
42,"34-3096",24,73,39,34
42,"34-3096A",24,740,434,306
42,"34-3404",24,82,31,51
42,"34-3404A",24,491,273,218
42,"35-1400",24,150,61,89
42,"35-1400A",24,1447,814,633
42,"35-2400",24,90,33,57
42,"35-2400A",24,679,364,315
42,"35-3097A",24,77,46,31
42,"35-3099",24,23,9,14
42,"35-3099A",24,281,164,117
42,"36-1400",24,160,72,88
42,"36-1400A",24,1247,640,607
42,"36-1406",24,405,185,220
42,"36-1406A",24,2160,1143,1017
42,"36-2400",24,197,79,118
42,"36-2400A",24,1395,827,568
42,"36-2412",24,102,54,48
42,"36-2412A",24,469,285,184
42,"36-3102A",24,60,31,29
42,"36-3103A",24,167,73,94
42,"36-3105",24,29,15,14
42,"36-3105A",24,171,119,52
42,"36-3106A",24,18,12,6
42,"36-3400",24,61,20,41
42,"36-3400A",24,535,253,282
42,"36-3402",24,407,207,200
42,"36-3402A",24,1976,1102,874
42,"36-3410",24,41,12,29
42,"36-3410A",24,308,161,147
42,"36-4400",24,303,135,168
42,"36-4400A",24,1608,868,740
42,"36-4402",24,197,90,107
42,"36-4402A",24,922,533,389
42,"36-4410",24,41,15,26
42,"36-4410A",24,209,100,109
42,"40-0428",24,214,64,150
42,"40-0428A",24,1440,611,829
42,"40-0438",24,680,167,513
42,"40-0438A",24,4326,1812,2514
42,"40-0444",24,413,125,288
42,"40-0444A",24,2347,994,1353
42,"40-0450",24,24,6,18
42,"40-0450A",24,314,118,196
42,"40-0552",24,521,120,401
42,"40-0552A",24,3275,1294,1981
42,"40-0560",24,470,137,333
42,"40-0560A",24,3278,1368,1910
42,"40-0580",24,198,78,120
42,"40-0580A",24,554,324,230
42,"40-0620",24,202,52,150
42,"40-0620A",24,1513,703,810
42,"40-0632",24,572,189,383
42,"40-0632A",24,3459,1718,1741
42,"40-4081A",24,14,1,13
42,"40-4084A",24,14,4,10
42,"40-4112",24,15,4,11
42,"40-4112A",24,591,167,424
42,"40-4113A",24,38,12,26
42,"40-4114A",24,164,48,116
42,"40-4117A",24,8,3,5
42,"40-4119A",24,78,20,58
42,"40-4120A",24,43,29,14
42,"40-4122",24,45,15,30
42,"40-4122A",24,149,78,71
42,"40-4126A",24,19,10,9
42,"47-2400",24,93,34,59
42,"47-2400A",24,508,252,256
42,"47-2402",24,347,169,178
42,"47-2402A",24,1629,896,733
42,"47-3410",24,134,43,91
42,"47-3410A",24,855,355,500
42,"47-3414",24,54,25,29
42,"47-3414A",24,407,194,213
42,"47-3422",24,114,71,43
42,"47-3422A",24,516,329,187
42,"47-3430",24,71,41,30
42,"47-3430A",24,196,121,75
42,"47-4129",24,10,7,3
42,"47-4129A",24,104,61,43
42,"47-4130",24,19,7,12
42,"47-4130A",24,189,89,100
42,"47-4132A",24,55,36,19
42,"47-4134",24,11,8,3
42,"47-4134A",24,75,49,26
42,"47-4402",24,123,51,72
42,"47-4402A",24,906,399,507
42,"47-4406",24,313,108,205
42,"47-4406A",24,1740,840,900
42,"47-4412",24,201,101,100
42,"47-4412A",24,993,546,447
42,"47-4420",24,77,32,45
42,"47-4420A",24,550,250,300
42,"47-4422",24,210,83,127
42,"47-4422A",24,1333,599,734
42,"50-5112A",24,12,5,7
42,"50-5140A",24,48,21,27
42,"50-0400",24,122,70,52
42,"50-0400A",24,348,204,144
42,"57-1400",24,471,243,228
42,"57-1400A",24,2658,1623,1035
42,"57-1412",24,218,128,90
42,"57-1412A",24,969,641,328
42,"57-1416",24,34,21,13
42,"57-1416A",24,152,99,53
42,"57-1422",24,32,21,11
42,"57-1422A",24,111,82,29
42,"57-1428",24,27,16,11
42,"57-1428A",24,97,61,36
42,"57-2400",24,243,114,129
42,"57-2400A",24,1071,641,430
42,"57-2404",24,54,31,23
42,"57-2404A",24,249,108,141
42,"57-2406",24,164,80,84
42,"57-2406A",24,665,384,281
42,"57-2410",24,106,75,31
42,"57-2410A",24,460,330,130
42,"57-2414",24,60,38,22
42,"57-2414A",24,168,124,44
42,"57-3408",24,33,20,13
42,"57-3408A",24,128,87,41
42,"57-3412",24,88,58,30
42,"57-3412A",24,342,233,109
42,"57-3414",24,94,39,55
42,"57-3414A",24,675,401,274
42,"57-3418",24,248,117,131
42,"57-3418A",24,1311,743,568
42,"57-4400",24,132,59,73
42,"57-4400A",24,661,365,296
42,"57-4406",24,114,43,71
42,"57-4406A",24,510,252,258
42,"57-4408",24,110,61,49
42,"57-4408A",24,607,397,210
42,"57-4412",24,98,48,50
42,"57-4412A",24,383,231,152
42,"57-5127A",24,124,73,51
42,"57-5135A",24,28,20,8
42,"57-5136",24,13,6,7
42,"57-5136A",24,121,77,44
42,"57-5137",24,13,7,6
42,"57-5137A",24,55,36,19
42,"57-5143A",24,19,8,11
42,"58-5148",24,26,16,10
42,"58-5148A",24,528,349,179
42,"58-8414",24,311,163,148
42,"58-8414A",24,1243,763,480
42,"CNTYTOT",0,179926,114298,65628
42,"AD37_TOT",0,179926,114298,65628
42,"CD24_TOT",0,179926,114298,65628
42,"SD21_TOT",0,179926,114298,65628
42,"BE02_TOT",0,179926,114298,65628
42,"SOV_CD24",0,179926,114298,65628
43,"0002812",17,20,14,6
43,"0002812A",17,205,141,64
43,"0003001",17,114,50,64
43,"0003001A",17,1147,795,352
43,"0003002",17,232,132,100
43,"0003002A",17,1215,907,308
43,"0003005",17,11,7,4
43,"0003005A",17,71,61,10
43,"0003006",17,118,66,52
43,"0003006A",17,811,586,225
43,"0003007",17,197,110,87
43,"0003007A",17,1054,801,253
43,"0003010",17,263,151,112
43,"0003010A",17,1636,1226,410
43,"0003011",17,186,110,76
43,"0003011A",17,1166,903,263
43,"0003012",17,87,50,37
43,"0003012A",17,277,213,64
43,"0003013",17,147,87,60
43,"0003013A",17,770,598,172
43,"0003015",17,118,57,61
43,"0003015A",17,635,497,138
43,"0003016",17,81,55,26
43,"0003016A",17,675,532,143
43,"0003017",17,91,49,42
43,"0003017A",17,382,288,94
43,"0003018",17,45,31,14
43,"0003018A",17,217,156,61
43,"0003019",17,154,105,49
43,"0003019A",17,629,485,144
43,"0003020",17,245,163,82
43,"0003020A",17,1518,1191,327
43,"0003021",17,118,65,53
43,"0003021A",17,573,475,98
43,"0003023",17,229,128,101
43,"0003023A",17,1493,1082,411
43,"0003026",17,178,89,89
43,"0003026A",17,1321,963,358
43,"0003031",17,47,28,19
43,"0003031A",17,599,415,184
43,"0003032",17,171,93,78
43,"0003032A",17,1860,1369,491
43,"0003034",17,227,107,120
43,"0003034A",17,1857,1348,509
43,"0003035",17,340,213,127
43,"0003035A",17,1892,1437,455
43,"0003039",17,113,62,51
43,"0003039A",17,1286,972,314
43,"0003043",17,176,92,84
43,"0003043A",17,2189,1530,659
43,"0003044",17,313,211,102
43,"0003044A",17,1740,1319,421
43,"0003047",17,79,37,42
43,"0003047A",17,932,710,222
43,"0003048",17,179,99,80
43,"0003048A",17,1085,801,284
43,"0003050",17,234,157,77
43,"0003050A",17,1397,1067,330
43,"0003051",17,133,69,64
43,"0003051A",17,1503,1059,444
43,"0003053",17,210,114,96
43,"0003053A",17,2148,1533,615
43,"0003059",17,300,165,135
43,"0003059A",17,1810,1336,474
43,"0003061A",17,15,10,5
43,"0003079",17,45,26,19
43,"0003079A",17,449,302,147
43,"0003086",17,77,30,47
43,"0003086A",17,1322,925,397
43,"0003087",17,176,109,67
43,"0003087A",17,707,489,218
43,"0003101",17,15,11,4
43,"0003101A",17,96,76,20
43,"0003102",17,63,30,33
43,"0003102A",17,401,278,123
43,"0003103",17,183,106,77
43,"0003103A",17,1024,760,264
43,"0003105",17,34,22,12
43,"0003105A",17,113,94,19
43,"0003116",17,70,44,26
43,"0003116A",17,607,450,157
43,"0003117",17,123,69,54
43,"0003117A",17,576,426,150
43,"0003120",17,55,33,22
43,"0003120A",17,383,291,92
43,"0003122",17,237,130,107
43,"0003122A",17,2195,1615,580
43,"0003152",17,96,52,44
43,"0003152A",17,1188,846,342
43,"0003156",17,34,20,14
43,"0003156A",17,109,85,24
43,"0003179",17,39,27,12
43,"0003179A",17,98,80,18
43,"0003601",17,51,28,23
43,"0003601A",17,1189,917,272
43,"0003602",17,174,94,80
43,"0003602A",17,1617,1116,501
43,"0003603",17,82,45,37
43,"0003603A",17,1095,698,397
43,"0003604",17,124,66,58
43,"0003604A",17,907,663,244
43,"0003605",17,168,92,76
43,"0003605A",17,1130,751,379
43,"0003606",17,222,128,94
43,"0003606A",17,2125,1439,686
43,"0003609",17,143,69,74
43,"0003609A",17,1103,739,364
43,"0003612",17,146,74,72
43,"0003612A",17,1222,829,393
43,"0003614",17,278,137,141
43,"0003614A",17,1815,1171,644
43,"0003616",17,208,129,79
43,"0003616A",17,1638,1156,482
43,"0003620",17,143,73,70
43,"0003620A",17,1344,882,462
43,"0003621",17,156,92,64
43,"0003621A",17,921,689,232
43,"0003624",17,25,17,8
43,"0003624A",17,347,246,101
43,"0003627",17,66,42,24
43,"0003627A",17,652,462,190
43,"0003629",17,137,63,74
43,"0003629A",17,1672,1138,534
43,"0003635",17,10,6,4
43,"0003635A",17,57,50,7
43,"0003639",17,223,110,113
43,"0003639A",17,1813,1214,599
43,"0003643",17,88,39,49
43,"0003643A",17,823,542,281
43,"0003660",17,42,21,21
43,"0003660A",17,365,263,102
43,"0003663",17,13,9,4
43,"0003663A",17,98,75,23
43,"0003670A",17,42,35,7
43,"0003692A",17,34,24,10
43,"0004401",17,250,109,141
43,"0004401A",17,1505,959,546
43,"0004402",17,222,107,115
43,"0004402A",17,1361,894,467
43,"0004403",17,82,46,36
43,"0004403A",17,293,212,81
43,"0004405",17,233,119,114
43,"0004405A",17,1530,983,547
43,"0004406",17,258,120,138
43,"0004406A",17,1412,921,491
43,"0004407",17,274,145,129
43,"0004407A",17,1355,876,479
43,"0004409",17,242,112,130
43,"0004409A",17,1656,1083,573
43,"0004411",17,145,65,80
43,"0004411A",17,1289,843,446
43,"0004413",17,201,100,101
43,"0004413A",17,1382,930,452
43,"0004414",17,236,108,128
43,"0004414A",17,1854,1223,631
43,"0004417",17,180,96,84
43,"0004417A",17,1263,824,439
43,"0004419",17,108,49,59
43,"0004419A",17,830,514,316
43,"0004420",17,241,134,107
43,"0004420A",17,1715,1141,574
43,"0004426",17,235,131,104
43,"0004426A",17,1310,859,451
43,"0004430",17,50,27,23
43,"0004430A",17,246,172,74
43,"0004440",17,311,168,143
43,"0004440A",17,1342,950,392
43,"0004447",17,205,113,92
43,"0004447A",17,1156,756,400
43,"0004801",18,145,70,75
43,"0004801A",18,610,434,176
43,"0004804",18,264,112,152
43,"0004804A",18,1956,1253,703
43,"0004807",18,180,97,83
43,"0004807A",18,1835,1120,715
43,"0004825",18,140,49,91
43,"0004825A",18,1130,727,403
43,"0004828",18,116,60,56
43,"0004828A",18,585,368,217
43,"0004830",18,147,61,86
43,"0004830A",18,1143,789,354
43,"0004832",18,80,41,39
43,"0004832A",18,641,388,253
43,"0004837",18,17,7,10
43,"0004837A",18,158,112,46
43,"0004838",18,120,56,64
43,"0004838A",18,756,533,223
43,"0004840",18,209,92,117
43,"0004840A",18,1514,959,555
43,"0004851",18,98,40,58
43,"0004851A",18,767,470,297
43,"0004853",18,120,39,81
43,"0004853A",18,1056,638,418
43,"0004856",18,168,67,101
43,"0004856A",18,982,665,317
43,"0004858",18,181,73,108
43,"0004858A",18,1282,835,447
43,"0004876",18,206,76,130
43,"0004876A",18,1593,924,669
43,"0004881",18,209,66,143
43,"0004881A",18,1760,1127,633
43,"0004884",18,145,51,94
43,"0004884A",18,1398,901,497
43,"0004918",18,322,165,157
43,"0004918A",18,945,709,236
43,"0004919",18,249,89,160
43,"0004919A",18,1761,1107,654
43,"0004920",18,49,23,26
43,"0004920A",18,189,136,53
43,"0004921",18,120,31,89
43,"0004921A",18,1224,816,408
43,"0004922",18,82,27,55
43,"0004922A",18,642,410,232
43,"0004923",18,236,110,126
43,"0004923A",18,1151,830,321
43,"0004925",18,270,87,183
43,"0004925A",18,1898,1177,721
43,"0004926",18,143,54,89
43,"0004926A",18,1022,610,412
43,"0004928",18,271,95,176
43,"0004928A",18,1849,1206,643
43,"0004930",18,183,96,87
43,"0004930A",18,1411,966,445
43,"0004933",18,268,127,141
43,"0004933A",18,1364,870,494
43,"0004937",18,169,89,80
43,"0004937A",18,673,429,244
43,"0004939",18,304,151,153
43,"0004939A",18,1789,1173,616
43,"0004940",18,118,55,63
43,"0004940A",18,788,478,310
43,"0004941",18,350,170,180
43,"0004941A",18,1412,964,448
43,"0004945",18,272,133,139
43,"0004945A",18,1294,868,426
43,"0005398",18,9,3,6
43,"0005398A",18,56,31,25
43,"0005401A",19,27,10,17
43,"0005402A",17,60,24,36
43,"0005405",18,23,13,10
43,"0005405A",18,219,134,85
43,"0005410A",19,16,7,9
43,"0005411",18,39,10,29
43,"0005411A",18,238,90,148
43,"0005412",18,38,7,31
43,"0005412A",18,369,209,160
43,"0005449",18,13,6,7
43,"0005449A",18,129,71,58
43,"0005459A",18,18,14,4
43,"0005465",19,20,7,13
43,"0005465A",19,168,82,86
43,"0005502",18,23,15,8
43,"0005502A",18,348,210,138
43,"0005503",18,61,37,24
43,"0005503A",18,175,127,48
43,"0005556",18,163,105,58
43,"0005556A",18,1014,785,229
43,"0005557",18,61,33,28
43,"0005557A",18,548,410,138
43,"0005755",19,21,7,14
43,"0005755A",19,209,150,59
43,"0005784A",19,10,3,7
43,"0005795A",19,158,107,51
43,"0005854",19,18,10,8
43,"0005854A",19,218,139,79
43,"0005894",19,14,2,12
43,"0005894A",19,218,121,97
43,"0005899",19,46,13,33
43,"0005899A",19,447,279,168
43,"0005906",18,67,27,40
43,"0005906A",18,375,208,167
43,"0005907A",19,32,21,11
43,"0005912",19,29,11,18
43,"0005912A",19,96,51,45
43,"0005914",19,69,16,53
43,"0005914A",19,600,318,282
43,"0005915",18,66,17,49
43,"0005915A",18,410,228,182
43,"0005916A",19,40,23,17
43,"0005917",19,30,11,19
43,"0005917A",19,143,52,91
43,"0005919",19,35,8,27
43,"0005919A",19,249,132,117
43,"0005926",19,62,17,45
43,"0005926A",19,324,184,140
43,"0005928",19,63,17,46
43,"0005928A",19,652,361,291
43,"0005929A",18,41,20,21
43,"0005930A",18,25,11,14
43,"0005936",18,40,12,28
43,"0005936A",18,348,194,154
43,"0005944A",18,34,14,20
43,"0005949",18,23,15,8
43,"0005949A",18,135,88,47
43,"0005950",18,23,7,16
43,"0005950A",18,179,112,67
43,"0005951",18,35,17,18
43,"0005951A",18,182,106,76
43,"0005953",18,43,17,26
43,"0005953A",18,248,146,102
43,"0005958",18,60,16,44
43,"0005958A",18,467,237,230
43,"0005959A",18,45,11,34
43,"0005960",18,13,2,11
43,"0005960A",18,67,34,33
43,"0005961",18,227,88,139
43,"0005961A",18,1215,698,517
43,"0005962",18,100,21,79
43,"0005962A",18,621,330,291
43,"0005965",18,133,41,92
43,"0005965A",18,838,476,362
43,"0005980",19,28,7,21
43,"0005980A",19,199,120,79
43,"0005981",19,56,18,38
43,"0005981A",19,491,280,211
43,"0005989A",19,15,8,7
43,"0005994A",18,50,25,25
43,"0006007",18,13,4,9
43,"0006007A",18,124,59,65
43,"0006063A",17,73,43,30
43,"0006067",18,85,38,47
43,"0006067A",18,700,476,224
43,"0006068",18,17,7,10
43,"0006068A",18,111,91,20
43,"0006069",18,110,32,78
43,"0006069A",18,965,591,374
43,"0006070A",18,44,31,13
43,"0006402A",17,77,34,43
43,"0006410A",18,47,26,21
43,"0006411A",18,24,12,12
43,"0006414A",18,16,7,9
43,"0006452",18,299,155,144
43,"0006452A",18,1262,910,352
43,"0006454",18,122,69,53
43,"0006454A",18,731,523,208
43,"0006463",18,78,38,40
43,"0006463A",18,823,574,249
43,"0006465",18,92,47,45
43,"0006465A",18,530,351,179
43,"0006492A",18,50,11,39
43,"0006502",17,45,24,21
43,"0006502A",17,209,157,52
43,"0006510",18,17,7,10
43,"0006510A",18,204,139,65
43,"0007001",17,200,118,82
43,"0007001A",17,875,616,259
43,"0007002",17,160,95,65
43,"0007002A",17,639,453,186
43,"0007006",17,184,107,77
43,"0007006A",17,979,737,242
43,"0007010",17,126,65,61
43,"0007010A",17,691,483,208
43,"0007012",17,142,60,82
43,"0007012A",17,1042,715,327
43,"0007014",17,101,47,54
43,"0007014A",17,756,524,232
43,"0007019",17,201,111,90
43,"0007019A",17,1087,793,294
43,"0007022",17,228,124,104
43,"0007022A",17,1195,811,384
43,"0007028",17,12,9,3
43,"0007028A",17,66,34,32
43,"0007029",17,177,78,99
43,"0007029A",17,1217,752,465
43,"0007032",17,119,34,85
43,"0007032A",17,1164,681,483
43,"0007034",17,153,55,98
43,"0007034A",17,1375,827,548
43,"0007037",17,132,59,73
43,"0007037A",17,1314,834,480
43,"0007039",17,212,105,107
43,"0007039A",17,1577,1110,467
43,"0007043",17,121,66,55
43,"0007043A",17,404,281,123
43,"0007044",17,219,111,108
43,"0007044A",17,1575,1087,488
43,"0007069",17,89,49,40
43,"0007069A",17,661,461,200
43,"0007073",17,24,14,10
43,"0007073A",17,234,177,57
43,"0007201",19,28,18,10
43,"0007201A",19,269,159,110
43,"0007202",19,133,49,84
43,"0007202A",19,849,529,320
43,"0007205",19,196,115,81
43,"0007205A",19,1063,723,340
43,"0007208A",19,56,33,23
43,"0007213",19,230,119,111
43,"0007213A",19,1210,838,372
43,"0007214",19,165,79,86
43,"0007214A",19,1327,912,415
43,"0007219",19,105,51,54
43,"0007219A",19,996,689,307
43,"0007221",19,119,56,63
43,"0007221A",19,1204,882,322
43,"0007224",19,141,55,86
43,"0007224A",19,1058,756,302
43,"0007226",19,141,68,73
43,"0007226A",19,898,579,319
43,"0007227",19,233,132,101
43,"0007227A",19,1279,931,348
43,"0007234",19,193,86,107
43,"0007234A",19,1138,735,403
43,"0007235",19,232,131,101
43,"0007235A",19,1291,960,331
43,"0007242",19,197,106,91
43,"0007242A",19,1097,757,340
43,"0007246",19,128,62,66
43,"0007246A",19,931,674,257
43,"0007248",19,210,120,90
43,"0007248A",19,1713,1250,463
43,"0007252",19,370,220,150
43,"0007252A",19,1387,1084,303
43,"0007259",19,187,73,114
43,"0007259A",19,1467,995,472
43,"0007261",19,159,79,80
43,"0007261A",19,989,688,301
43,"0007264",19,165,89,76
43,"0007264A",19,690,534,156
43,"0007268",19,149,68,81
43,"0007268A",19,1129,804,325
43,"0007269",19,43,23,20
43,"0007269A",19,242,163,79
43,"0007270",19,174,87,87
43,"0007270A",19,1592,1088,504
43,"0007272",19,248,127,121
43,"0007272A",19,1978,1421,557
43,"0007276",19,150,80,70
43,"0007276A",19,1430,1026,404
43,"0007283",19,108,49,59
43,"0007283A",19,647,434,213
43,"0007285",19,104,46,58
43,"0007285A",19,817,578,239
43,"0007290",19,26,12,14
43,"0007290A",19,199,134,65
43,"0007291",19,91,53,38
43,"0007291A",19,389,277,112
43,"0007294",19,76,35,41
43,"0007294A",19,513,351,162
43,"0007295",19,179,98,81
43,"0007295A",19,1294,938,356
43,"0007298",19,102,49,53
43,"0007298A",19,848,576,272
43,"0007299",19,78,38,40
43,"0007299A",19,695,467,228
43,"0007304A",19,22,10,12
43,"0007311",19,182,84,98
43,"0007311A",19,1413,885,528
43,"0007334",19,15,7,8
43,"0007334A",19,138,103,35
43,"0007335",19,40,18,22
43,"0007335A",19,215,136,79
43,"0007341",19,185,94,91
43,"0007341A",19,1341,950,391
43,"0007350",18,297,209,88
43,"0007350A",18,1202,1014,188
43,"0007351",18,253,159,94
43,"0007351A",18,1051,776,275
43,"0007401",17,87,47,40
43,"0007401A",17,319,237,82
43,"0007404",17,27,14,13
43,"0007404A",17,129,88,41
43,"0007406",17,251,144,107
43,"0007406A",17,1504,1048,456
43,"0007407",17,65,29,36
43,"0007407A",17,585,333,252
43,"0007408",17,112,65,47
43,"0007408A",17,799,634,165
43,"0007411",17,9,5,4
43,"0007411A",17,13,4,9
43,"0007414",17,71,53,18
43,"0007414A",17,451,336,115
43,"0007415A",17,46,37,9
43,"0007416",18,15,8,7
43,"0007416A",18,78,68,10
43,"0007417",18,191,139,52
43,"0007417A",18,1294,1060,234
43,"0007418",18,89,59,30
43,"0007418A",18,413,308,105
43,"0007419",18,367,262,105
43,"0007419A",18,1909,1580,329
43,"0007424",18,137,92,45
43,"0007424A",18,717,569,148
43,"0007425",17,99,55,44
43,"0007425A",17,613,422,191
43,"0007426",18,71,40,31
43,"0007426A",18,355,263,92
43,"0007433",18,468,345,123
43,"0007433A",18,1198,960,238
43,"0007434",18,283,187,96
43,"0007434A",18,1413,1156,257
43,"0007436",18,176,110,66
43,"0007436A",18,1299,1036,263
43,"0007438",17,42,21,21
43,"0007438A",17,209,146,63
43,"0007440A",17,37,17,20
43,"0007442",17,21,12,9
43,"0007442A",17,98,74,24
43,"0007444",17,175,79,96
43,"0007444A",17,1221,714,507
43,"0007445",18,115,78,37
43,"0007445A",18,504,408,96
43,"0007448",18,123,84,39
43,"0007448A",18,518,408,110
43,"0007459",18,258,188,70
43,"0007459A",18,889,729,160
43,"0007462",18,211,166,45
43,"0007462A",18,1237,1082,155
43,"0007465",18,713,588,125
43,"0007465A",18,698,567,131
43,"0007471",18,172,105,67
43,"0007471A",18,760,598,162
43,"0007475",18,181,138,43
43,"0007475A",18,757,620,137
43,"0007479",18,212,122,90
43,"0007479A",18,775,559,216
43,"0007482",18,47,25,22
43,"0007482A",18,250,210,40
43,"0007483",18,233,143,90
43,"0007483A",18,733,582,151
43,"0007484",18,173,110,63
43,"0007484A",18,692,531,161
43,"0007487",18,284,186,98
43,"0007487A",18,1169,889,280
43,"0007520",18,41,28,13
43,"0007520A",18,229,182,47
43,"0007530",17,105,60,45
43,"0007530A",17,695,429,266
43,"0007601",17,38,20,18
43,"0007601A",17,292,223,69
43,"0007602",17,205,120,85
43,"0007602A",17,1078,787,291
43,"0007603",17,275,176,99
43,"0007603A",17,1164,893,271
43,"0007607",17,266,168,98
43,"0007607A",17,1087,847,240
43,"0007609",17,154,105,49
43,"0007609A",17,395,310,85
43,"0007614",17,45,22,23
43,"0007614A",17,163,115,48
43,"0007615A",17,20,7,13
43,"0007617",17,152,75,77
43,"0007617A",17,822,530,292
43,"0007620",17,181,94,87
43,"0007620A",17,1389,926,463
43,"0007622",17,206,98,108
43,"0007622A",17,1511,949,562
43,"0007626",17,142,63,79
43,"0007626A",17,968,624,344
43,"0007631",17,255,105,150
43,"0007631A",17,1956,1188,768
43,"0007633",17,127,52,75
43,"0007633A",17,732,485,247
43,"0007638",17,236,115,121
43,"0007638A",17,1697,1056,641
43,"0007643",17,214,102,112
43,"0007643A",17,1663,1055,608
43,"0007644",17,237,107,130
43,"0007644A",17,1788,1069,719
43,"0007649",17,184,92,92
43,"0007649A",17,1083,730,353
43,"0007652",17,182,93,89
43,"0007652A",17,1378,845,533
43,"0007657",17,198,102,96
43,"0007657A",17,1580,1010,570
43,"0007662",17,220,134,86
43,"0007662A",17,1486,978,508
43,"0007667",17,224,99,125
43,"0007667A",17,1642,1025,617
43,"0007671",17,107,45,62
43,"0007671A",17,945,635,310
43,"0007676",17,152,73,79
43,"0007676A",17,1356,854,502
43,"0007682",17,146,60,86
43,"0007682A",17,1233,813,420
43,"0007685",17,195,112,83
43,"0007685A",17,1276,902,374
43,"0007726",17,90,56,34
43,"0007726A",17,231,181,50
43,"0007733",18,248,157,91
43,"0007733A",18,1213,888,325
43,"0007736",18,139,81,58
43,"0007736A",18,583,405,178
43,"0007801",17,160,86,74
43,"0007801A",17,1240,827,413
43,"0007807",17,125,63,62
43,"0007807A",17,902,569,333
43,"0007811",17,153,84,69
43,"0007811A",17,990,675,315
43,"0007816",18,24,17,7
43,"0007816A",18,104,75,29
43,"0007817",18,77,54,23
43,"0007817A",18,331,238,93
43,"0007821",18,188,115,73
43,"0007821A",18,1299,908,391
43,"0007824",18,172,86,86
43,"0007824A",18,995,651,344
43,"0007825",18,199,115,84
43,"0007825A",18,1021,715,306
43,"0007827",18,147,82,65
43,"0007827A",18,725,537,188
43,"0007833",18,218,124,94
43,"0007833A",18,1115,774,341
43,"0007838",18,75,34,41
43,"0007838A",18,513,338,175
43,"0007840",18,256,162,94
43,"0007840A",18,1202,852,350
43,"0007844",18,291,173,118
43,"0007844A",18,1292,899,393
43,"0007850",18,251,154,97
43,"0007850A",18,1326,915,411
43,"0007851",18,79,41,38
43,"0007851A",18,576,347,229
43,"0007854",18,296,178,118
43,"0007854A",18,1284,949,335
43,"0007856",18,239,139,100
43,"0007856A",18,1104,803,301
43,"0007857",18,255,140,115
43,"0007857A",18,1402,971,431
43,"0007861",18,165,84,81
43,"0007861A",18,848,579,269
43,"0007874",18,127,74,53
43,"0007874A",18,630,437,193
43,"0007878",18,33,14,19
43,"0007878A",18,311,207,104
43,"0007880A",17,55,47,8
43,"0007921A",17,56,40,16
43,"0007925A",17,20,5,15
43,"0007926",17,21,10,11
43,"0007926A",17,86,52,34
43,"0008001",17,192,106,86
43,"0008001A",17,1610,1218,392
43,"0008005",17,95,55,40
43,"0008005A",17,1194,882,312
43,"0008006",17,129,73,56
43,"0008006A",17,1302,1019,283
43,"0008007",18,272,182,90
43,"0008007A",18,1245,996,249
43,"0008008",17,79,34,45
43,"0008008A",17,447,328,119
43,"0008012",17,48,29,19
43,"0008012A",17,593,456,137
43,"0008013",17,18,11,7
43,"0008013A",17,131,92,39
43,"0008020",17,104,68,36
43,"0008020A",17,1247,1012,235
43,"0008022A",18,46,39,7
43,"0008023",18,188,130,58
43,"0008023A",18,1245,1050,195
43,"0008033",18,12,7,5
43,"0008033A",18,81,51,30
43,"0008036A",18,9,7,2
43,"0008037",18,23,12,11
43,"0008037A",18,113,92,21
43,"0008040",18,128,79,49
43,"0008040A",18,632,498,134
43,"0008044",18,295,193,102
43,"0008044A",18,1337,1105,232
43,"0008046A",18,57,35,22
43,"0008056",18,35,21,14
43,"0008056A",18,226,175,51
43,"0008172",17,19,14,5
43,"0008172A",17,155,111,44
43,"0008176A",18,24,20,4
43,"0008177A",18,64,44,20
43,"0008208",18,126,79,47
43,"0008208A",18,695,516,179
43,"0008210",18,134,76,58
43,"0008210A",18,706,522,184
43,"0008212",18,178,108,70
43,"0008212A",18,653,521,132
43,"0008214",18,12,5,7
43,"0008214A",18,41,14,27
43,"0008222",18,91,37,54
43,"0008222A",18,428,276,152
43,"0008309",18,58,32,26
43,"0008309A",18,167,123,44
43,"0008401",18,138,69,69
43,"0008401A",18,784,528,256
43,"0008404",18,34,22,12
43,"0008404A",18,208,153,55
43,"0008405",18,39,21,18
43,"0008405A",18,231,173,58
43,"0008406",19,39,25,14
43,"0008406A",19,290,193,97
43,"0008408",19,75,33,42
43,"0008408A",19,513,351,162
43,"0008412",18,34,17,17
43,"0008412A",18,253,181,72
43,"0008417",19,95,49,46
43,"0008417A",19,708,456,252
43,"0008424",19,102,44,58
43,"0008424A",19,637,454,183
43,"0008430",19,157,67,90
43,"0008430A",19,1123,736,387
43,"0008433",19,236,95,141
43,"0008433A",19,1722,1152,570
43,"0008435",19,166,81,85
43,"0008435A",19,1430,1001,429
43,"0008438",19,193,81,112
43,"0008438A",19,1415,915,500
43,"0008441",19,160,73,87
43,"0008441A",19,1305,904,401
43,"0008442",19,188,107,81
43,"0008442A",19,1430,1005,425
43,"0008444",19,273,154,119
43,"0008444A",19,2054,1420,634
43,"0008447",19,193,96,97
43,"0008447A",19,1232,831,401
43,"0008449",19,216,112,104
43,"0008449A",19,1256,862,394
43,"0008455",19,206,102,104
43,"0008455A",19,1638,1095,543
43,"0008463",19,222,102,120
43,"0008463A",19,1520,985,535
43,"0008467",19,213,112,101
43,"0008467A",19,1457,1005,452
43,"0008472",19,134,71,63
43,"0008472A",19,1120,756,364
43,"0008475",19,137,73,64
43,"0008475A",19,1201,874,327
43,"0008479",19,175,93,82
43,"0008479A",19,1759,1317,442
43,"0008486",19,180,69,111
43,"0008486A",19,1287,905,382
43,"0008487",19,172,85,87
43,"0008487A",19,1334,968,366
43,"0008491",19,146,42,104
43,"0008491A",19,2370,1791,579
43,"0008497",19,200,101,99
43,"0008497A",19,1839,1288,551
43,"0008498",19,180,90,90
43,"0008498A",19,1254,747,507
43,"0008648",19,193,79,114
43,"0008648A",19,2022,1424,598
43,"0008675",19,205,103,102
43,"0008675A",19,1752,1248,504
43,"0008692",19,87,56,31
43,"0008692A",19,401,313,88
43,"0008725",19,182,115,67
43,"0008725A",19,908,669,239
43,"0008805",19,135,61,74
43,"0008805A",19,1114,792,322
43,"0008809",19,83,44,39
43,"0008809A",19,827,602,225
43,"0008811",19,162,65,97
43,"0008811A",19,967,727,240
43,"0008820",19,156,64,92
43,"0008820A",19,1356,910,446
43,"0008828",19,282,134,148
43,"0008828A",19,1663,1227,436
43,"0008829",19,205,100,105
43,"0008829A",19,1572,1131,441
43,"0008839",19,146,63,83
43,"0008839A",19,1122,805,317
43,"0008844",19,168,69,99
43,"0008844A",19,1578,1106,472
43,"0008853",19,264,123,141
43,"0008853A",19,1803,1264,539
43,"0008857",19,77,30,47
43,"0008857A",19,1107,797,310
43,"0008858",19,233,92,141
43,"0008858A",19,2139,1521,618
43,"0008861",19,247,89,158
43,"0008861A",19,2111,1478,633
43,"0008863",19,135,51,84
43,"0008863A",19,954,665,289
43,"0008868",19,137,47,90
43,"0008868A",19,1422,939,483
43,"0008874A",19,24,13,11
43,"0008886",19,26,10,16
43,"0008886A",19,245,171,74
43,"0008889",19,187,77,110
43,"0008889A",19,2092,1313,779
43,"0008892",19,93,33,60
43,"0008892A",19,1070,765,305
43,"0008893",19,57,27,30
43,"0008893A",19,839,522,317
43,"0008895",19,139,63,76
43,"0008895A",19,1500,1082,418
43,"0008899",19,159,73,86
43,"0008899A",19,1718,1221,497
43,"0008907",19,97,48,49
43,"0008907A",19,1266,893,373
43,"0008910",19,89,46,43
43,"0008910A",19,974,658,316
43,"0008915A",19,15,9,6
43,"0008922A",19,99,63,36
43,"0008952A",19,61,44,17
43,"0009001",17,159,85,74
43,"0009001A",17,626,481,145
43,"0009003",17,186,117,69
43,"0009003A",17,1172,871,301
43,"0009005",17,286,168,118
43,"0009005A",17,1622,1199,423
43,"0009009",17,368,231,137
43,"0009009A",17,1726,1278,448
43,"0009051",17,156,87,69
43,"0009051A",17,774,559,215
43,"0009052",17,213,99,114
43,"0009052A",17,1112,667,445
43,"0009055",17,65,39,26
43,"0009055A",17,263,196,67
43,"0009062",17,172,103,69
43,"0009062A",17,915,639,276
43,"0009063",17,70,28,42
43,"0009063A",17,498,381,117
43,"0009064",17,121,71,50
43,"0009064A",17,948,698,250
43,"0009069",17,237,134,103
43,"0009069A",17,1323,974,349
43,"0009101",17,203,120,83
43,"0009101A",17,1434,1041,393
43,"0009103",17,83,40,43
43,"0009103A",17,552,387,165
43,"0009104",17,185,82,103
43,"0009104A",17,1591,1144,447
43,"0009109",17,207,139,68
43,"0009109A",17,1228,911,317
43,"0009113",17,102,43,59
43,"0009113A",17,849,596,253
43,"0009150",17,306,172,134
43,"0009150A",17,1687,1237,450
43,"0009152",17,267,163,104
43,"0009152A",17,1694,1208,486
43,"0009153",17,33,17,16
43,"0009153A",17,326,249,77
43,"0009154",17,106,50,56
43,"0009154A",17,677,474,203
43,"0009163",17,82,39,43
43,"0009163A",17,929,717,212
43,"0009166",17,93,31,62
43,"0009166A",17,941,693,248
43,"0009203",17,177,90,87
43,"0009203A",17,1219,942,277
43,"0009208",17,463,318,145
43,"0009208A",17,1307,993,314
43,"0009210",17,146,77,69
43,"0009210A",17,1013,728,285
43,"0009219",17,17,10,7
43,"0009219A",17,93,63,30
43,"0009220",17,323,198,125
43,"0009220A",17,1633,1277,356
43,"0009250",17,163,90,73
43,"0009250A",17,1365,1031,334
43,"0009251",17,86,49,37
43,"0009251A",17,937,689,248
43,"0009258",17,201,117,84
43,"0009258A",17,1132,809,323
43,"0009262",17,20,10,10
43,"0009262A",17,168,121,47
43,"0009264",17,86,44,42
43,"0009264A",17,648,477,171
43,"0009267",17,217,100,117
43,"0009267A",17,1689,1185,504
43,"0009272",17,37,13,24
43,"0009272A",17,388,269,119
43,"0009275",17,126,73,53
43,"0009275A",17,725,530,195
43,"0009279",17,78,39,39
43,"0009279A",17,586,424,162
43,"CNTYTOT",0,597241,449612,147629
43,"AD23_TOT",0,84162,80915,3247
43,"AD28_TOT",0,128738,100070,28668
43,"AD26_TOT",0,148694,106978,41716
43,"AD24_TOT",0,64863,40755,24108
43,"AD29_TOT",0,27445,16748,10697
43,"AD25_TOT",0,143339,104146,39193
43,"CD19_TOT",0,120596,80447,40149
43,"CD17_TOT",0,215201,146341,68860
43,"CD18_TOT",0,118401,79781,38620
43,"SD13_TOT",0,107360,99208,8152
43,"SD15_TOT",0,326604,239333,87271
43,"SD10_TOT",0,163277,111071,52206
43,"BE02_TOT",0,597241,449612,147629
43,"SOV_CD17",0,215201,146341,68860
43,"SOV_CD18",0,118401,79781,38620
43,"SOV_CD19",0,120596,80447,40149
44,"10020",19,215,151,64
44,"10020A",19,1302,1095,207
44,"10060",19,180,138,42
44,"10060A",19,1301,1100,201
44,"10080",19,246,178,68
44,"10080A",19,1429,1209,220
44,"10090",19,206,156,50
44,"10090A",19,1384,1174,210
44,"10110",19,195,147,48
44,"10110A",19,1217,1023,194
44,"10130",19,158,112,46
44,"10130A",19,1276,1046,230
44,"10140A",19,84,65,19
44,"10142",19,30,13,17
44,"10142A",19,384,292,92
44,"10144",19,108,70,38
44,"10144A",19,970,776,194
44,"10151A",19,33,29,4
44,"10161",19,63,45,18
44,"10161A",19,494,382,112
44,"10190",19,169,116,53
44,"10190A",19,1276,1074,202
44,"10201",19,215,126,89
44,"10201A",19,1526,1155,371
44,"10220",19,240,162,78
44,"10220A",19,1774,1473,301
44,"10229",19,19,13,6
44,"10229A",19,179,137,42
44,"10234A",19,47,33,14
44,"10260",19,77,57,20
44,"10260A",19,790,659,131
44,"10270",19,169,124,45
44,"10270A",19,1251,1061,190
44,"10280A",19,15,10,5
44,"10281",19,103,64,39
44,"10281A",19,707,539,168
44,"10284A",19,69,59,10
44,"10292",19,132,79,53
44,"10292A",19,1023,839,184
44,"10351",19,56,42,14
44,"10351A",19,792,646,146
44,"10450",19,173,101,72
44,"10450A",19,1234,999,235
44,"10521A",19,98,75,23
44,"10531",19,13,3,10
44,"10531A",19,156,121,35
44,"10539",19,12,7,5
44,"10539A",19,158,101,57
44,"10550A",19,10,6,4
44,"10610",19,150,96,54
44,"10610A",19,1138,908,230
44,"11100",19,126,93,33
44,"11100A",19,1267,1072,195
44,"11120",19,67,48,19
44,"11120A",19,746,628,118
44,"12010",19,38,27,11
44,"12010A",19,288,234,54
44,"12023",19,120,80,40
44,"12023A",19,914,745,169
44,"12030",19,92,67,25
44,"12030A",19,720,601,119
44,"20011",18,137,74,63
44,"20011A",18,826,602,224
44,"20013",19,59,41,18
44,"20013A",19,299,209,90
44,"20030",19,97,54,43
44,"20030A",19,640,455,185
44,"20040",19,74,33,41
44,"20040A",19,576,393,183
44,"20041",19,49,32,17
44,"20041A",19,500,378,122
44,"20061",19,72,40,32
44,"20061A",19,604,440,164
44,"20143",19,65,32,33
44,"20143A",19,546,403,143
44,"20150",19,94,52,42
44,"20150A",19,659,534,125
44,"20180",18,166,85,81
44,"20180A",18,1053,713,340
44,"20221",19,143,92,51
44,"20221A",19,1010,808,202
44,"20222A",19,52,47,5
44,"20232",19,156,107,49
44,"20232A",19,1496,1220,276
44,"20242",19,162,96,66
44,"20242A",19,1327,1058,269
44,"20252",19,164,94,70
44,"20252A",19,1226,962,264
44,"20260",19,266,172,94
44,"20260A",19,1532,1279,253
44,"20300",19,225,141,84
44,"20300A",19,1710,1361,349
44,"20330",19,193,109,84
44,"20330A",19,1635,1303,332
44,"20341",19,278,191,87
44,"20341A",19,1355,1060,295
44,"20354",19,201,115,86
44,"20354A",19,1792,1418,374
44,"20391A",19,82,64,18
44,"20411",19,72,53,19
44,"20411A",19,432,317,115
44,"20470A",19,22,14,8
44,"20541",19,70,32,38
44,"20541A",19,618,508,110
44,"20563",19,29,15,14
44,"20563A",19,202,146,56
44,"22022",19,193,121,72
44,"22022A",19,1724,1407,317
44,"22040",19,177,108,69
44,"22040A",19,1294,1040,254
44,"23310",18,235,131,104
44,"23310A",18,1086,796,290
44,"23312",18,149,84,65
44,"23312A",18,772,602,170
44,"30001",19,101,76,25
44,"30001A",19,649,540,109
44,"30010",19,89,68,21
44,"30010A",19,488,406,82
44,"30030",19,166,124,42
44,"30030A",19,849,695,154
44,"31100",19,202,159,43
44,"31100A",19,1348,1183,165
44,"31130",19,17,12,5
44,"31130A",19,106,96,10
44,"31200",19,173,124,49
44,"31200A",19,1477,1271,206
44,"31201",19,153,113,40
44,"31201A",19,1001,884,117
44,"31202",19,252,211,41
44,"31202A",19,1260,1134,126
44,"31250",19,103,71,32
44,"31250A",19,937,859,78
44,"31300",19,168,127,41
44,"31300A",19,1508,1343,165
44,"31301",19,122,100,22
44,"31301A",19,930,841,89
44,"31302",19,256,222,34
44,"31302A",19,1186,1084,102
44,"31330",19,212,179,33
44,"31330A",19,1064,960,104
44,"31400",19,162,145,17
44,"31400A",19,1458,1309,149
44,"31402",19,320,251,69
44,"31402A",19,1100,990,110
44,"31420",19,254,202,52
44,"31420A",19,1354,1247,107
44,"31500",19,951,878,73
44,"31500A",19,789,700,89
44,"31600",19,511,448,63
44,"31600A",19,1356,1219,137
44,"31611",19,232,182,50
44,"31611A",19,1427,1253,174
44,"31620",19,123,94,29
44,"31620A",19,1451,1292,159
44,"40072",18,257,121,136
44,"40072A",18,1052,682,370
44,"40080",18,195,114,81
44,"40080A",18,1120,866,254
44,"40170A",18,28,20,8
44,"40230A",18,38,19,19
44,"40261",18,20,3,17
44,"40261A",18,56,26,30
44,"40263",19,69,30,39
44,"40263A",19,433,295,138
44,"40270A",19,11,5,6
44,"43100",18,105,69,36
44,"43100A",18,336,239,97
44,"43110",18,181,111,70
44,"43110A",18,756,552,204
44,"43210",18,214,138,76
44,"43210A",18,896,685,211
44,"43251",18,30,22,8
44,"43251A",18,141,105,36
44,"43410",18,203,122,81
44,"43410A",18,1023,749,274
44,"43432",18,138,81,57
44,"43432A",18,724,512,212
44,"43501",18,140,106,34
44,"43501A",18,635,501,134
44,"43511",18,144,80,64
44,"43511A",18,690,511,179
44,"43610",18,103,61,42
44,"43610A",18,556,406,150
44,"43621",18,62,44,18
44,"43621A",18,314,251,63
44,"43631",18,92,53,39
44,"43631A",18,572,399,173
44,"43640",18,66,33,33
44,"43640A",18,428,318,110
44,"43670",18,13,9,4
44,"43670A",18,30,19,11
44,"43710",18,161,90,71
44,"43710A",18,979,712,267
44,"43711A",18,99,81,18
44,"43731",18,108,55,53
44,"43731A",18,1295,959,336
44,"43732",18,29,18,11
44,"43732A",18,267,190,77
44,"50013",19,33,26,7
44,"50013A",19,359,290,69
44,"50021",19,68,47,21
44,"50021A",19,541,455,86
44,"50031",19,180,114,66
44,"50031A",19,1400,1151,249
44,"50061",19,79,28,51
44,"50061A",19,553,355,198
44,"50082",19,12,3,9
44,"50082A",19,41,13,28
44,"50083A",19,22,16,6
44,"50091",19,101,68,33
44,"50091A",19,767,610,157
44,"50098",19,241,145,96
44,"50098A",19,1502,1194,308
44,"50110",19,18,11,7
44,"50110A",19,71,64,7
44,"50111",19,238,144,94
44,"50111A",19,1332,1115,217
44,"50120",19,115,67,48
44,"50120A",19,754,580,174
44,"50141",19,211,131,80
44,"50141A",19,801,656,145
44,"50144",19,13,10,3
44,"50144A",19,98,69,29
44,"50145A",19,37,27,10
44,"50173",19,234,142,92
44,"50173A",19,1238,982,256
44,"50181A",19,26,16,10
44,"50190",19,192,110,82
44,"50190A",19,698,552,146
44,"50201",19,88,58,30
44,"50201A",19,579,442,137
44,"50202",19,26,15,11
44,"50202A",19,205,169,36
44,"50203",19,137,95,42
44,"50203A",19,580,483,97
44,"50221",19,56,31,25
44,"50221A",19,547,440,107
44,"50222A",19,23,20,3
44,"50232",19,126,71,55
44,"50232A",19,697,537,160
44,"50234",19,17,6,11
44,"50234A",19,87,71,16
44,"50250",19,10,6,4
44,"50250A",19,89,72,17
44,"50263A",19,19,13,6
44,"50340",19,56,29,27
44,"50340A",19,485,353,132
44,"50342",19,101,60,41
44,"50342A",19,1313,983,330
44,"50343",19,72,42,30
44,"50343A",19,431,292,139
44,"50402",19,79,46,33
44,"50402A",19,629,464,165
44,"50431",19,59,36,23
44,"50431A",19,449,359,90
44,"50502A",19,21,15,6
44,"50511",19,63,41,22
44,"50511A",19,478,364,114
44,"50513A",19,25,18,7
44,"50522",19,18,10,8
44,"50522A",19,192,143,49
44,"51100",19,144,110,34
44,"51100A",19,1065,946,119
44,"51110",19,174,142,32
44,"51110A",19,883,786,97
44,"51200",19,47,40,7
44,"51200A",19,190,165,25
44,"51500",19,186,138,48
44,"51500A",19,1106,968,138
44,"54010",19,133,77,56
44,"54010A",19,1185,910,275
44,"54030",19,235,124,111
44,"54030A",19,1691,1307,384
44,"54033",19,255,151,104
44,"54033A",19,1592,1219,373
44,"54060",19,161,86,75
44,"54060A",19,875,651,224
44,"54130",19,125,56,69
44,"54130A",19,975,686,289
44,"CNTYTOT",0,130107,102580,27527
44,"AD30_TOT",0,42395,33793,8602
44,"AD28_TOT",0,65646,53267,12379
44,"AD29_TOT",0,22066,15520,6546
44,"CD19_TOT",0,111365,89346,22019
44,"CD18_TOT",0,18742,13234,5508
44,"SD17_TOT",0,130107,102580,27527
44,"BE02_TOT",0,130107,102580,27527
44,"SOV_CD18",0,18742,13234,5508
44,"SOV_CD19",0,111365,89346,22019
45,"0120390",1,180,36,144
45,"0120390A",1,1402,479,923
45,"0120400",1,195,43,152
45,"0120400A",1,1372,484,888
45,"0120463A",1,36,19,17
45,"0120523",1,199,49,150
45,"0120523A",1,1341,505,836
45,"0120570",1,207,52,155
45,"0120570A",1,1158,460,698
45,"0120660",1,175,57,118
45,"0120660A",1,1513,651,862
45,"0120894",1,237,50,187
45,"0120894A",1,1767,614,1153
45,"0120897",1,237,49,188
45,"0120897A",1,1647,602,1045
45,"0121120",1,124,42,82
45,"0121120A",1,966,394,572
45,"0121750",1,159,33,126
45,"0121750A",1,1553,712,841
45,"0190201",1,200,32,168
45,"0190201A",1,1046,271,775
45,"0220160",1,147,28,119
45,"0220160A",1,947,350,597
45,"0220170",1,225,39,186
45,"0220170A",1,1657,520,1137
45,"0220460",1,409,114,295
45,"0220460A",1,1745,635,1110
45,"0220575",1,201,59,142
45,"0220575A",1,1702,656,1046
45,"0220760",1,86,21,65
45,"0220760A",1,1897,735,1162
45,"0220770",1,143,37,106
45,"0220770A",1,1645,584,1061
45,"0221979",1,63,11,52
45,"0221979A",1,940,271,669
45,"0221982",1,143,29,114
45,"0221982A",1,1237,399,838
45,"0290260",1,184,34,150
45,"0290260A",1,1544,514,1030
45,"0290462A",1,65,8,57
45,"0290530",1,38,7,31
45,"0290530A",1,335,107,228
45,"0291130A",1,58,4,54
45,"0291640",1,342,55,287
45,"0291640A",1,1376,336,1040
45,"0291930",1,117,23,94
45,"0291930A",1,1009,369,640
45,"0320010A",1,22,2,20
45,"0320068",1,282,42,240
45,"0320068A",1,1967,611,1356
45,"0320376",1,225,36,189
45,"0320376A",1,1290,370,920
45,"0320420",1,318,77,241
45,"0320420A",1,1977,637,1340
45,"0320978",1,197,31,166
45,"0320978A",1,1576,440,1136
45,"0390070",1,72,12,60
45,"0390070A",1,386,95,291
45,"0390102",1,84,12,72
45,"0390102A",1,253,47,206
45,"0390321",1,96,10,86
45,"0390321A",1,418,95,323
45,"0390470",1,186,28,158
45,"0390470A",1,885,219,666
45,"0390560",1,347,43,304
45,"0390560A",1,2079,469,1610
45,"0390590",1,177,17,160
45,"0390590A",1,855,178,677
45,"0390600",1,107,36,71
45,"0390600A",1,534,201,333
45,"0390610",1,34,5,29
45,"0390610A",1,252,100,152
45,"0390611",1,170,16,154
45,"0390611A",1,890,224,666
45,"0391210",1,438,57,381
45,"0391210A",1,1666,450,1216
45,"0392113",1,111,22,89
45,"0392113A",1,532,102,430
45,"0420370",1,246,60,186
45,"0420370A",1,1435,483,952
45,"0420375",1,183,33,150
45,"0420375A",1,1576,505,1071
45,"0420861",1,326,56,270
45,"0420861A",1,1668,554,1114
45,"0420912",1,385,53,332
45,"0420912A",1,2296,639,1657
45,"0431003",1,229,49,180
45,"0431003A",1,1211,406,805
45,"0431004",1,204,41,163
45,"0431004A",1,978,317,661
45,"0431005",1,367,60,307
45,"0431005A",1,1678,569,1109
45,"0490091",1,186,33,153
45,"0490091A",1,756,233,523
45,"0490101",1,239,42,197
45,"0490101A",1,1101,254,847
45,"0490320",1,125,17,108
45,"0490320A",1,723,154,569
45,"0490360",1,202,46,156
45,"0490360A",1,531,191,340
45,"0490557",1,57,9,48
45,"0490557A",1,387,117,270
45,"0490650",1,110,11,99
45,"0490650A",1,1230,274,956
45,"0510015",1,326,61,265
45,"0510015A",1,1493,420,1073
45,"0510030",1,178,36,142
45,"0510030A",1,1098,307,791
45,"0511055",1,181,40,141
45,"0511055A",1,996,306,690
45,"0590080",1,189,18,171
45,"0590080A",1,1214,268,946
45,"0590330",1,309,45,264
45,"0590330A",1,1738,360,1378
45,"0590331",1,175,17,158
45,"0590331A",1,981,189,792
45,"0590531",1,39,4,35
45,"0590531A",1,318,84,234
45,"0590940",1,202,36,166
45,"0590940A",1,1754,529,1225
45,"0590942",1,118,24,94
45,"0590942A",1,885,244,641
45,"0591310",1,276,32,244
45,"0591310A",1,1653,424,1229
45,"0591620",1,190,25,165
45,"0591620A",1,1127,240,887
45,"0592970",1,130,30,100
45,"0592970A",1,963,281,682
45,"CNTYTOT",0,87365,25489,61876
45,"AD01_TOT",0,87365,25489,61876
45,"CD01_TOT",0,87365,25489,61876
45,"SD01_TOT",0,87365,25489,61876
45,"BE01_TOT",0,87365,25489,61876
45,"SOV_CD01",0,87365,25489,61876
46,"101",3,183,61,122
46,"102",3,41,22,19
46,"103",3,32,14,18
46,"104",3,89,51,38
46,"105",3,186,83,103
46,"106",3,70,44,26
46,"107",3,33,11,22
46,"119",3,4,3,1
46,"108",3,190,74,116
46,"109",3,30,8,22
46,"110",3,152,67,85
46,"111",3,50,13,37
46,"112",3,118,30,88
46,"113",3,57,13,44
46,"114",3,76,20,56
46,"115",3,85,31,54
46,"116",3,47,8,39
46,"117",3,121,28,93
46,"118",3,175,43,132
46,"CNTYTOT",0,1739,624,1115
46,"AD01_TOT",0,1739,624,1115
46,"CD03_TOT",0,1739,624,1115
46,"SD01_TOT",0,1739,624,1115
46,"BE01_TOT",0,1739,624,1115
46,"SOV_CD03",0,1739,624,1115
47,"M1001A",1,188,49,139
47,"M1004A",1,169,29,140
47,"M1009A",1,176,39,137
47,"M1010A",1,169,34,135
47,"M1015A",1,174,72,102
47,"M1020A",1,97,12,85
47,"M1021A",1,125,35,90
47,"M1023A",1,192,35,157
47,"M1024A",1,182,22,160
47,"M1117A",1,139,48,91
47,"M2001A",1,57,30,27
47,"M2002A",1,63,49,14
47,"M3000A",1,21,11,10
47,"M3002A",1,151,34,117
47,"M3013A",1,221,73,148
47,"M4028A",1,45,12,33
47,"M5002A",1,172,76,96
47,"M5009A",1,113,28,85
47,"M5012A",1,216,54,162
47,"M5013A",1,136,58,78
47,"M5018A",1,188,83,105
47,"M5040A",1,66,12,54
47,"M5050A",1,156,33,123
47,"M5080A",1,135,35,100
47,"P1000",1,80,23,57
47,"P1000A",1,480,167,313
47,"P1002",1,32,2,30
47,"P1002A",1,190,37,153
47,"P1003",1,68,14,54
47,"P1003A",1,351,107,244
47,"P1026",1,47,20,27
47,"P1026A",1,260,101,159
47,"P1105",1,55,6,49
47,"P1105A",1,190,54,136
47,"P1110",1,110,19,91
47,"P1110A",1,495,124,371
47,"P2009",1,55,8,47
47,"P2009A",1,182,90,92
47,"P2014",1,94,42,52
47,"P2014A",1,597,335,262
47,"P2015",1,59,23,36
47,"P2015A",1,420,237,183
47,"P2019",1,86,28,58
47,"P2019A",1,584,272,312
47,"P2100",1,139,59,80
47,"P2100A",1,562,350,212
47,"P2110",1,84,42,42
47,"P2110A",1,494,303,191
47,"P2111",1,103,45,58
47,"P2111A",1,576,336,240
47,"P2115",1,88,32,56
47,"P2115A",1,474,312,162
47,"P3001",1,28,7,21
47,"P3001A",1,152,66,86
47,"P3004",1,52,2,50
47,"P3004A",1,319,68,251
47,"P3006",1,55,17,38
47,"P3006A",1,445,213,232
47,"P3007",1,95,28,67
47,"P3007A",1,746,346,400
47,"P3009",1,50,31,19
47,"P3009A",1,175,77,98
47,"P3014",1,75,22,53
47,"P3014A",1,557,278,279
47,"P3021",1,50,10,40
47,"P3021A",1,324,171,153
47,"P3111",1,104,33,71
47,"P3111A",1,294,140,154
47,"P3112",1,89,25,64
47,"P3112A",1,359,178,181
47,"P4030",1,67,6,61
47,"P4030A",1,574,117,457
47,"P4110",1,95,29,66
47,"P4110A",1,464,192,272
47,"P4112",1,65,15,50
47,"P4112A",1,479,162,317
47,"P4115",1,90,21,69
47,"P4115A",1,481,161,320
47,"P4116",1,69,24,45
47,"P4116A",1,319,127,192
47,"P4118",1,101,33,68
47,"P4118A",1,525,190,335
47,"P4121",1,72,5,67
47,"P4121A",1,440,132,308
47,"P5000",1,133,13,120
47,"P5000A",1,612,167,445
47,"P5005",1,141,20,121
47,"P5005A",1,595,149,446
47,"P5008",1,68,10,58
47,"P5008A",1,420,115,305
47,"P5011",1,96,23,73
47,"P5011A",1,270,104,166
47,"P5103",1,88,11,77
47,"P5103A",1,252,95,157
47,"P5107",1,83,11,72
47,"P5107A",1,213,70,143
47,"CNTYTOT",0,21094,7865,13229
47,"AD01_TOT",0,21094,7865,13229
47,"CD01_TOT",0,21094,7865,13229
47,"SD01_TOT",0,21094,7865,13229
47,"BE01_TOT",0,21094,7865,13229
47,"SOV_CD01",0,21094,7865,13229
48,"17005",8,1069,799,270
48,"17005A",8,147,83,64
48,"17040",8,1405,1032,373
48,"17040A",8,141,87,54
48,"17050",8,1525,1178,347
48,"17050A",8,290,210,80
48,"17070",8,1701,1387,314
48,"17070A",8,236,171,65
48,"17100",8,1574,1233,341
48,"17100A",8,320,221,99
48,"17110",8,997,772,225
48,"17110A",8,182,123,59
48,"17115",8,940,722,218
48,"17115A",8,141,84,57
48,"17140",8,1649,1300,349
48,"17140A",8,321,241,80
48,"17180",8,385,314,71
48,"17180A",8,87,62,25
48,"17185",8,1382,1122,260
48,"17185A",8,294,190,104
48,"17220",8,2176,1661,515
48,"17220A",8,371,236,135
48,"17270",8,972,719,253
48,"17270A",8,116,59,57
48,"17273",8,336,276,60
48,"17273A",8,42,28,14
48,"17280",8,1146,801,345
48,"17280A",8,126,86,40
48,"17288",8,2078,1532,546
48,"17288A",8,293,192,101
48,"17300",8,1857,1403,454
48,"17300A",8,320,205,115
48,"17310",8,950,796,154
48,"17310A",8,208,156,52
48,"17340",8,981,718,263
48,"17340A",8,211,128,83
48,"17350",8,835,629,206
48,"17350A",8,124,71,53
48,"17380",8,1418,1020,398
48,"17380A",8,256,149,107
48,"17390",8,723,532,191
48,"17390A",8,159,117,42
48,"17395",8,380,269,111
48,"17395A",8,71,46,25
48,"17405",8,214,154,60
48,"17405A",8,36,20,16
48,"19400",8,26,18,8
48,"21020",8,2565,1781,784
48,"21020A",8,440,253,187
48,"21045",8,2356,1732,624
48,"21045A",8,395,220,175
48,"21060",8,781,543,238
48,"21060A",8,100,67,33
48,"21090",8,2224,1606,618
48,"21090A",8,414,216,198
48,"21095",8,1360,999,361
48,"21095A",8,223,112,111
48,"21117",8,473,334,139
48,"21117A",8,53,32,21
48,"21130",8,2859,1892,967
48,"21130A",8,442,210,232
48,"21135",8,1218,810,408
48,"21135A",8,155,77,78
48,"23005",8,1612,1044,568
48,"23005A",8,257,132,125
48,"23017",8,1667,1066,601
48,"23017A",8,306,141,165
48,"23020",8,1231,835,396
48,"23020A",8,203,105,98
48,"23047",8,1461,1035,426
48,"23047A",8,263,156,107
48,"23050",8,600,424,176
48,"23050A",8,96,71,25
48,"23090",8,1230,867,363
48,"23090A",8,173,89,84
48,"27020",8,631,501,130
48,"27020A",8,76,55,21
48,"27050",8,1341,1013,328
48,"27050A",8,339,237,102
48,"27070",8,383,302,81
48,"27070A",8,75,44,31
48,"27073",8,149,119,30
48,"27073A",8,39,26,13
48,"27075",8,346,264,82
48,"27075A",8,72,48,24
48,"27080",8,1037,815,222
48,"27080A",8,172,114,58
48,"27100",8,555,420,135
48,"27100A",8,83,59,24
48,"27110",8,1432,1102,330
48,"27110A",8,252,166,86
48,"27115",8,1495,1125,370
48,"27115A",8,211,132,79
48,"27130",8,1296,904,392
48,"27130A",8,203,118,85
48,"27165",8,666,486,180
48,"27165A",8,134,74,60
48,"27175",8,779,597,182
48,"27175A",8,214,120,94
48,"27185",8,653,416,237
48,"27185A",8,114,65,49
48,"27190",8,664,497,167
48,"27190A",8,99,57,42
48,"29100",8,17,7,10
48,"29160",8,13,4,9
48,"29187",8,264,205,59
48,"29187A",8,55,32,23
48,"29410",8,578,278,300
48,"29410A",8,55,14,41
48,"29412",8,541,288,253
48,"29412A",8,57,22,35
48,"29510",8,91,46,45
48,"29515",8,16,10,6
48,"29560",8,10,6,4
48,"29565",8,19,10,9
48,"29820",8,307,223,84
48,"29820A",8,35,23,12
48,"29830",8,58,47,11
48,"29840",8,168,116,52
48,"29840A",8,45,33,12
48,"33005",8,1471,943,528
48,"33005A",8,273,142,131
48,"33015",8,655,440,215
48,"33015A",8,120,58,62
48,"33030",8,1192,762,430
48,"33030A",8,236,114,122
48,"33042",8,512,364,148
48,"33042A",8,67,46,21
48,"33043",8,622,382,240
48,"33043A",8,103,56,47
48,"33045",8,1317,817,500
48,"33045A",8,211,109,102
48,"33057",8,408,283,125
48,"33057A",8,67,37,30
48,"33060",8,1163,759,404
48,"33060A",8,221,127,94
48,"33062",8,193,121,72
48,"33062A",8,29,14,15
48,"33070",8,1096,777,319
48,"33070A",8,240,149,91
48,"33075",8,1645,1213,432
48,"33075A",8,354,227,127
48,"33080",8,262,144,118
48,"33080A",8,57,33,24
48,"33119",8,162,102,60
48,"33119A",8,17,12,5
48,"33133",8,326,200,126
48,"33133A",8,54,34,20
48,"33135",8,1678,1131,547
48,"33135A",8,192,127,65
48,"33167",8,27,23,4
48,"33190",8,758,518,240
48,"33190A",8,111,56,55
48,"33195",8,1127,799,328
48,"33195A",8,191,128,63
48,"33210",8,677,500,177
48,"33210A",8,149,107,42
48,"33220",8,571,415,156
48,"33220A",8,91,59,32
48,"33225",8,204,143,61
48,"33225A",8,21,14,7
48,"33235",8,520,367,153
48,"33235A",8,56,41,15
48,"33245",8,586,412,174
48,"33245A",8,116,68,48
48,"33250",8,648,432,216
48,"33250A",8,104,57,47
48,"33290",8,501,349,152
48,"33290A",8,71,42,29
48,"35005",8,871,580,291
48,"35005A",8,200,111,89
48,"35020",8,618,467,151
48,"35020A",8,97,60,37
48,"35035",8,1920,1365,555
48,"35035A",8,313,212,101
48,"35042",8,409,299,110
48,"35042A",8,62,49,13
48,"35055",8,1191,787,404
48,"35055A",8,176,107,69
48,"35057",8,2776,1972,804
48,"35057A",8,326,188,138
48,"35080",8,280,190,90
48,"35080A",8,25,14,11
48,"39250",8,233,102,131
48,"39250A",8,43,14,29
48,"39400",8,118,56,62
48,"39405",8,528,222,306
48,"39405A",8,20,9,11
48,"39415",8,37,17,20
48,"39451",8,14,9,5
48,"39470",4,35,10,25
48,"42005",4,480,254,226
48,"42005A",4,111,30,81
48,"42010",4,1263,587,676
48,"42010A",4,281,98,183
48,"42045",4,650,314,336
48,"42045A",4,151,59,92
48,"42065",4,1082,573,509
48,"42065A",4,247,65,182
48,"42070",4,1058,592,466
48,"42070A",4,266,102,164
48,"42110",4,286,160,126
48,"42110A",4,63,23,40
48,"42170",4,17,6,11
48,"42300",4,212,107,105
48,"42300A",4,34,13,21
48,"42325",4,1721,866,855
48,"42325A",4,342,90,252
48,"42342",4,210,118,92
48,"42342A",4,43,15,28
48,"42350",4,226,127,99
48,"42350A",4,52,18,34
48,"42355",4,511,230,281
48,"42355A",4,103,35,68
48,"46010",4,832,430,402
48,"46010A",4,248,80,168
48,"46020",4,30,17,13
48,"46020A",4,10,3,7
48,"46025",4,1365,680,685
48,"46025A",4,293,80,213
48,"46035",4,635,317,318
48,"46035A",4,149,44,105
48,"46037",4,657,355,302
48,"46037A",4,201,69,132
48,"46042",4,9,7,2
48,"46055",4,1132,587,545
48,"46055A",4,205,73,132
48,"46060",4,105,47,58
48,"46060A",4,15,6,9
48,"46080",4,1057,567,490
48,"46080A",4,165,51,114
48,"46118",4,107,57,50
48,"46118A",4,18,9,9
48,"46120",4,708,416,292
48,"46120A",4,156,89,67
48,"46126",4,70,27,43
48,"46130",4,1693,841,852
48,"46130A",4,338,88,250
48,"46150",4,1620,816,804
48,"46150A",4,357,109,248
48,"46165",4,1091,472,619
48,"46165A",4,221,57,164
48,"46172",4,318,198,120
48,"46172A",4,61,18,43
48,"46180",4,1116,639,477
48,"46180A",4,193,61,132
48,"46193",4,1174,657,517
48,"46193A",4,251,74,177
48,"46212",4,598,345,253
48,"46212A",4,176,93,83
48,"46270",4,2308,1315,993
48,"46270A",4,544,223,321
48,"46278",4,53,33,20
48,"46278A",4,11,3,8
48,"46284",4,30,23,7
48,"46320",4,1999,1031,968
48,"46320A",4,360,119,241
48,"46380",4,1180,718,462
48,"46380A",4,265,112,153
48,"46399",4,131,85,46
48,"46399A",4,21,9,12
48,"46400",4,1374,823,551
48,"46400A",4,263,101,162
48,"49120",4,459,208,251
48,"49120A",4,125,25,100
48,"49200",4,23,16,7
48,"49210",4,384,131,253
48,"49210A",4,65,23,42
48,"49220",4,41,21,20
48,"49240",4,23,9,14
48,"49260",4,68,38,30
48,"49280",4,175,55,120
48,"49280A",4,22,3,19
48,"49311",4,177,66,111
48,"49311A",4,25,2,23
48,"49695",4,119,42,77
48,"49695A",4,31,1,30
48,"49700",4,190,87,103
48,"49700A",4,25,10,15
48,"49706",4,54,11,43
48,"49706A",4,14,4,10
48,"49711",4,14,4,10
48,"49712",4,134,54,80
48,"49712A",4,37,7,30
48,"49730",4,144,56,88
48,"49730A",4,36,5,31
48,"49733",4,136,48,88
48,"49733A",4,26,4,22
48,"49735",4,75,22,53
48,"49740",4,1096,455,641
48,"49740A",4,228,48,180
48,"49749",4,151,49,102
48,"49749A",4,29,7,22
48,"49760",4,100,21,79
48,"49760A",4,17,6,11
48,"49790",4,41,13,28
48,"49900",4,389,199,190
48,"49900A",4,43,13,30
48,"49905",4,41,13,28
48,"53005",8,2034,1339,695
48,"53005A",8,261,133,128
48,"53007",8,1429,1001,428
48,"53007A",8,333,197,136
48,"53035",8,1854,1255,599
48,"53035A",8,195,110,85
48,"53057",8,1481,1003,478
48,"53057A",8,213,105,108
48,"53080",8,1518,1040,478
48,"53080A",8,230,135,95
48,"53100",8,1302,881,421
48,"53100A",8,258,141,117
48,"53115",8,916,633,283
48,"53115A",8,146,97,49
48,"53140",8,1378,867,511
48,"53140A",8,207,98,109
48,"53146",8,197,115,82
48,"53146A",8,35,22,13
48,"54005",4,1505,744,761
48,"54005A",4,402,108,294
48,"54020",4,1829,1260,569
48,"54020A",4,165,83,82
48,"54025",4,2394,1637,757
48,"54025A",4,200,110,90
48,"55025",8,1506,1030,476
48,"55025A",8,167,97,70
48,"56012",4,128,76,52
48,"56012A",4,16,6,10
48,"56015",4,1286,732,554
48,"56015A",4,112,45,67
48,"56020",4,2054,1065,989
48,"56020A",4,313,104,209
48,"56065",8,35,26,9
48,"56107",4,1041,581,460
48,"56107A",4,205,89,116
48,"56125",4,1994,1078,916
48,"56125A",4,326,104,222
48,"56130",4,2295,1282,1013
48,"56130A",4,413,168,245
48,"56150",4,333,153,180
48,"56150A",4,85,28,57
48,"56160",8,566,319,247
48,"56160A",8,128,42,86
48,"56190",4,2045,1019,1026
48,"56190A",4,479,149,330
48,"56200",8,993,643,350
48,"56200A",8,133,52,81
48,"56205",4,1941,1032,909
48,"56205A",4,429,147,282
48,"56240",8,131,58,73
48,"56240A",8,44,8,36
48,"59150",8,10,1,9
48,"59300",4,85,27,58
48,"59340",4,137,52,85
48,"59340A",4,11,6,5
48,"59357",4,37,15,22
48,"59410",8,10,5,5
48,"59500",4,60,23,37
48,"59520",8,28,12,16
48,"59545",7,43,28,15
48,"59550",4,69,35,34
48,"59700",8,132,60,72
48,"59700A",8,36,11,25
48,"59730",8,26,4,22
48,"59740",4,176,73,103
48,"59740A",4,23,4,19
48,"CNTYTOT",0,184865,115567,69298
48,"AD11_TOT",0,184865,115567,69298
48,"CD08_TOT",0,122021,84135,37886
48,"CD04_TOT",0,62798,31404,31394
48,"CD07_TOT",0,46,28,18
48,"SD03_TOT",0,184865,115567,69298
48,"BE01_TOT",0,184865,115567,69298
48,"SOV_CD04",0,62798,31404,31394
48,"SOV_CD07",0,46,28,18
48,"SOV_CD08",0,122021,84135,37886
49,"0100003",4,20,17,3
49,"0100003A",4,25,17,8
49,"0100007",4,17,11,6
49,"0100007A",4,11,7,4
49,"0100018",4,22,13,9
49,"0100018A",4,31,23,8
49,"0100021A",4,14,12,2
49,"0100085",4,27,14,13
49,"0100085A",4,55,37,18
49,"0100121",4,15,12,3
49,"0100121A",4,22,19,3
49,"0100173",4,11,8,3
49,"0100177A",4,11,6,5
49,"0100206",2,23,10,13
49,"0100206A",2,29,24,5
49,"0100215",4,20,16,4
49,"0100215A",4,32,23,9
49,"0100217",4,23,18,5
49,"0100217A",4,29,24,5
49,"0100236A",4,25,10,15
49,"0110033",4,506,375,131
49,"0110033A",4,847,672,175
49,"0110043",4,895,663,232
49,"0110043A",4,821,611,210
49,"0110050",4,165,127,38
49,"0110050A",4,595,482,113
49,"0110052",4,351,274,77
49,"0110052A",4,1076,873,203
49,"0110063",4,253,179,74
49,"0110063A",4,360,302,58
49,"0110072",4,111,87,24
49,"0110072A",4,106,81,25
49,"0110078",4,99,78,21
49,"0110078A",4,121,95,26
49,"0200033",2,12,7,5
49,"0200033A",2,26,12,14
49,"0200034",4,33,16,17
49,"0200034A",4,41,24,17
49,"0200042",2,11,6,5
49,"0200054",4,50,24,26
49,"0200054A",4,62,41,21
49,"0200055",2,28,17,11
49,"0200055A",2,39,32,7
49,"0200101",4,23,13,10
49,"0200101A",4,21,14,7
49,"0200135A",2,17,14,3
49,"0200139",2,20,10,10
49,"0200139A",2,11,6,5
49,"0250003",2,27,22,5
49,"0250003A",2,44,34,10
49,"0250005",2,58,45,13
49,"0250005A",2,76,66,10
49,"0250006",2,65,50,15
49,"0250006A",2,110,79,31
49,"0250009",2,493,380,113
49,"0250009A",2,375,317,58
49,"0250011",2,377,300,77
49,"0250011A",2,391,339,52
49,"0250012",2,9,4,5
49,"0250012A",2,31,25,6
49,"0250016",2,642,534,108
49,"0250016A",2,748,620,128
49,"0250018",2,48,33,15
49,"0250018A",2,76,58,18
49,"0250019",2,761,568,193
49,"0250019A",2,746,594,152
49,"0250020",2,600,418,182
49,"0250020A",2,800,588,212
49,"0250022",2,253,200,53
49,"0250022A",2,293,231,62
49,"0250034",2,48,31,17
49,"0250034A",2,48,41,7
49,"0250035",2,267,195,72
49,"0250035A",2,356,273,83
49,"0250038",2,226,144,82
49,"0250038A",2,273,199,74
49,"0250041",2,264,190,74
49,"0250041A",2,344,230,114
49,"0250046",2,492,296,196
49,"0250046A",2,806,586,220
49,"0250047",2,764,516,248
49,"0250047A",2,901,640,261
49,"0250049",2,103,65,38
49,"0250049A",2,138,111,27
49,"0250051",2,729,500,229
49,"0250051A",2,1011,690,321
49,"0250065",2,65,40,25
49,"0250065A",2,106,70,36
49,"0300003",2,27,10,17
49,"0300003A",2,15,8,7
49,"0300004",4,24,17,7
49,"0300004A",4,25,16,9
49,"0300005",4,36,15,21
49,"0300005A",4,46,27,19
49,"0300019",4,227,189,38
49,"0300019A",4,11,7,4
49,"0300020",4,37,25,12
49,"0300020A",4,44,24,20
49,"0300025",4,17,7,10
49,"0300025A",4,11,10,1
49,"0310004",4,765,550,215
49,"0310004A",4,535,417,118
49,"0310009",4,678,509,169
49,"0310009A",4,557,414,143
49,"0310016",4,302,206,96
49,"0310016A",4,211,161,50
49,"0310022",4,234,183,51
49,"0310022A",4,144,115,29
49,"0310023",4,223,154,69
49,"0310023A",4,171,121,50
49,"0310024",4,33,24,9
49,"0310024A",4,37,22,15
49,"0310025A",4,10,6,4
49,"0310052",4,201,169,32
49,"0310052A",4,240,200,40
49,"0360010",4,172,102,70
49,"0360010A",4,177,119,58
49,"0360020",4,374,237,137
49,"0360020A",4,389,262,127
49,"0400005A",4,13,10,3
49,"0400008",4,20,17,3
49,"0400010",4,11,9,2
49,"0400010A",4,23,12,11
49,"0400109",2,25,17,8
49,"0400109A",2,39,29,10
49,"0400111",2,36,17,19
49,"0400111A",2,55,30,25
49,"0400118",2,10,4,6
49,"0400118A",2,8,4,4
49,"0400124",2,13,11,2
49,"0400124A",2,29,24,5
49,"0400169",2,59,45,14
49,"0400169A",2,75,69,6
49,"0410007",4,738,573,165
49,"0410007A",4,1102,858,244
49,"0410008",2,31,27,4
49,"0410008A",2,15,9,6
49,"0410017",4,34,26,8
49,"0410017A",4,66,50,16
49,"0410051",2,319,206,113
49,"0410051A",2,387,251,136
49,"0420001",2,836,552,284
49,"0420001A",2,722,491,231
49,"0420002",2,491,297,194
49,"0420002A",2,425,287,138
49,"0440001",2,683,507,176
49,"0440001A",2,1002,759,243
49,"0440002",2,695,519,176
49,"0440002A",2,979,770,209
49,"0440005",2,599,437,162
49,"0440005A",2,608,466,142
49,"0490049",2,54,36,18
49,"0490049A",2,51,35,16
49,"0500022",2,101,61,40
49,"0500022A",2,129,77,52
49,"0500025",2,49,26,23
49,"0500025A",2,50,29,21
49,"0500027",2,17,12,5
49,"0500027A",2,57,32,25
49,"0500028",2,13,11,2
49,"0500028A",2,15,12,3
49,"0500076",2,75,54,21
49,"0500076A",2,114,77,37
49,"0500079",2,42,34,8
49,"0500079A",2,47,39,8
49,"0500081",2,64,49,15
49,"0500081A",2,100,73,27
49,"0500087",2,191,123,68
49,"0500087A",2,176,128,48
49,"0500127",2,22,19,3
49,"0500127A",2,42,31,11
49,"0500149",2,51,44,7
49,"0500149A",2,97,71,26
49,"0500179",2,272,203,69
49,"0500179A",2,374,265,109
49,"0500202A",2,13,5,8
49,"0500251",2,29,23,6
49,"0500251A",2,34,26,8
49,"0500261",2,35,28,7
49,"0500261A",2,63,47,16
49,"0500273",4,92,65,27
49,"0500273A",4,92,68,24
49,"0500278",2,19,13,6
49,"0500278A",2,37,33,4
49,"0500307A",2,10,5,5
49,"0510005",2,513,313,200
49,"0510005A",2,593,413,180
49,"0510007",2,564,409,155
49,"0510007A",2,399,289,110
49,"0510008",2,393,253,140
49,"0510008A",2,486,330,156
49,"0510009",2,847,556,291
49,"0510009A",2,887,636,251
49,"0510010",2,284,188,96
49,"0510010A",2,382,270,112
49,"0510011",2,296,211,85
49,"0510011A",2,302,224,78
49,"0510012",2,40,19,21
49,"0510012A",2,69,40,29
49,"0510013",2,662,458,204
49,"0510013A",2,607,422,185
49,"0510015",2,383,281,102
49,"0510015A",2,524,402,122
49,"0510026",4,513,360,153
49,"0510026A",4,476,356,120
49,"0510033",4,52,44,8
49,"0510033A",4,144,122,22
49,"0570004",2,426,353,73
49,"0570004A",2,586,520,66
49,"0570009",2,524,441,83
49,"0570009A",2,800,699,101
49,"0570010A",2,13,9,4
49,"0710001",2,65,33,32
49,"0710001A",2,94,65,29
49,"0710002",2,111,73,38
49,"0710002A",2,130,85,45
49,"0710003",2,133,79,54
49,"0710003A",2,273,173,100
49,"0710004",2,192,111,81
49,"0710004A",2,342,220,122
49,"0710005",2,110,48,62
49,"0710005A",2,144,85,59
49,"0710006",2,46,28,18
49,"0710006A",2,102,64,38
49,"0710007A",2,15,9,6
49,"0710008",4,22,17,5
49,"0710008A",4,12,7,5
49,"0710009",4,18,13,5
49,"0710009A",4,28,19,9
49,"0710010",4,11,8,3
49,"0710010A",4,12,9,3
49,"0710011",4,27,20,7
49,"0710011A",4,25,18,7
49,"0710012",4,613,458,155
49,"0710012A",4,687,524,163
49,"0710013",4,38,28,10
49,"0710013A",4,74,57,17
49,"0710014",4,61,51,10
49,"0710014A",4,81,52,29
49,"0710015",4,21,15,6
49,"0710015A",4,11,10,1
49,"0710016",4,131,96,35
49,"0710016A",4,258,195,63
49,"0710017",4,19,16,3
49,"0710017A",4,11,4,7
49,"0710018",4,25,21,4
49,"0710018A",4,31,24,7
49,"0710020",4,165,113,52
49,"0710020A",4,222,151,71
49,"0710021",4,159,123,36
49,"0710021A",4,197,167,30
49,"0710022",4,70,60,10
49,"0710022A",4,131,103,28
49,"0710023",4,92,62,30
49,"0710023A",4,270,208,62
49,"0710024",4,41,31,10
49,"0710024A",4,94,68,26
49,"0710025",4,50,36,14
49,"0710025A",4,95,72,23
49,"0710026",4,155,89,66
49,"0710026A",4,189,118,71
49,"0710027",4,34,19,15
49,"0710027A",4,40,36,4
49,"0710028",4,287,192,95
49,"0710028A",4,411,272,139
49,"0710031",4,33,19,14
49,"0710031A",4,29,18,11
49,"0710032",4,206,125,81
49,"0710032A",4,290,208,82
49,"0710033A",4,20,18,2
49,"0710034",4,256,192,64
49,"0710034A",4,303,264,39
49,"0710035",4,36,23,13
49,"0710035A",4,45,44,1
49,"0710036",4,47,34,13
49,"0710036A",4,107,89,18
49,"0710037",4,89,57,32
49,"0710037A",4,111,88,23
49,"0710038",4,239,192,47
49,"0710038A",4,1040,873,167
49,"0710039A",4,13,5,8
49,"0710040A",4,17,11,6
49,"0710041",4,190,146,44
49,"0710041A",4,152,124,28
49,"0710042",4,209,162,47
49,"0710042A",4,321,224,97
49,"0710043",4,727,559,168
49,"0710043A",4,784,619,165
49,"0710044",4,845,590,255
49,"0710044A",4,902,646,256
49,"0710045",4,290,240,50
49,"0710045A",4,462,383,79
49,"0710046",4,368,282,86
49,"0710046A",4,601,467,134
49,"0710047",4,706,558,148
49,"0710047A",4,851,679,172
49,"0710049",4,41,31,10
49,"0710049A",4,75,51,24
49,"0710050",4,291,217,74
49,"0710050A",4,596,430,166
49,"0710051",4,24,19,5
49,"0710051A",4,78,60,18
49,"0710054A",4,11,9,2
49,"0711001",4,806,586,220
49,"0711001A",4,754,601,153
49,"0711002",4,432,344,88
49,"0711002A",4,598,494,104
49,"0711003",4,929,705,224
49,"0711003A",4,921,755,166
49,"0711004",4,355,257,98
49,"0711004A",4,343,272,71
49,"0711005",4,238,183,55
49,"0711005A",4,281,218,63
49,"0711006",4,711,492,219
49,"0711006A",4,1007,757,250
49,"0711007",4,33,22,11
49,"0711007A",4,30,21,9
49,"0711008",4,288,184,104
49,"0711008A",4,493,359,134
49,"0711009",4,608,448,160
49,"0711009A",4,741,577,164
49,"0711010",4,679,499,180
49,"0711010A",4,709,542,167
49,"0711011",4,795,567,228
49,"0711011A",4,869,662,207
49,"0711012",4,489,332,157
49,"0711012A",4,597,449,148
49,"0711013",4,500,393,107
49,"0711013A",4,1565,1276,289
49,"0711014",4,443,352,91
49,"0711014A",4,797,655,142
49,"0711015",4,571,425,146
49,"0711015A",4,841,648,193
49,"0711016",4,211,157,54
49,"0711016A",4,351,258,93
49,"0711017",4,701,498,203
49,"0711017A",4,925,718,207
49,"0711018",4,675,499,176
49,"0711018A",4,833,645,188
49,"0711019",4,694,518,176
49,"0711019A",4,888,697,191
49,"0718001",4,704,516,188
49,"0718001A",4,1218,990,228
49,"0718002",4,466,350,116
49,"0718002A",4,699,540,159
49,"0718003",4,618,477,141
49,"0718003A",4,1002,811,191
49,"0718004",4,542,397,145
49,"0718004A",4,1072,843,229
49,"0718005",4,21,19,2
49,"0718005A",4,21,16,5
49,"0720001",4,63,42,21
49,"0720001A",4,51,32,19
49,"0720002",4,23,17,6
49,"0720002A",4,56,30,26
49,"0720003",4,71,29,42
49,"0720003A",4,99,46,53
49,"0720005",4,589,385,204
49,"0720005A",4,753,532,221
49,"0720006",4,91,47,44
49,"0720006A",4,130,67,63
49,"0720007",2,95,74,21
49,"0720007A",2,119,99,20
49,"0720008",2,552,350,202
49,"0720008A",2,729,477,252
49,"0720009",2,92,66,26
49,"0720009A",2,100,77,23
49,"0720010",2,58,29,29
49,"0720010A",2,58,29,29
49,"0720011",2,605,351,254
49,"0720011A",2,804,500,304
49,"0720012",2,341,225,116
49,"0720012A",2,471,332,139
49,"0720013",2,10,5,5
49,"0720013A",2,31,21,10
49,"0720014",2,145,104,41
49,"0720014A",2,187,123,64
49,"0720015",2,79,36,43
49,"0720015A",2,100,54,46
49,"0720016A",2,14,7,7
49,"0720017",2,24,12,12
49,"0720017A",2,37,25,12
49,"0720018",2,24,16,8
49,"0720018A",2,39,27,12
49,"0720019",2,85,49,36
49,"0720019A",2,117,80,37
49,"0720020",2,125,94,31
49,"0720020A",2,170,127,43
49,"0720021",4,133,69,64
49,"0720021A",4,172,125,47
49,"0720022",4,136,74,62
49,"0720022A",4,202,127,75
49,"0720023",4,57,35,22
49,"0720023A",4,99,53,46
49,"0720025",2,8,2,6
49,"0720025A",2,8,7,1
49,"0720026",2,106,67,39
49,"0720026A",2,157,87,70
49,"0720027",2,76,46,30
49,"0720027A",2,116,96,20
49,"0720028",2,57,34,23
49,"0720028A",2,78,48,30
49,"0720029",2,534,393,141
49,"0720029A",2,819,625,194
49,"0720030",2,10,4,6
49,"0720030A",2,16,15,1
49,"0720034",4,139,88,51
49,"0720034A",4,231,145,86
49,"0720035",4,33,25,8
49,"0720035A",4,53,34,19
49,"0723001",4,710,535,175
49,"0723001A",4,719,572,147
49,"0723002",4,469,310,159
49,"0723002A",4,476,326,150
49,"0723003",4,722,522,200
49,"0723003A",4,703,524,179
49,"0725001",2,577,420,157
49,"0725001A",2,729,556,173
49,"0725002",2,32,20,12
49,"0725002A",2,107,75,32
49,"0725003",2,510,362,148
49,"0725003A",2,549,418,131
49,"0725004",2,780,592,188
49,"0725004A",2,927,771,156
49,"0725005",2,812,681,131
49,"0725005A",2,927,797,130
49,"0725006",2,794,501,293
49,"0725006A",2,1082,755,327
49,"0725007",2,480,342,138
49,"0725007A",2,610,461,149
49,"0725008",2,141,95,46
49,"0725008A",2,163,114,49
49,"0725009",2,675,430,245
49,"0725009A",2,958,702,256
49,"0725010",2,717,530,187
49,"0725010A",2,742,544,198
49,"0725011",2,112,76,36
49,"0725011A",2,111,88,23
49,"0725012",2,568,450,118
49,"0725012A",2,788,641,147
49,"0725013",2,511,361,150
49,"0725013A",2,706,526,180
49,"0725014",2,1040,709,331
49,"0725014A",2,1188,849,339
49,"0725015",2,161,125,36
49,"0725015A",2,182,161,21
49,"0725016",2,565,398,167
49,"0725016A",2,747,543,204
49,"0726001",4,779,510,269
49,"0726001A",4,669,452,217
49,"0726002",4,755,510,245
49,"0726002A",4,661,476,185
49,"0726003",4,556,368,188
49,"0726003A",4,472,327,145
49,"0726004",4,418,300,118
49,"0726004A",4,304,246,58
49,"0726005",4,222,147,75
49,"0726005A",4,183,137,46
49,"0730001",4,458,340,118
49,"0730001A",4,411,283,128
49,"0730002",4,153,114,39
49,"0730002A",4,98,78,20
49,"0730003",4,471,318,153
49,"0730003A",4,358,233,125
49,"0730004",4,134,101,33
49,"0730004A",4,168,120,48
49,"0730005",4,35,13,22
49,"0730005A",4,59,37,22
49,"0731001",4,450,321,129
49,"0731001A",4,422,317,105
49,"0731002",4,429,330,99
49,"0731002A",4,283,231,52
49,"0731003",4,664,473,191
49,"0731003A",4,520,394,126
49,"0731004",4,458,338,120
49,"0731004A",4,315,242,73
49,"0731005",4,308,235,73
49,"0731005A",4,191,136,55
49,"0731006",4,672,464,208
49,"0731006A",4,549,406,143
49,"0731007",4,612,428,184
49,"0731007A",4,486,336,150
49,"0731008",4,553,465,88
49,"0731008A",4,532,446,86
49,"0731009",4,376,294,82
49,"0731009A",4,360,295,65
49,"0731010",4,444,360,84
49,"0731010A",4,256,218,38
49,"0731011",4,698,545,153
49,"0731011A",4,866,747,119
49,"0731012",4,665,544,121
49,"0731012A",4,696,609,87
49,"0731013",4,536,440,96
49,"0731013A",4,519,441,78
49,"0731014",4,76,54,22
49,"0731014A",4,60,46,14
49,"0731015",4,374,265,109
49,"0731015A",4,342,244,98
49,"0731016",4,722,529,193
49,"0731016A",4,611,442,169
49,"0736001",4,502,319,183
49,"0736001A",4,564,395,169
49,"0736002",4,604,421,183
49,"0736002A",4,810,544,266
49,"0736003",4,1000,719,281
49,"0736003A",4,755,562,193
49,"0736004",4,696,448,248
49,"0736004A",4,662,461,201
49,"0736005",4,884,629,255
49,"0736005A",4,787,590,197
49,"0736006",4,654,459,195
49,"0736006A",4,613,460,153
49,"0736007",4,783,530,253
49,"0736007A",4,728,528,200
49,"0736008",4,447,289,158
49,"0736008A",4,488,331,157
49,"0736009",4,579,363,216
49,"0736009A",4,810,623,187
49,"0736010",4,251,173,78
49,"0736010A",4,301,216,85
49,"0736011",4,626,402,224
49,"0736011A",4,542,372,170
49,"0740001",2,11,7,4
49,"0740001A",2,18,14,4
49,"0740002",2,398,240,158
49,"0740002A",2,565,364,201
49,"0740003A",2,11,6,5
49,"0740004",2,31,25,6
49,"0740004A",2,57,43,14
49,"0740005A",2,13,8,5
49,"0740006",2,162,121,41
49,"0740006A",2,129,95,34
49,"0740007",2,204,124,80
49,"0740007A",2,281,186,95
49,"0740008",2,70,43,27
49,"0740008A",2,141,96,45
49,"0740009",2,313,207,106
49,"0740009A",2,480,342,138
49,"0740010",2,94,44,50
49,"0740010A",2,119,63,56
49,"0740011",2,677,456,221
49,"0740011A",2,728,485,243
49,"0740012A",2,10,8,2
49,"0740014",2,472,292,180
49,"0740014A",2,811,557,254
49,"0740016A",2,13,11,2
49,"0740017",2,452,292,160
49,"0740017A",2,553,368,185
49,"0740018",2,152,104,48
49,"0740018A",2,230,151,79
49,"0740020A",4,23,19,4
49,"0740021A",2,11,7,4
49,"0740022",2,78,43,35
49,"0740022A",2,140,99,41
49,"0740023",2,280,180,100
49,"0740023A",2,298,183,115
49,"0740024",2,64,27,37
49,"0740024A",2,109,54,55
49,"0740025",2,136,86,50
49,"0740025A",2,251,149,102
49,"0740026",2,17,14,3
49,"0740026A",2,20,16,4
49,"0740027",2,187,120,67
49,"0740027A",2,319,177,142
49,"0740028",2,184,122,62
49,"0740028A",2,280,199,81
49,"0740029",2,229,155,74
49,"0740029A",2,338,240,98
49,"0740030",2,11,9,2
49,"0740030A",2,14,9,5
49,"0740031",2,133,90,43
49,"0740031A",2,242,157,85
49,"0740032A",2,10,4,6
49,"0741001",4,234,180,54
49,"0741001A",4,382,306,76
49,"0741002",4,250,173,77
49,"0741002A",4,484,343,141
49,"0741003",4,340,260,80
49,"0741003A",4,711,552,159
49,"0741004",4,438,308,130
49,"0741004A",4,977,744,233
49,"0741005",4,618,472,146
49,"0741005A",4,950,799,151
49,"0741006",4,159,131,28
49,"0741006A",4,248,211,37
49,"0741007",4,35,27,8
49,"0741007A",4,52,38,14
49,"0741008",2,641,462,179
49,"0741008A",2,734,571,163
49,"0741009",2,481,309,172
49,"0741009A",2,518,357,161
49,"0741010",2,462,262,200
49,"0741010A",2,569,403,166
49,"0741011",2,356,265,91
49,"0741011A",2,335,278,57
49,"0741012",4,223,165,58
49,"0741012A",4,131,96,35
49,"0742001",2,600,359,241
49,"0742001A",2,963,651,312
49,"0744001",2,557,442,115
49,"0744001A",2,938,776,162
49,"0749001",2,843,566,277
49,"0749001A",2,834,567,267
49,"0749002",2,233,156,77
49,"0749002A",2,227,144,83
49,"0749003",2,423,291,132
49,"0749003A",2,393,277,116
49,"0749004",2,773,466,307
49,"0749004A",2,879,591,288
49,"0749005",2,192,138,54
49,"0749005A",2,258,159,99
49,"0749006",2,576,348,228
49,"0749006A",2,553,341,212
49,"0749007",2,704,430,274
49,"0749007A",2,988,644,344
49,"0749008",2,266,152,114
49,"0749008A",2,366,229,137
49,"0749009",2,660,404,256
49,"0749009A",2,914,609,305
49,"0749010",2,45,33,12
49,"0749010A",2,91,60,31
49,"0749011",2,763,481,282
49,"0749011A",2,858,567,291
49,"0749012",2,273,175,98
49,"0749012A",2,308,227,81
49,"0749013",2,358,229,129
49,"0749013A",2,544,355,189
49,"0750001",2,285,200,85
49,"0750001A",2,409,300,109
49,"0750002",2,367,277,90
49,"0750002A",2,673,543,130
49,"0750003",2,103,76,27
49,"0750003A",2,124,98,26
49,"0750004",2,28,26,2
49,"0750004A",2,68,57,11
49,"0750005",2,94,69,25
49,"0750005A",2,93,67,26
49,"0750006",2,47,36,11
49,"0750006A",2,62,50,12
49,"0750007",2,169,128,41
49,"0750007A",2,205,171,34
49,"0750008",2,258,180,78
49,"0750008A",2,480,364,116
49,"0750009",2,11,8,3
49,"0750010A",2,26,20,6
49,"0750011",2,28,24,4
49,"0750011A",2,75,60,15
49,"0750012",2,193,152,41
49,"0750012A",2,318,274,44
49,"0750013",2,40,29,11
49,"0750013A",2,51,35,16
49,"0750014",2,40,36,4
49,"0750014A",2,108,94,14
49,"0750015",2,62,48,14
49,"0750015A",2,96,82,14
49,"0750016",2,25,19,6
49,"0750016A",2,35,26,9
49,"0750017",2,37,29,8
49,"0750017A",2,72,61,11
49,"0750018",2,200,145,55
49,"0750018A",2,653,538,115
49,"0750019",2,61,48,13
49,"0750019A",2,170,144,26
49,"0750020",2,370,269,101
49,"0750020A",2,505,398,107
49,"0750021",2,295,207,88
49,"0750021A",2,366,272,94
49,"0750022",2,169,126,43
49,"0750022A",2,256,201,55
49,"0750023",2,627,449,178
49,"0750023A",2,653,503,150
49,"0750024",2,212,163,49
49,"0750024A",2,362,314,48
49,"0750025",2,241,195,46
49,"0750025A",2,264,232,32
49,"0750026",2,327,264,63
49,"0750026A",2,497,421,76
49,"0750027",2,44,35,9
49,"0750027A",2,42,32,10
49,"0750029",2,11,6,5
49,"0750029A",2,17,11,6
49,"0750030",2,92,64,28
49,"0750030A",2,157,126,31
49,"0750031A",2,14,12,2
49,"0750032",2,14,10,4
49,"0750032A",2,10,8,2
49,"0750033",2,459,349,110
49,"0750033A",2,767,630,137
49,"0750034",2,176,118,58
49,"0750034A",2,239,185,54
49,"0750035",4,295,164,131
49,"0750035A",4,266,167,99
49,"0750036",2,16,15,1
49,"0750036A",2,62,52,10
49,"0750038",2,607,378,229
49,"0750038A",2,742,447,295
49,"0750039",2,343,221,122
49,"0750039A",2,497,305,192
49,"0750040",2,288,207,81
49,"0750040A",2,391,310,81
49,"0750041",2,51,37,14
49,"0750041A",2,54,35,19
49,"0750042A",2,9,5,4
49,"0750043",2,22,15,7
49,"0750043A",2,57,42,15
49,"0750044",2,600,463,137
49,"0750044A",2,868,698,170
49,"0750045",2,729,576,153
49,"0750045A",2,1057,867,190
49,"0750046",2,214,156,58
49,"0750046A",2,258,217,41
49,"0750047",2,74,63,11
49,"0750047A",2,131,100,31
49,"0750048",2,142,115,27
49,"0750048A",2,199,177,22
49,"0750049",2,75,53,22
49,"0750049A",2,107,87,20
49,"0750050",2,87,72,15
49,"0750050A",2,187,146,41
49,"0750051",2,322,241,81
49,"0750051A",2,398,316,82
49,"0750052",2,351,271,80
49,"0750052A",2,524,426,98
49,"0750053",2,38,27,11
49,"0750053A",2,70,46,24
49,"0750054",2,35,19,16
49,"0750054A",2,45,29,16
49,"0750055",2,284,207,77
49,"0750055A",2,524,414,110
49,"0750056",2,61,44,17
49,"0750056A",2,114,64,50
49,"0750057",2,361,291,70
49,"0750057A",2,451,383,68
49,"0751001",2,697,506,191
49,"0751001A",2,540,393,147
49,"0751002",4,418,316,102
49,"0751002A",4,455,358,97
49,"0751003",4,719,538,181
49,"0751003A",4,536,416,120
49,"0751004",4,539,388,151
49,"0751004A",4,397,287,110
49,"0751005",4,561,396,165
49,"0751005A",4,542,395,147
49,"0751006",4,569,396,173
49,"0751006A",4,761,533,228
49,"0751007",4,523,380,143
49,"0751007A",4,768,566,202
49,"0757001",2,292,243,49
49,"0757001A",2,493,401,92
49,"0757002",2,623,495,128
49,"0757002A",2,795,692,103
49,"CNTYTOT",0,242593,177411,65182
49,"AD02_TOT",0,120382,88085,32297
49,"AD12_TOT",0,107296,77847,29449
49,"AD04_TOT",0,14915,11479,3436
49,"CD04_TOT",0,120117,89324,30793
49,"CD02_TOT",0,122476,88087,34389
49,"SD02_TOT",0,197109,144261,52848
49,"SD03_TOT",0,45484,33150,12334
49,"BE02_TOT",0,242593,177411,65182
49,"SOV_CD02",0,122476,88087,34389
49,"SOV_CD04",0,120117,89324,30793
50,"101003",13,16,8,8
50,"101003A",13,56,35,21
50,"101005",13,27,9,18
50,"101005A",13,121,80,41
50,"102001",13,10,4,6
50,"102001A",13,61,43,18
50,"102002",13,63,25,38
50,"102002A",13,371,171,200
50,"102003",13,80,32,48
50,"102003A",13,480,209,271
50,"102005",13,157,88,69
50,"102005A",13,670,422,248
50,"102007",13,36,15,21
50,"102007A",13,235,125,110
50,"103001",13,131,56,75
50,"103001A",13,1043,594,449
50,"103002",13,178,72,106
50,"103002A",13,1198,687,511
50,"103003",13,211,86,125
50,"103003A",13,1040,550,490
50,"103005",13,172,79,93
50,"103005A",13,1008,565,443
50,"103007",13,173,65,108
50,"103007A",13,1196,570,626
50,"103008",13,234,117,117
50,"103008A",13,1683,957,726
50,"103009",13,48,24,24
50,"103009A",13,269,143,126
50,"103010",13,64,28,36
50,"103010A",13,566,260,306
50,"103011",13,15,4,11
50,"103011A",13,148,102,46
50,"103014",13,58,28,30
50,"103014A",13,293,181,112
50,"103015A",13,36,7,29
50,"103018",13,99,52,47
50,"103018A",13,635,404,231
50,"103019",13,107,52,55
50,"103019A",13,718,432,286
50,"103022",13,105,31,74
50,"103022A",13,882,479,403
50,"103028",13,156,57,99
50,"103028A",13,1190,672,518
50,"103033",13,104,44,60
50,"103033A",13,671,391,280
50,"104001A",13,149,33,116
50,"104002",13,107,29,78
50,"104002A",13,803,248,555
50,"104004",13,70,11,59
50,"104004A",13,659,206,453
50,"105002",5,69,12,57
50,"105002A",5,467,149,318
50,"105003A",5,25,9,16
50,"105004",5,17,7,10
50,"105004A",5,74,23,51
50,"105005",5,24,5,19
50,"105005A",5,204,51,153
50,"106001A",5,37,7,30
50,"106002",13,28,7,21
50,"106002A",13,388,197,191
50,"106003",13,173,85,88
50,"106003A",13,900,603,297
50,"106005",5,34,7,27
50,"106005A",5,255,64,191
50,"106009",13,41,16,25
50,"106009A",13,335,162,173
50,"107001A",5,20,10,10
50,"107002",5,14,6,8
50,"107002A",5,109,44,65
50,"107004",5,93,22,71
50,"107004A",5,818,270,548
50,"107005",5,17,4,13
50,"107005A",5,190,32,158
50,"107006A",5,54,21,33
50,"107007",5,33,13,20
50,"107007A",5,313,162,151
50,"107010",5,12,2,10
50,"107010A",5,102,54,48
50,"107011A",5,12,3,9
50,"108002",13,99,32,67
50,"108002A",13,803,398,405
50,"108005",13,18,6,12
50,"108005A",13,169,51,118
50,"108008",13,19,7,12
50,"108008A",13,82,29,53
50,"109001",13,161,58,103
50,"109001A",13,1019,385,634
50,"109008A",13,98,28,70
50,"110001",5,171,22,149
50,"110001A",5,872,256,616
50,"110002",5,207,36,171
50,"110002A",5,1365,371,994
50,"110005",13,9,3,6
50,"110005A",13,50,30,20
50,"110007",5,20,1,19
50,"110007A",5,104,26,78
50,"110008",5,54,8,46
50,"110008A",5,398,116,282
50,"110009A",5,32,11,21
50,"110018A",5,21,9,12
50,"111001A",13,38,15,23
50,"111003",13,210,99,111
50,"111003A",13,795,440,355
50,"111004A",5,31,6,25
50,"111005A",5,19,6,13
50,"111009",13,9,3,6
50,"111009A",13,21,4,17
50,"112001",13,28,7,21
50,"112001A",13,320,73,247
50,"112002",13,31,4,27
50,"112002A",13,426,84,342
50,"112003",5,9,5,4
50,"112003A",5,122,67,55
50,"112004A",5,56,19,37
50,"112005A",5,21,3,18
50,"113002",5,17,1,16
50,"113002A",5,151,35,116
50,"113003A",5,65,8,57
50,"114001",5,195,30,165
50,"114001A",5,1048,277,771
50,"114002",5,183,39,144
50,"114002A",5,1184,390,794
50,"114003",5,104,46,58
50,"114003A",5,521,246,275
50,"114004A",5,15,6,9
50,"115001",5,148,15,133
50,"115001A",5,1469,353,1116
50,"115002",5,88,15,73
50,"115002A",5,497,100,397
50,"115003",5,172,22,150
50,"115003A",5,1239,312,927
50,"115004",5,125,23,102
50,"115004A",5,1161,256,905
50,"116003",5,82,18,64
50,"116003A",5,1221,311,910
50,"117001",13,105,43,62
50,"117001A",13,378,209,169
50,"117002",5,85,29,56
50,"117002A",5,738,298,440
50,"117003",13,130,71,59
50,"117003A",13,729,513,216
50,"117004",13,188,117,71
50,"117004A",13,928,659,269
50,"117005A",13,36,23,13
50,"117006",13,120,66,54
50,"117006A",13,478,337,141
50,"117007",5,104,28,76
50,"117007A",5,1362,644,718
50,"117008",13,141,69,72
50,"117008A",13,951,597,354
50,"117009",5,132,51,81
50,"117009A",5,1170,597,573
50,"117011",5,133,41,92
50,"117011A",5,1032,496,536
50,"117012",5,63,34,29
50,"117012A",5,453,259,194
50,"117014",5,133,48,85
50,"117014A",5,892,454,438
50,"117016",5,45,22,23
50,"117016A",5,257,126,131
50,"117017",5,87,40,47
50,"117017A",5,455,253,202
50,"117018",5,98,23,75
50,"117018A",5,618,263,355
50,"117019",5,81,31,50
50,"117019A",5,763,387,376
50,"117020",13,68,23,45
50,"117020A",13,416,219,197
50,"117021",5,144,34,110
50,"117021A",5,1119,572,547
50,"117023",13,53,25,28
50,"117023A",13,222,121,101
50,"117025",5,57,26,31
50,"117025A",5,457,271,186
50,"117027",5,123,53,70
50,"117027A",5,932,564,368
50,"117028",5,174,77,97
50,"117028A",5,1209,657,552
50,"117029",5,135,42,93
50,"117029A",5,953,431,522
50,"117030",5,157,53,104
50,"117030A",5,1007,447,560
50,"117034",5,85,21,64
50,"117034A",5,1303,691,612
50,"117038",5,192,69,123
50,"117038A",5,1231,637,594
50,"117040",5,105,39,66
50,"117040A",5,707,361,346
50,"117042",5,78,19,59
50,"117042A",5,605,250,355
50,"117043",5,144,39,105
50,"117043A",5,1189,548,641
50,"117044",5,33,4,29
50,"117044A",5,368,155,213
50,"117045",5,183,77,106
50,"117045A",5,1208,556,652
50,"117047",5,176,63,113
50,"117047A",5,1528,628,900
50,"117052",5,103,29,74
50,"117052A",5,1209,568,641
50,"117053",13,121,57,64
50,"117053A",13,652,400,252
50,"117054",5,72,24,48
50,"117054A",5,715,305,410
50,"117058",5,119,47,72
50,"117058A",5,699,369,330
50,"117059",5,94,28,66
50,"117059A",5,770,354,416
50,"117062",5,84,28,56
50,"117062A",5,693,327,366
50,"117064",5,146,59,87
50,"117064A",5,739,422,317
50,"117065",5,25,10,15
50,"117065A",5,299,168,131
50,"117068",5,137,41,96
50,"117068A",5,1014,530,484
50,"117069",5,140,66,74
50,"117069A",5,1054,507,547
50,"117070",5,142,30,112
50,"117070A",5,1364,577,787
50,"117072",5,137,42,95
50,"117072A",5,808,385,423
50,"117073",13,148,83,65
50,"117073A",13,690,483,207
50,"117074",5,21,7,14
50,"117074A",5,414,174,240
50,"117075",5,73,21,52
50,"117075A",5,665,318,347
50,"117076",5,115,35,80
50,"117076A",5,881,408,473
50,"117078",5,154,48,106
50,"117078A",5,1063,464,599
50,"117079",5,110,33,77
50,"117079A",5,868,406,462
50,"117080",5,137,59,78
50,"117080A",5,1047,475,572
50,"117083",5,114,26,88
50,"117083A",5,1100,486,614
50,"117084",5,125,50,75
50,"117084A",5,828,434,394
50,"117088",5,133,40,93
50,"117088A",5,1417,624,793
50,"117090",5,93,24,69
50,"117090A",5,1283,552,731
50,"117091",5,96,26,70
50,"117091A",5,928,418,510
50,"117095",5,128,39,89
50,"117095A",5,1205,562,643
50,"117096",5,157,55,102
50,"117096A",5,1127,554,573
50,"117100",5,63,20,43
50,"117100A",5,644,296,348
50,"117104",13,140,64,76
50,"117104A",13,829,458,371
50,"117105",13,105,38,67
50,"117105A",13,585,333,252
50,"117106",5,158,53,105
50,"117106A",5,1277,614,663
50,"117108",5,120,39,81
50,"117108A",5,993,477,516
50,"117112",5,125,34,91
50,"117112A",5,1226,541,685
50,"117113",5,106,32,74
50,"117113A",5,1072,471,601
50,"117115",13,84,45,39
50,"117115A",13,324,216,108
50,"117116",5,82,24,58
50,"117116A",5,516,278,238
50,"117117",5,134,48,86
50,"117117A",5,885,393,492
50,"117121",13,169,70,99
50,"117121A",13,919,502,417
50,"117124",13,71,43,28
50,"117124A",13,481,308,173
50,"117125",5,172,60,112
50,"117125A",5,1218,564,654
50,"117127",5,114,27,87
50,"117127A",5,1110,482,628
50,"117135",5,22,14,8
50,"117135A",5,77,42,35
50,"117136",5,150,52,98
50,"117136A",5,1148,527,621
50,"117139",5,43,16,27
50,"117139A",5,279,178,101
50,"117140",13,62,37,25
50,"117140A",13,319,198,121
50,"117162",5,84,14,70
50,"117162A",5,545,250,295
50,"117166",5,77,25,52
50,"117166A",5,533,278,255
50,"117172",5,135,53,82
50,"117172A",5,1233,599,634
50,"117187A",5,161,59,102
50,"117189A",5,66,31,35
50,"117190",5,42,13,29
50,"117190A",5,397,177,220
50,"119001",13,139,56,83
50,"119001A",13,793,387,406
50,"119002",13,63,33,30
50,"119002A",13,393,196,197
50,"119004",13,86,38,48
50,"119004A",13,342,190,152
50,"119005",13,60,33,27
50,"119005A",13,328,207,121
50,"119009",13,279,130,149
50,"119009A",13,1204,630,574
50,"119010A",13,11,5,6
50,"120002",5,71,4,67
50,"120002A",5,450,110,340
50,"120003",9,89,13,76
50,"120003A",9,803,215,588
50,"121001",5,252,44,208
50,"121001A",5,1516,476,1040
50,"121002",5,125,34,91
50,"121002A",5,620,260,360
50,"121003",5,174,49,125
50,"121003A",5,733,287,446
50,"121004",5,225,32,193
50,"121004A",5,1417,453,964
50,"121005",5,259,40,219
50,"121005A",5,1463,469,994
50,"121007",5,237,41,196
50,"121007A",5,1538,479,1059
50,"121010",5,211,27,184
50,"121010A",5,1293,389,904
50,"123001",13,53,8,45
50,"123001A",13,586,155,431
50,"123003A",13,38,11,27
50,"123004",13,17,12,5
50,"123004A",13,69,53,16
50,"123005",13,45,31,14
50,"123005A",13,143,86,57
50,"123007",13,29,13,16
50,"123007A",13,136,87,49
50,"123008",13,99,50,49
50,"123008A",13,503,341,162
50,"123010",13,79,31,48
50,"123010A",13,479,252,227
50,"123011A",13,30,7,23
50,"123024",5,11,2,9
50,"123024A",5,83,52,31
50,"124001",13,108,65,43
50,"124001A",13,659,479,180
50,"124002",13,215,89,126
50,"124002A",13,1066,630,436
50,"124003",13,107,53,54
50,"124003A",13,609,353,256
50,"124004",13,64,31,33
50,"124004A",13,364,214,150
50,"124005",13,170,72,98
50,"124005A",13,1284,783,501
50,"124007",13,233,111,122
50,"124007A",13,1044,675,369
50,"124008",13,180,96,84
50,"124008A",13,1189,787,402
50,"124012",13,64,49,15
50,"124012A",13,473,295,178
50,"126001",5,183,83,100
50,"126001A",5,1143,525,618
50,"126002",5,169,70,99
50,"126002A",5,965,453,512
50,"126003",5,61,17,44
50,"126003A",5,215,107,108
50,"126004",5,113,26,87
50,"126004A",5,1161,488,673
50,"126007",5,216,81,135
50,"126007A",5,1047,558,489
50,"126008",5,186,63,123
50,"126008A",5,1315,556,759
50,"126010",5,154,47,107
50,"126010A",5,1137,489,648
50,"126011",5,66,17,49
50,"126011A",5,546,252,294
50,"126020",5,48,14,34
50,"126020A",5,233,118,115
50,"127001",5,166,46,120
50,"127001A",5,999,488,511
50,"127002",5,202,70,132
50,"127002A",5,1059,526,533
50,"127004",5,234,70,164
50,"127004A",5,1120,554,566
50,"127007",5,178,62,116
50,"127007A",5,1008,469,539
50,"127008",13,18,6,12
50,"127008A",13,291,60,231
50,"128001",13,111,41,70
50,"128001A",13,1058,505,553
50,"128002",13,140,63,77
50,"128002A",13,711,420,291
50,"128003",13,228,115,113
50,"128003A",13,968,567,401
50,"128005",5,93,25,68
50,"128005A",5,748,319,429
50,"128006",5,161,40,121
50,"128006A",5,1215,446,769
50,"128007",13,46,23,23
50,"128007A",13,207,119,88
50,"128009",5,123,18,105
50,"128009A",5,1368,489,879
50,"128010",5,30,4,26
50,"128010A",5,279,115,164
50,"128011",13,150,73,77
50,"128011A",13,637,347,290
50,"128012",5,95,17,78
50,"128012A",5,1461,506,955
50,"128013",5,135,34,101
50,"128013A",5,1159,494,665
50,"128014",13,172,77,95
50,"128014A",13,813,441,372
50,"128015",5,184,46,138
50,"128015A",5,1187,521,666
50,"128016",5,101,27,74
50,"128016A",5,598,278,320
50,"128017",5,156,43,113
50,"128017A",5,1409,548,861
50,"128020",5,143,48,95
50,"128020A",5,1231,451,780
50,"128021",13,64,16,48
50,"128021A",13,326,175,151
50,"128023",5,139,25,114
50,"128023A",5,1467,473,994
50,"128025",13,96,37,59
50,"128025A",13,649,297,352
50,"128028",5,125,25,100
50,"128028A",5,1168,428,740
50,"128030",13,156,72,84
50,"128030A",13,583,352,231
50,"128038",5,144,56,88
50,"128038A",5,1198,563,635
50,"128044",5,159,46,113
50,"128044A",5,1213,510,703
50,"128047",5,62,14,48
50,"128047A",5,423,184,239
50,"128053",5,127,34,93
50,"128053A",5,850,307,543
50,"128058",5,32,19,13
50,"128058A",5,102,43,59
50,"128059",5,38,6,32
50,"128059A",5,350,141,209
50,"128063A",13,35,17,18
50,"129001",5,234,67,167
50,"129001A",5,1105,394,711
50,"129003",5,312,72,240
50,"129003A",5,1436,506,930
50,"130001",13,18,6,12
50,"130001A",13,189,46,143
50,"130007A",13,32,9,23
50,"131002A",5,25,3,22
50,"131004",5,35,5,30
50,"131004A",5,234,55,179
50,"131005A",5,17,3,14
50,"131006A",5,15,4,11
50,"131007",5,64,10,54
50,"131007A",5,391,74,317
50,"132001",13,299,139,160
50,"132001A",13,1276,647,629
50,"132002A",5,130,21,109
50,"132003",5,79,16,63
50,"132003A",5,557,131,426
50,"132004A",5,19,4,15
50,"132005",5,72,14,58
50,"132005A",5,693,161,532
50,"132011A",5,22,3,19
50,"132016",13,13,3,10
50,"132016A",13,154,56,98
50,"930007A",13,51,13,38
50,"CNTYTOT",0,189785,84042,105743
50,"AD22_TOT",0,147324,69709,77615
50,"AD09_TOT",0,42461,14333,28128
50,"CD13_TOT",0,58916,31424,27492
50,"CD05_TOT",0,129977,52390,77587
50,"CD09_TOT",0,892,228,664
50,"SD04_TOT",0,189785,84042,105743
50,"BE01_TOT",0,189785,84042,105743
50,"SOV_CD05",0,129977,52390,77587
50,"SOV_CD09",0,892,228,664
50,"SOV_CD13",0,58916,31424,27492
51,"0000001A",1,1145,213,932
51,"0000001",1,65,8,57
51,"0000002A",1,2724,1116,1608
51,"0000002",1,379,138,241
51,"0000003A",1,2362,902,1460
51,"0000003",1,264,97,167
51,"0000004A",1,1046,399,647
51,"0000004",1,140,47,93
51,"0000005A",1,1048,489,559
51,"0000005",1,179,68,111
51,"0000006A",1,1189,502,687
51,"0000006",1,106,35,71
51,"0000007A",1,1134,419,715
51,"0000007",1,134,37,97
51,"0000008A",1,1557,403,1154
51,"0000008",1,118,30,88
51,"0000009A",1,1645,470,1175
51,"0000009",1,158,44,114
51,"0000010A",1,1392,428,964
51,"0000010",1,122,32,90
51,"0000011A",1,2130,669,1461
51,"0000011",1,169,39,130
51,"0000012A",1,1017,156,861
51,"0000012",1,143,14,129
51,"0000013A",1,1129,159,970
51,"0000013",1,148,22,126
51,"0000014A",1,1375,477,898
51,"0000014",1,118,38,80
51,"0000015A",1,990,224,766
51,"0000015",1,59,14,45
51,"0000016A",1,1496,512,984
51,"0000016",1,164,54,110
51,"0000017A",1,1665,638,1027
51,"0000017",1,129,45,84
51,"0000018A",1,1832,676,1156
51,"0000018",1,191,47,144
51,"0000019A",1,1647,565,1082
51,"0000019",1,187,57,130
51,"0000020A",1,1880,676,1204
51,"0000020",1,282,84,198
51,"0000021A",1,1359,352,1007
51,"0000021",1,140,36,104
51,"0000022A",1,1287,384,903
51,"0000022",1,102,19,83
51,"0000023A",1,633,115,518
51,"0000023",1,98,11,87
51,"0000024A",1,570,123,447
51,"0000024",1,74,12,62
51,"CNTYTOT",0,37921,12095,25826
51,"AD03_TOT",0,37921,12095,25826
51,"CD01_TOT",0,37921,12095,25826
51,"SD01_TOT",0,37921,12095,25826
51,"BE01_TOT",0,37921,12095,25826
51,"SOV_CD01",0,37921,12095,25826
52,"0010030",1,481,40,441
52,"0010030A",1,2317,465,1852
52,"0010130",1,198,24,174
52,"0010130A",1,1245,295,950
52,"0012060",1,169,31,138
52,"0012060A",1,806,315,491
52,"0012080",1,112,25,87
52,"0012080A",1,692,235,457
52,"0012210",1,50,10,40
52,"0012210A",1,371,152,219
52,"0020140",1,103,9,94
52,"0020140A",1,831,191,640
52,"0020160",1,114,9,105
52,"0020160A",1,460,120,340
52,"0020250",1,153,12,141
52,"0020250A",1,924,159,765
52,"0022190",1,371,79,292
52,"0022190A",1,1349,482,867
52,"0022240",1,129,21,108
52,"0022240A",1,517,165,352
52,"0030010",1,68,8,60
52,"0030010A",1,382,94,288
52,"0030015A",1,90,26,64
52,"0030120",1,245,46,199
52,"0030120A",1,1626,409,1217
52,"0030260",1,271,51,220
52,"0030260A",1,1575,449,1126
52,"0030270",1,107,17,90
52,"0030270A",1,496,156,340
52,"0030300",1,84,14,70
52,"0030300A",1,434,106,328
52,"0030320A",1,144,38,106
52,"0030330A",1,89,33,56
52,"0030340A",1,140,40,100
52,"0032350",1,93,29,64
52,"0032350A",1,324,109,215
52,"0040180A",1,134,34,100
52,"0040360",1,151,30,121
52,"0040360A",1,682,189,493
52,"0040365A",1,10,2,8
52,"0040420",1,186,29,157
52,"0040420A",1,891,221,670
52,"0040430A",1,133,23,110
52,"0040480A",1,62,14,48
52,"0040485",1,110,36,74
52,"0040485A",1,391,155,236
52,"0040620A",1,106,11,95
52,"0041380",1,97,24,73
52,"0041380A",1,555,203,352
52,"0041400",1,107,34,73
52,"0041400A",1,438,177,261
52,"0050370",1,37,6,31
52,"0050370A",1,181,40,141
52,"0050450A",1,148,28,120
52,"0050455A",1,41,3,38
52,"0050530",1,80,29,51
52,"0050530A",1,235,102,133
52,"0050560",1,161,34,127
52,"0050560A",1,671,208,463
52,"0050580",1,181,33,148
52,"0050580A",1,780,211,569
52,"0050590",1,125,14,111
52,"0050590A",1,653,160,493
52,"0050630",1,60,10,50
52,"0050630A",1,198,43,155
52,"0051510",1,125,40,85
52,"0051510A",1,646,206,440
52,"0053610A",1,186,66,120
52,"CNTYTOT",0,26169,6888,19281
52,"AD03_TOT",0,26169,6888,19281
52,"CD01_TOT",0,26169,6888,19281
52,"SD01_TOT",0,26169,6888,19281
52,"BE01_TOT",0,26169,6888,19281
52,"SOV_CD01",0,26169,6888,19281
53,"01A",2,1826,871,955
53,"02A",2,149,61,88
53,"03A",2,8,3,5
53,"04A",2,46,21,25
53,"05A",2,26,8,18
53,"06A",2,587,236,351
53,"07",2,143,42,101
53,"07A",2,708,317,391
53,"08",2,34,14,20
53,"08A",2,310,190,120
53,"09",2,38,6,32
53,"09A",2,519,230,289
53,"10",2,96,26,70
53,"10A",2,1068,500,568
53,"CNTYTOT",0,5558,2525,3033
53,"AD02_TOT",0,5558,2525,3033
53,"CD02_TOT",0,5558,2525,3033
53,"SD02_TOT",0,5558,2525,3033
53,"BE02_TOT",0,5558,2525,3033
53,"SOV_CD02",0,5558,2525,3033
54,"1021001",21,158,35,123
54,"1021001A",21,574,205,369
54,"1022001",21,121,31,90
54,"1022001A",21,380,149,231
54,"1022006",21,38,5,33
54,"1022006A",21,228,57,171
54,"1023001",21,223,38,185
54,"1023001A",21,745,230,515
54,"1024001",21,149,35,114
54,"1024001A",21,373,120,253
54,"1025001",21,66,12,54
54,"1025001A",21,206,72,134
54,"1025004",21,122,28,94
54,"1025004A",21,325,110,215
54,"1030001",22,504,233,271
54,"1030001A",22,1628,925,703
54,"1064001",21,301,120,181
54,"1064001A",21,862,499,363
54,"1064006",21,277,137,140
54,"1064006A",21,920,634,286
54,"1064008",21,303,150,153
54,"1064008A",21,644,425,219
54,"1065001",21,396,157,239
54,"1065001A",21,1337,629,708
54,"1065005",21,129,36,93
54,"1065005A",21,345,162,183
54,"1065007",21,93,30,63
54,"1065007A",21,251,147,104
54,"1065011",21,426,154,272
54,"1065011A",21,1313,528,785
54,"1068001",21,23,10,13
54,"1068001A",21,66,41,25
54,"1080001",21,576,274,302
54,"1080001A",21,1386,802,584
54,"1990096",21,48,10,38
54,"1990096A",21,208,47,161
54,"1990172",22,60,28,32
54,"1990172A",22,138,79,59
54,"1990280",22,43,10,33
54,"1990280A",22,122,58,64
54,"1990413",22,88,45,43
54,"1990413A",22,143,74,69
54,"1990435",21,84,8,76
54,"1990435A",21,394,150,244
54,"1998001",21,74,11,63
54,"1998001A",21,496,108,388
54,"1998002A",21,63,19,44
54,"1998003A",21,60,11,49
54,"1998004",21,90,18,72
54,"1998004A",21,764,192,572
54,"1998008",21,20,2,18
54,"1998008A",21,89,10,79
54,"1998009",21,7,2,5
54,"1998009A",21,15,2,13
54,"1998010A",21,4,1,3
54,"1998011",21,25,7,18
54,"1998011A",21,136,30,106
54,"1998012",21,8,1,7
54,"1998012A",21,52,4,48
54,"1998013",21,9,3,6
54,"1998013A",21,72,16,56
54,"1998014A",21,28,4,24
54,"1998015",21,33,10,23
54,"1998015A",21,171,67,104
54,"1998016",21,20,6,14
54,"1998016A",21,45,14,31
54,"1998017",21,6,1,5
54,"1998017A",21,10,2,8
54,"1998018",21,4,1,3
54,"1998018A",21,77,20,57
54,"1998030",22,65,33,32
54,"1998030A",22,318,134,184
54,"1998032A",22,15,1,14
54,"1998038",22,15,4,11
54,"1998038A",22,96,37,59
54,"1998039",22,26,12,14
54,"1998039A",22,110,45,65
54,"1998040",22,178,67,111
54,"1998040A",22,899,346,553
54,"1998041",22,3,1,2
54,"1998041A",22,20,6,14
54,"1998043A",22,3,1,2
54,"1998044A",22,22,3,19
54,"1998045",22,12,5,7
54,"1998045A",22,127,71,56
54,"1998046",22,8,6,2
54,"1998046A",22,78,43,35
54,"1998047A",22,19,3,16
54,"1998048",22,8,1,7
54,"1998048A",22,49,6,43
54,"1998050",22,16,6,10
54,"1998050A",22,121,31,90
54,"1998051",22,4,1,3
54,"1998051A",22,14,6,8
54,"1998052",22,5,2,3
54,"1998052A",22,6,2,4
54,"2051005",22,594,227,367
54,"2051005A",22,1784,1005,779
54,"2052001",22,431,168,263
54,"2052001A",22,1443,789,654
54,"2052022",22,132,24,108
54,"2052022A",22,514,119,395
54,"2053005",22,202,67,135
54,"2053005A",22,555,217,338
54,"2053008",22,95,46,49
54,"2053008A",22,269,184,85
54,"2053011",22,166,38,128
54,"2053011A",22,496,172,324
54,"2053013",22,181,62,119
54,"2053013A",22,622,308,314
54,"2055001",22,165,42,123
54,"2055001A",22,488,201,287
54,"2055002",22,169,53,116
54,"2055002A",22,755,274,481
54,"2055004",22,537,115,422
54,"2055004A",22,2236,702,1534
54,"2058002",22,56,18,38
54,"2058002A",22,371,193,178
54,"2058003",22,64,24,40
54,"2058003A",22,235,119,116
54,"2058004",22,11,8,3
54,"2058004A",22,70,34,36
54,"2058007",22,19,4,15
54,"2058007A",22,71,30,41
54,"2058011",22,11,1,10
54,"2058011A",22,53,18,35
54,"2990115",22,153,63,90
54,"2990115A",22,364,132,232
54,"2990148",22,262,124,138
54,"2990148A",22,213,82,131
54,"2990237",22,356,194,162
54,"2990237A",22,598,411,187
54,"2998003",22,31,12,19
54,"2998003A",22,307,56,251
54,"2998004A",22,31,2,29
54,"2998008",22,75,23,52
54,"2998008A",22,565,137,428
54,"2998009",22,50,14,36
54,"2998009A",22,281,69,212
54,"2998014",22,22,4,18
54,"2998014A",22,156,37,119
54,"2998015",22,20,9,11
54,"2998015A",22,122,35,87
54,"2998016",22,17,7,10
54,"2998016A",22,167,33,134
54,"2998017",22,36,6,30
54,"2998017A",22,63,13,50
54,"2998018A",22,19,2,17
54,"2998019",22,46,13,33
54,"2998019A",22,98,31,67
54,"2998021A",22,21,11,10
54,"2998022",22,26,16,10
54,"2998022A",22,55,20,35
54,"2998023",22,52,30,22
54,"2998023A",22,179,65,114
54,"2998026",22,4,1,3
54,"2998026A",22,66,23,43
54,"2998027",22,5,2,3
54,"2998027A",22,55,32,23
54,"2998028",22,13,6,7
54,"2998028A",22,69,35,34
54,"3061001",21,261,55,206
54,"3061001A",21,1046,349,697
54,"3061003",21,286,83,203
54,"3061003A",21,1343,502,841
54,"3063002",21,613,165,448
54,"3063002A",21,1737,584,1153
54,"3064006",21,177,57,120
54,"3064006A",21,561,260,301
54,"3065016",21,110,56,54
54,"3065016A",21,211,119,92
54,"3068003",21,13,5,8
54,"3068003A",21,17,2,15
54,"3068004",21,60,16,44
54,"3068004A",21,272,154,118
54,"3068006",21,31,8,23
54,"3068006A",21,111,59,52
54,"3998001A",21,7,2,5
54,"3998002",21,5,1,4
54,"3998002A",21,24,6,18
54,"3998003",21,23,6,17
54,"3998003A",21,79,10,69
54,"3998013A",22,10,3,7
54,"4011001",21,199,89,110
54,"4011001A",21,636,338,298
54,"4012001",21,46,24,22
54,"4012001A",21,173,112,61
54,"4012002",21,137,85,52
54,"4012002A",21,395,234,161
54,"4013001",21,256,103,153
54,"4013001A",21,918,432,486
54,"4014001",21,263,97,166
54,"4014001A",21,850,450,400
54,"4014005",21,30,7,23
54,"4014005A",21,204,89,115
54,"4015001",21,303,117,186
54,"4015001A",21,1206,580,626
54,"4018001",21,6,4,2
54,"4018001A",21,29,19,10
54,"4018002",21,2,1,1
54,"4018002A",21,21,4,17
54,"4061001",21,326,90,236
54,"4061001A",21,1211,441,770
54,"4061004",21,256,77,179
54,"4061004A",21,1116,494,622
54,"4064001",21,392,104,288
54,"4064001A",21,1284,533,751
54,"4064002",21,197,76,121
54,"4064002A",21,719,372,347
54,"4068001",21,58,26,32
54,"4068001A",21,215,105,110
54,"4070001",21,104,58,46
54,"4070001A",21,199,126,73
54,"4070004",21,271,125,146
54,"4070004A",21,678,416,262
54,"4070005",21,56,25,31
54,"4070005A",21,192,125,67
54,"4078001",21,15,5,10
54,"4078001A",21,19,12,7
54,"4078002",21,21,14,7
54,"4078002A",21,44,29,15
54,"4990011",21,131,22,109
54,"4990011A",21,606,153,453
54,"4990039",21,141,65,76
54,"4990039A",21,523,319,204
54,"4990040",21,94,53,41
54,"4990040A",21,283,169,114
54,"4990046",21,116,76,40
54,"4990046A",21,415,286,129
54,"4990061",21,20,11,9
54,"4990061A",21,165,110,55
54,"4990119",21,135,25,110
54,"4990119A",21,445,95,350
54,"4990161",21,328,159,169
54,"4990161A",21,547,326,221
54,"4990202",21,71,20,51
54,"4990202A",21,445,143,302
54,"4990253",21,15,2,13
54,"4990253A",21,189,35,154
54,"4990271",21,211,97,114
54,"4990271A",21,511,300,211
54,"4998002",21,3,1,2
54,"4998002A",21,20,4,16
54,"4998003",21,27,6,21
54,"4998003A",21,150,40,110
54,"4998005",21,14,1,13
54,"4998005A",21,141,32,109
54,"4998006A",21,13,5,8
54,"4998007",21,165,37,128
54,"4998007A",21,982,210,772
54,"4998008",21,22,7,15
54,"4998008A",21,86,28,58
54,"4998009",21,93,36,57
54,"4998009A",21,643,184,459
54,"4998015",21,93,28,65
54,"4998015A",21,607,228,379
54,"4998017",21,29,10,19
54,"4998017A",21,245,69,176
54,"4998018A",21,89,29,60
54,"4998019",21,60,21,39
54,"4998019A",21,209,106,103
54,"4998020",21,6,2,4
54,"4998020A",21,85,34,51
54,"4998021A",21,20,12,8
54,"4998022",21,14,4,10
54,"4998022A",21,42,12,30
54,"4998023",21,10,4,6
54,"4998023A",21,82,61,21
54,"4998024",21,5,2,3
54,"4998024A",21,90,20,70
54,"4998025",21,6,4,2
54,"4998025A",21,47,12,35
54,"4998026",21,36,7,29
54,"4998026A",21,324,49,275
54,"4998029A",21,8,1,7
54,"4998030",21,2,1,1
54,"4998030A",21,19,10,9
54,"4998031A",21,19,5,14
54,"4998032",21,5,1,4
54,"4998032A",21,114,58,56
54,"4998037A",21,34,12,22
54,"4998038",21,5,4,1
54,"4998038A",21,34,24,10
54,"4998039",21,2,1,1
54,"4998041A",21,3,1,2
54,"4998043",21,6,1,5
54,"4998043A",21,46,9,37
54,"5041006",22,312,92,220
54,"5041006A",22,1040,437,603
54,"5041022",22,111,38,73
54,"5041022A",22,370,175,195
54,"5041024",22,192,76,116
54,"5041024A",22,549,222,327
54,"5042003",22,403,118,285
54,"5042003A",22,1535,652,883
54,"5042024",22,143,60,83
54,"5042024A",22,490,221,269
54,"5043001",22,182,48,134
54,"5043001A",22,550,216,334
54,"5043005",22,56,17,39
54,"5043005A",22,290,126,164
54,"5043008",22,415,178,237
54,"5043008A",22,1037,532,505
54,"5044001",22,641,177,464
54,"5044001A",22,2594,1024,1570
54,"5045001",22,384,141,243
54,"5045001A",22,1006,543,463
54,"5045016",22,66,29,37
54,"5045016A",22,190,112,78
54,"5045021",22,51,23,28
54,"5045021A",22,115,59,56
54,"5048001",22,92,26,66
54,"5048001A",22,496,190,306
54,"5048002",22,8,4,4
54,"5048002A",22,36,10,26
54,"5048003A",22,12,4,8
54,"5048004A",22,2,1,1
54,"5048005",22,39,16,23
54,"5048005A",22,218,84,134
54,"5048006",22,15,1,14
54,"5048006A",22,41,22,19
54,"5048007",22,11,5,6
54,"5048007A",22,76,40,36
54,"5048010",22,14,5,9
54,"5048010A",22,74,36,38
54,"5048011",22,117,40,77
54,"5048011A",22,461,211,250
54,"5048013",22,12,5,7
54,"5048013A",22,64,21,43
54,"5990012",22,136,77,59
54,"5990012A",22,213,139,74
54,"5990091",22,224,86,138
54,"5990091A",22,325,165,160
54,"5990197",22,34,10,24
54,"5990197A",22,95,52,43
54,"5990206",22,32,19,13
54,"5990206A",22,91,48,43
54,"5998004A",22,61,21,40
54,"5998005A",22,13,4,9
54,"5998006",22,89,18,71
54,"5998006A",22,511,143,368
54,"5998008A",22,40,12,28
54,"5998009",22,8,2,6
54,"5998009A",22,159,37,122
54,"5998010A",22,20,3,17
54,"5998011",22,37,5,32
54,"5998011A",22,191,56,135
54,"5998012A",22,23,3,20
54,"5998013",22,48,19,29
54,"5998013A",22,335,115,220
54,"5998014A",22,12,3,9
54,"5998015A",22,9,1,8
54,"5998016",22,3,2,1
54,"5998016A",22,3,1,2
54,"5998017A",22,60,8,52
54,"5998018",22,18,7,11
54,"5998018A",22,103,41,62
54,"5998019",22,72,28,44
54,"5998019A",22,259,103,156
54,"5998020",22,9,4,5
54,"5998020A",22,31,16,15
54,"5998021",22,11,5,6
54,"5998021A",22,72,49,23
54,"5998022A",22,23,7,16
54,"5998023",22,5,1,4
54,"5998023A",22,49,17,32
54,"5998024",22,19,5,14
54,"5998024A",22,159,39,120
54,"5998026",22,15,11,4
54,"5998026A",22,100,47,53
54,"5998027",22,2,1,1
54,"5998027A",22,17,4,13
54,"5998029A",22,10,1,9
54,"5998030A",22,45,1,44
54,"5998032A",22,5,2,3
54,"5998035A",22,28,3,25
54,"5998036",22,26,10,16
54,"5998036A",22,190,68,122
54,"5998037A",22,91,27,64
54,"5998038",22,8,2,6
54,"5998038A",22,130,28,102
54,"5998040",22,3,2,1
54,"5998040A",22,11,2,9
54,"5998042",22,34,7,27
54,"5998042A",22,224,44,180
54,"5998044",22,4,2,2
54,"5998044A",22,47,8,39
54,"CNTYTOT",0,110509,36306,74203
54,"AD32_TOT",0,39322,7433,31889
54,"AD33_TOT",0,71187,28873,42314
54,"CD21_TOT",0,46719,19283,27436
54,"CD22_TOT",0,41608,17023,24585
54,"SD12_TOT",0,42565,7053,35512
54,"SD16_TOT",0,67942,29251,38691
54,"BE01_TOT",0,110509,36306,74203
54,"SOV_CD21",0,46719,19283,27436
54,"SOV_CD22",0,41608,17023,24585
55,"1001A",5,593,229,364
55,"1001",5,16,4,12
55,"1002A",5,674,222,452
55,"1002",5,34,4,30
55,"1004A",5,927,424,503
55,"1004",5,29,6,23
55,"1007A",5,664,225,439
55,"1007",5,27,4,23
55,"1011A",5,230,91,139
55,"1101A",5,1158,554,604
55,"1101",5,25,8,17
55,"1102A",5,1030,484,546
55,"1102",5,47,9,38
55,"2001A",5,1328,480,848
55,"2001",5,58,6,52
55,"2002A",5,731,291,440
55,"2002",5,62,14,48
55,"2003A",5,224,100,124
55,"2004A",5,65,19,46
55,"2006A",5,1167,368,799
55,"2006",5,104,19,85
55,"2008A",5,901,361,540
55,"2008",5,62,13,49
55,"2014A",5,665,252,413
55,"2014",5,54,9,45
55,"3001A",5,547,199,348
55,"3001",5,59,12,47
55,"3002A",5,627,285,342
55,"3002",5,98,21,77
55,"3004A",5,370,156,214
55,"3004",5,31,11,20
55,"3005A",5,655,250,405
55,"3005",5,114,28,86
55,"3007A",5,519,213,306
55,"3007",5,57,12,45
55,"3008A",5,821,256,565
55,"3008",5,170,32,138
55,"3011A",5,441,154,287
55,"3011",5,77,14,63
55,"3012A",5,253,89,164
55,"3012",5,15,1,14
55,"3013A",5,567,219,348
55,"3013",5,52,7,45
55,"3020A",5,105,26,79
55,"4001A",5,372,138,234
55,"4001",5,74,16,58
55,"4005A",5,299,120,179
55,"4005",5,53,14,39
55,"4006A",5,437,143,294
55,"4006",5,41,2,39
55,"4007A",5,625,145,480
55,"4007",5,33,9,24
55,"4010A",5,327,83,244
55,"4011A",5,1215,338,877
55,"4011",5,39,3,36
55,"4014A",5,759,252,507
55,"4014",5,25,1,24
55,"4017A",5,1242,593,649
55,"4017",5,157,46,111
55,"4027A",5,145,32,113
55,"5001A",5,747,299,448
55,"5001",5,26,13,13
55,"5003A",5,707,287,420
55,"5003",5,47,12,35
55,"5005A",5,725,288,437
55,"5005",5,16,4,12
55,"5007A",5,620,206,414
55,"5007",5,55,13,42
55,"5008A",5,1069,357,712
55,"5008",5,61,17,44
55,"5011A",5,515,192,323
55,"5011",5,67,19,48
55,"5015A",5,545,221,324
55,"5015",5,60,13,47
55,"5016A",5,460,89,371
55,"5016",5,37,7,30
55,"CNTYTOT",0,28101,10157,17944
55,"AD08_TOT",0,28101,10157,17944
55,"CD05_TOT",0,28101,10157,17944
55,"SD04_TOT",0,28101,10157,17944
55,"BE01_TOT",0,28101,10157,17944
55,"SOV_CD05",0,28101,10157,17944
56,"0002000",24,13,4,9
56,"0002001A",26,19,15,4
56,"0003000",26,56,23,33
56,"0003000A",26,170,85,85
56,"0003003A",26,52,24,28
56,"0004002",26,11,3,8
56,"0004002A",26,37,12,25
56,"0004010",26,11,6,5
56,"0004010A",26,50,40,10
56,"0004011A",26,43,17,26
56,"0004100",26,16,7,9
56,"0004100A",26,55,35,20
56,"0004103",26,14,6,8
56,"0004103A",26,74,33,41
56,"0004105A",26,73,50,23
56,"0004106A",26,13,8,5
56,"0005300",26,223,128,95
56,"0005300A",26,883,638,245
56,"0005301A",26,15,8,7
56,"0006900",26,65,19,46
56,"0006900A",26,602,317,285
56,"0006901",26,93,21,72
56,"0006901A",26,659,318,341
56,"0006902",26,76,32,44
56,"0006902A",26,602,349,253
56,"0006903",26,51,24,27
56,"0006903A",26,463,236,227
56,"0006904",26,102,27,75
56,"0006904A",26,706,408,298
56,"0006905",26,110,35,75
56,"0006905A",26,522,263,259
56,"0006907",26,50,24,26
56,"0006907A",26,314,182,132
56,"0006908",26,47,12,35
56,"0006908A",26,622,395,227
56,"0006909",26,58,21,37
56,"0006909A",26,513,312,201
56,"0006910",26,55,21,34
56,"0006910A",26,625,398,227
56,"0006911",26,44,16,28
56,"0006911A",26,523,327,196
56,"0006912",26,61,23,38
56,"0006912A",26,576,319,257
56,"0006913",26,53,19,34
56,"0006913A",26,482,283,199
56,"0006914",26,15,9,6
56,"0006914A",26,72,44,28
56,"0006915A",26,20,9,11
56,"0006916",26,12,5,7
56,"0006916A",26,163,96,67
56,"0006919A",26,64,28,36
56,"0006921",26,60,20,40
56,"0006921A",26,656,295,361
56,"0006922",26,109,39,70
56,"0006922A",26,409,242,167
56,"0006923",26,20,12,8
56,"0006923A",26,116,58,58
56,"0006924",26,62,24,38
56,"0006924A",26,289,193,96
56,"0006925",26,45,13,32
56,"0006925A",26,345,179,166
56,"0006926",26,48,19,29
56,"0006926A",26,372,193,179
56,"0006929",26,30,18,12
56,"0006929A",26,127,78,49
56,"0006930",26,28,10,18
56,"0006930A",26,431,223,208
56,"0006934",26,25,5,20
56,"0006934A",26,229,106,123
56,"0006935A",26,45,25,20
56,"0007000",26,95,38,57
56,"0007000A",26,561,311,250
56,"0007001",26,62,19,43
56,"0007001A",26,412,208,204
56,"0007002",26,86,23,63
56,"0007002A",26,559,327,232
56,"0007003",26,76,30,46
56,"0007003A",26,315,208,107
56,"0007005",26,77,28,49
56,"0007005A",26,456,249,207
56,"0007006",26,62,23,39
56,"0007006A",26,334,173,161
56,"0007007",26,84,23,61
56,"0007007A",26,523,300,223
56,"0007008",26,71,31,40
56,"0007008A",26,522,335,187
56,"0007009",26,86,30,56
56,"0007009A",26,512,268,244
56,"0007010",26,85,31,54
56,"0007010A",26,511,275,236
56,"0007011",26,26,14,12
56,"0007011A",26,153,95,58
56,"0007013",26,58,24,34
56,"0007013A",26,419,244,175
56,"0007014",26,17,2,15
56,"0007014A",26,68,21,47
56,"0007015",26,69,27,42
56,"0007015A",26,458,237,221
56,"0007016",26,60,15,45
56,"0007016A",26,343,180,163
56,"0007017",26,88,37,51
56,"0007017A",26,432,271,161
56,"0007018",26,60,13,47
56,"0007018A",26,395,214,181
56,"0007019",26,42,9,33
56,"0007019A",26,338,162,176
56,"0007020",26,12,3,9
56,"0007020A",26,87,42,45
56,"0007021",26,43,15,28
56,"0007021A",26,466,273,193
56,"0007022A",26,62,19,43
56,"0007023",26,45,17,28
56,"0007023A",26,416,215,201
56,"0007024",26,51,11,40
56,"0007024A",26,370,207,163
56,"0007025",26,12,2,10
56,"0007025A",26,109,63,46
56,"0007026",26,49,18,31
56,"0007026A",26,285,152,133
56,"0007027A",26,36,16,20
56,"0007028",26,52,20,32
56,"0007028A",26,299,167,132
56,"0007029",26,53,32,21
56,"0007029A",26,394,223,171
56,"0007030",26,77,20,57
56,"0007030A",26,479,248,231
56,"0007031",26,41,22,19
56,"0007031A",26,279,182,97
56,"0007032",26,150,57,93
56,"0007032A",26,627,391,236
56,"0007033",26,92,34,58
56,"0007033A",26,445,270,175
56,"0007034",26,92,35,57
56,"0007034A",26,498,300,198
56,"0007035",26,53,16,37
56,"0007035A",26,198,126,72
56,"0007036",26,78,25,53
56,"0007036A",26,527,293,234
56,"0007040",26,47,10,37
56,"0007040A",26,554,298,256
56,"0007041",26,45,15,30
56,"0007041A",26,270,129,141
56,"0007042A",26,54,33,21
56,"0007043A",26,42,21,21
56,"0007044A",26,13,5,8
56,"0007046",26,57,11,46
56,"0007046A",26,379,220,159
56,"0007049",26,94,28,66
56,"0007049A",26,297,181,116
56,"0007050",26,89,39,50
56,"0007050A",26,253,184,69
56,"0007051",26,103,38,65
56,"0007051A",26,494,294,200
56,"0007052",26,100,41,59
56,"0007052A",26,479,297,182
56,"0007053",26,91,34,57
56,"0007053A",26,382,247,135
56,"0007054",26,85,28,57
56,"0007054A",26,524,321,203
56,"0007060",26,14,3,11
56,"0007060A",26,107,56,51
56,"0007062",26,144,72,72
56,"0007062A",26,514,356,158
56,"0007063",26,116,46,70
56,"0007063A",26,477,272,205
56,"0007064",26,98,28,70
56,"0007064A",26,617,323,294
56,"0007065",26,63,16,47
56,"0007065A",26,272,114,158
56,"0007066",26,55,21,34
56,"0007066A",26,380,222,158
56,"0007067",26,19,7,12
56,"0007067A",26,191,63,128
56,"0007068",26,116,45,71
56,"0007068A",26,595,309,286
56,"0007069",26,29,8,21
56,"0007069A",26,239,116,123
56,"0007070",26,58,32,26
56,"0007070A",26,299,191,108
56,"0007071",26,91,43,48
56,"0007071A",26,548,344,204
56,"0007074",26,145,69,76
56,"0007074A",26,612,360,252
56,"0007078",26,99,24,75
56,"0007078A",26,610,296,314
56,"0008000",24,9,6,3
56,"0008000A",24,25,15,10
56,"0008001A",24,28,14,14
56,"0008003A",24,14,11,3
56,"0008004A",24,10,9,1
56,"0008005",24,18,5,13
56,"0008005A",24,142,102,40
56,"0008007A",24,40,18,22
56,"0008008",24,34,9,25
56,"0008008A",24,153,100,53
56,"0008021A",24,36,21,15
56,"0008022A",24,10,5,5
56,"0008027A",24,23,13,10
56,"0008029A",24,22,16,6
56,"0008030A",24,16,8,8
56,"0010100A",26,45,9,36
56,"0010200A",26,114,45,69
56,"0010211A",26,48,16,32
56,"0011000",26,104,54,50
56,"0011000A",26,528,408,120
56,"0011001",26,22,9,13
56,"0011001A",26,200,144,56
56,"0011009A",26,14,6,8
56,"0012300",26,86,39,47
56,"0012300A",26,350,252,98
56,"0012301",26,69,36,33
56,"0012301A",26,343,260,83
56,"0012302",26,37,21,16
56,"0012302A",26,240,149,91
56,"0012303A",26,25,11,14
56,"0012305",26,45,26,19
56,"0012305A",26,111,83,28
56,"0012306A",26,25,23,2
56,"0012307",26,59,36,23
56,"0012307A",26,244,183,61
56,"0013000",26,58,26,32
56,"0013000A",26,271,174,97
56,"0013001",26,41,13,28
56,"0013001A",26,195,109,86
56,"0013002",26,54,10,44
56,"0013002A",26,321,191,130
56,"0013003",26,55,32,23
56,"0013003A",26,264,164,100
56,"0013004",26,133,46,87
56,"0013004A",26,500,294,206
56,"0013005",26,40,21,19
56,"0013005A",26,189,102,87
56,"0013006",26,120,40,80
56,"0013006A",26,397,246,151
56,"0013007",26,93,41,52
56,"0013007A",26,382,206,176
56,"0013008",26,98,56,42
56,"0013008A",26,291,198,93
56,"0013009",26,32,9,23
56,"0013009A",26,155,85,70
56,"0013010",26,42,26,16
56,"0013010A",26,114,80,34
56,"0013012",26,51,25,26
56,"0013012A",26,243,162,81
56,"0013013",26,67,35,32
56,"0013013A",26,287,171,116
56,"0013014",26,79,40,39
56,"0013014A",26,336,209,127
56,"0013015",26,12,4,8
56,"0013015A",26,51,23,28
56,"0013016A",26,29,14,15
56,"0013017",26,62,30,32
56,"0013017A",26,233,140,93
56,"0013018A",26,25,17,8
56,"0013019",26,32,20,12
56,"0013019A",26,130,86,44
56,"0013021",26,79,33,46
56,"0013021A",26,356,217,139
56,"0013022",26,57,27,30
56,"0013022A",26,226,171,55
56,"0014101A",26,33,15,18
56,"0014200",26,26,9,17
56,"0014200A",26,109,50,59
56,"0014202",26,74,23,51
56,"0014202A",26,294,158,136
56,"0014203A",26,28,17,11
56,"0014207A",26,10,6,4
56,"0014209A",26,20,11,9
56,"0014219A",26,10,2,8
56,"0014222A",26,14,6,8
56,"0015000A",26,10,7,3
56,"0015004",26,18,3,15
56,"0015004A",26,41,16,25
56,"0018000",26,83,28,55
56,"0018000A",26,625,317,308
56,"0018001",26,122,36,86
56,"0018001A",26,739,408,331
56,"0018002",26,18,3,15
56,"0018002A",26,153,80,73
56,"0018003A",26,50,31,19
56,"0018004",26,25,10,15
56,"0018004A",26,189,75,114
56,"0020000",26,78,29,49
56,"0020000A",26,383,197,186
56,"0024000",26,138,47,91
56,"0024000A",26,495,279,216
56,"0024001",26,60,27,33
56,"0024001A",26,326,208,118
56,"0026000",32,68,16,52
56,"0026000A",32,527,305,222
56,"0026001",32,64,31,33
56,"0026001A",32,493,254,239
56,"0027000A",26,57,42,15
56,"0027002",26,53,16,37
56,"0027002A",26,578,281,297
56,"0027003A",26,84,42,42
56,"0027005A",26,98,46,52
56,"0027100",26,48,14,34
56,"0027100A",26,548,263,285
56,"0027101",26,16,3,13
56,"0027101A",26,196,91,105
56,"0027104",26,23,9,14
56,"0027104A",26,178,97,81
56,"0028000",24,23,4,19
56,"0028000A",24,212,121,91
56,"0028002",24,16,8,8
56,"0028002A",24,107,58,49
56,"0028008",24,11,4,7
56,"0028008A",24,63,39,24
56,"0031000",26,12,1,11
56,"0031000A",26,134,36,98
56,"0034000A",26,15,8,7
56,"0034001",24,12,5,7
56,"0034001A",24,110,96,14
56,"0034002A",26,77,61,16
56,"0034006A",24,17,8,9
56,"0034010A",24,36,25,11
56,"0034011A",24,39,30,9
56,"0034012A",24,46,37,9
56,"0034021",24,24,13,11
56,"0034021A",24,145,114,31
56,"0035000",24,37,17,20
56,"0035000A",24,148,111,37
56,"0035001",24,100,57,43
56,"0035001A",24,511,382,129
56,"0035002A",24,60,44,16
56,"0035003A",24,133,80,53
56,"0035004",24,31,13,18
56,"0035004A",24,172,105,67
56,"0035012A",24,19,11,8
56,"0035013",24,36,23,13
56,"0035013A",24,218,153,65
56,"0035014A",24,110,95,15
56,"0035015",24,6,3,3
56,"0035015A",24,49,38,11
56,"0035017A",24,12,5,7
56,"0036000",26,72,28,44
56,"0036000A",26,294,181,113
56,"0036001",26,91,47,44
56,"0036001A",26,397,259,138
56,"0037000A",24,112,46,66
56,"0037001A",24,13,7,6
56,"0037002A",26,13,6,7
56,"0037100A",26,50,32,18
56,"0039000",26,98,32,66
56,"0039000A",26,447,200,247
56,"0039001",26,79,21,58
56,"0039001A",26,509,304,205
56,"0039002",26,127,55,72
56,"0039002A",26,468,299,169
56,"0039003",26,103,29,74
56,"0039003A",26,417,224,193
56,"0039004",26,85,50,35
56,"0039004A",26,439,350,89
56,"0039005",26,150,68,82
56,"0039005A",26,458,262,196
56,"0039006",26,105,46,59
56,"0039006A",26,515,292,223
56,"0039007",26,96,26,70
56,"0039007A",26,534,319,215
56,"0039008",26,74,17,57
56,"0039008A",26,395,207,188
56,"0039009",26,62,22,40
56,"0039009A",26,473,286,187
56,"0039010",26,73,40,33
56,"0039010A",26,343,245,98
56,"0039011",26,123,39,84
56,"0039011A",26,852,438,414
56,"0039012",26,123,33,90
56,"0039012A",26,540,282,258
56,"0039013",26,106,31,75
56,"0039013A",26,508,288,220
56,"0039014",26,74,29,45
56,"0039014A",26,457,273,184
56,"0039015",26,60,23,37
56,"0039015A",26,436,220,216
56,"0039016",26,43,25,18
56,"0039016A",26,192,134,58
56,"0039017",26,77,24,53
56,"0039017A",26,537,282,255
56,"0039018",26,119,44,75
56,"0039018A",26,581,304,277
56,"0039019",26,97,29,68
56,"0039019A",26,498,279,219
56,"0039020",26,79,30,49
56,"0039020A",26,607,316,291
56,"0039021",26,120,41,79
56,"0039021A",26,632,388,244
56,"0039022",26,48,15,33
56,"0039022A",26,340,187,153
56,"0039023",26,77,10,67
56,"0039023A",26,446,219,227
56,"0039024",26,117,38,79
56,"0039024A",26,727,370,357
56,"0039027",26,41,19,22
56,"0039027A",26,177,118,59
56,"0039028",26,69,26,43
56,"0039028A",26,175,89,86
56,"0039030",26,10,4,6
56,"0039030A",26,47,37,10
56,"0039031A",26,42,14,28
56,"0039032",26,96,38,58
56,"0039032A",26,334,219,115
56,"0039033",26,65,16,49
56,"0039033A",26,426,241,185
56,"0039035",26,63,18,45
56,"0039035A",26,521,240,281
56,"0039036",26,10,3,7
56,"0039036A",26,38,28,10
56,"0039037",26,108,37,71
56,"0039037A",26,578,311,267
56,"0039038",26,125,47,78
56,"0039038A",26,565,309,256
56,"0040001A",24,25,13,12
56,"0040150",26,75,30,45
56,"0040150A",26,95,60,35
56,"0041002",26,18,6,12
56,"0041002A",26,87,43,44
56,"0041004A",26,24,18,6
56,"0041006A",26,12,9,3
56,"0043000",26,134,91,43
56,"0043000A",26,222,170,52
56,"0044000",26,82,40,42
56,"0044000A",26,363,278,85
56,"0044001",26,82,33,49
56,"0044001A",26,363,225,138
56,"0044003",26,69,34,35
56,"0044003A",26,428,298,130
56,"0044004",26,72,22,50
56,"0044004A",26,486,295,191
56,"0044005",26,69,24,45
56,"0044005A",26,376,263,113
56,"0044006",26,53,19,34
56,"0044006A",26,289,179,110
56,"0044008",26,106,56,50
56,"0044008A",26,609,395,214
56,"0044009",26,85,30,55
56,"0044009A",26,639,358,281
56,"0044010",26,82,38,44
56,"0044010A",26,526,356,170
56,"0044011",26,77,29,48
56,"0044011A",26,565,402,163
56,"0044012",26,120,52,68
56,"0044012A",26,591,385,206
56,"0044013",26,110,45,65
56,"0044013A",26,442,298,144
56,"0044014",26,93,41,52
56,"0044014A",26,552,365,187
56,"0044016",26,100,46,54
56,"0044016A",26,322,197,125
56,"0045000",24,106,50,56
56,"0045000A",24,402,261,141
56,"0045001",24,43,18,25
56,"0045001A",24,373,231,142
56,"0045002",24,72,33,39
56,"0045002A",24,296,200,96
56,"0045003",24,13,2,11
56,"0045003A",24,104,67,37
56,"0045004",24,40,23,17
56,"0045004A",24,337,188,149
56,"0045005",24,52,17,35
56,"0045005A",24,446,265,181
56,"0045010",24,12,5,7
56,"0045010A",24,106,47,59
56,"0045011A",24,40,18,22
56,"0045012",24,15,3,12
56,"0045012A",24,62,38,24
56,"0045013A",24,21,18,3
56,"0045015",24,12,7,5
56,"0045015A",24,148,85,63
56,"0045016",24,29,9,20
56,"0045016A",24,107,65,42
56,"0047000A",26,67,21,46
56,"0048102A",26,10,7,3
56,"0048200",26,10,5,5
56,"0048200A",26,45,23,22
56,"0048202A",26,16,7,9
56,"0050000",24,15,8,7
56,"0050000A",24,120,74,46
56,"0050001",24,78,52,26
56,"0050001A",24,569,436,133
56,"0050002",24,56,23,33
56,"0050002A",24,467,365,102
56,"0050003",24,58,41,17
56,"0050003A",24,425,315,110
56,"0050004",24,7,4,3
56,"0050004A",24,113,90,23
56,"0050005",24,75,40,35
56,"0050005A",24,415,326,89
56,"0050006A",24,42,31,11
56,"0050007",24,53,27,26
56,"0050007A",24,374,275,99
56,"0050008",24,37,28,9
56,"0050008A",24,313,239,74
56,"0050009",24,49,19,30
56,"0050009A",24,234,132,102
56,"0050010A",24,10,6,4
56,"0050011",24,54,34,20
56,"0050011A",24,257,207,50
56,"0050014A",24,19,4,15
56,"0050015",24,44,21,23
56,"0050015A",24,264,203,61
56,"0050016",24,12,4,8
56,"0050016A",24,104,77,27
56,"0050017A",24,16,15,1
56,"0050018A",24,37,25,12
56,"0051000",26,96,48,48
56,"0051000A",26,417,278,139
56,"0051001",26,52,20,32
56,"0051001A",26,593,379,214
56,"0051002",26,67,29,38
56,"0051002A",26,386,231,155
56,"0051003",26,73,43,30
56,"0051003A",26,419,308,111
56,"0051004",26,97,50,47
56,"0051004A",26,511,353,158
56,"0051005",26,123,66,57
56,"0051005A",26,471,361,110
56,"0051006",26,68,34,34
56,"0051006A",26,417,285,132
56,"0051007",26,86,42,44
56,"0051007A",26,549,402,147
56,"0051008",26,117,64,53
56,"0051008A",26,439,316,123
56,"0051009",26,90,52,38
56,"0051009A",26,369,270,99
56,"0051011",26,79,54,25
56,"0051011A",26,298,225,73
56,"0051012",26,95,57,38
56,"0051012A",26,683,442,241
56,"0051013",26,130,87,43
56,"0051013A",26,471,302,169
56,"0051014",26,80,41,39
56,"0051014A",26,381,281,100
56,"0051015",26,105,49,56
56,"0051015A",26,739,460,279
56,"0051021A",26,26,16,10
56,"0051022",26,94,58,36
56,"0051022A",26,375,245,130
56,"0053000",26,22,10,12
56,"0053000A",26,108,75,33
56,"0053001",26,19,9,10
56,"0053001A",26,147,83,64
56,"0053002",26,43,27,16
56,"0053002A",26,312,212,100
56,"0053003",26,63,39,24
56,"0053003A",26,471,330,141
56,"0053004",26,73,39,34
56,"0053004A",26,478,360,118
56,"0053005",26,15,8,7
56,"0053005A",26,123,78,45
56,"0053006",26,62,38,24
56,"0053006A",26,416,299,117
56,"0053007",26,61,30,31
56,"0053007A",26,321,226,95
56,"0053008",26,102,57,45
56,"0053008A",26,314,236,78
56,"0053011",26,41,20,21
56,"0053011A",26,393,280,113
56,"0053012",26,75,43,32
56,"0053012A",26,449,313,136
56,"0053013",26,57,30,27
56,"0053013A",26,358,244,114
56,"0053014",26,28,9,19
56,"0053014A",26,219,157,62
56,"0053016",26,39,27,12
56,"0053016A",26,130,91,39
56,"0053017",26,28,14,14
56,"0053017A",26,205,119,86
56,"0053018",26,86,54,32
56,"0053018A",26,431,340,91
56,"0053019",26,51,26,25
56,"0053019A",26,338,229,109
56,"0053020",26,93,60,33
56,"0053020A",26,309,227,82
56,"0053021",26,35,16,19
56,"0053021A",26,200,148,52
56,"0053022",26,137,79,58
56,"0053022A",26,437,326,111
56,"0053023",26,66,36,30
56,"0053023A",26,353,247,106
56,"0053024",26,26,13,13
56,"0053024A",26,283,209,74
56,"0053025",26,52,17,35
56,"0053025A",26,275,182,93
56,"0053026",26,83,54,29
56,"0053026A",26,264,183,81
56,"0053027",26,37,21,16
56,"0053027A",26,350,249,101
56,"0053028",26,21,14,7
56,"0053028A",26,206,163,43
56,"0053029A",26,24,23,1
56,"0053030",26,94,45,49
56,"0053030A",26,512,382,130
56,"0053031",26,60,36,24
56,"0053031A",26,283,227,56
56,"0053032",26,77,55,22
56,"0053032A",26,260,189,71
56,"0053033",26,81,35,46
56,"0053033A",26,467,315,152
56,"0053034",26,73,40,33
56,"0053034A",26,363,265,98
56,"0053035",26,54,30,24
56,"0053035A",26,284,221,63
56,"0053037A",26,16,10,6
56,"0053038",26,63,32,31
56,"0053038A",26,423,296,127
56,"0053039",26,54,26,28
56,"0053039A",26,346,249,97
56,"0053040",26,79,46,33
56,"0053040A",26,369,232,137
56,"0053041",26,62,39,23
56,"0053041A",26,266,201,65
56,"0053042",26,79,53,26
56,"0053042A",26,349,261,88
56,"0053045",26,69,36,33
56,"0053045A",26,451,292,159
56,"0055000",26,95,52,43
56,"0055000A",26,394,293,101
56,"0055001",26,74,53,21
56,"0055001A",26,295,222,73
56,"0055002",26,52,37,15
56,"0055002A",26,268,217,51
56,"0055003",26,32,20,12
56,"0055003A",26,109,80,29
56,"0055004",26,86,62,24
56,"0055004A",26,284,196,88
56,"0055005",26,78,41,37
56,"0055005A",26,428,279,149
56,"0055006",26,56,28,28
56,"0055006A",26,464,355,109
56,"0055007",26,90,55,35
56,"0055007A",26,446,315,131
56,"0055008",26,70,47,23
56,"0055008A",26,250,193,57
56,"0055009",26,31,17,14
56,"0055009A",26,168,141,27
56,"0055010",26,66,32,34
56,"0055010A",26,314,222,92
56,"0055011",26,63,39,24
56,"0055011A",26,278,209,69
56,"0055012A",26,17,14,3
56,"0055013",26,68,34,34
56,"0055013A",26,289,220,69
56,"0055014",26,71,55,16
56,"0055014A",26,299,234,65
56,"0055015",26,67,29,38
56,"0055015A",26,500,297,203
56,"0055016",26,60,40,20
56,"0055016A",26,238,197,41
56,"0055018",26,93,49,44
56,"0055018A",26,346,243,103
56,"0055019",26,66,37,29
56,"0055019A",26,249,176,73
56,"0055020",26,22,17,5
56,"0055020A",26,109,86,23
56,"0055021",26,30,9,21
56,"0055021A",26,272,174,98
56,"0055022",26,101,61,40
56,"0055022A",26,424,326,98
56,"0055023",26,59,36,23
56,"0055023A",26,280,209,71
56,"0055024",26,71,47,24
56,"0055024A",26,293,234,59
56,"0055025",26,55,27,28
56,"0055025A",26,323,246,77
56,"0055026",26,81,57,24
56,"0055026A",26,273,207,66
56,"0055027",26,101,60,41
56,"0055027A",26,283,222,61
56,"0055028",26,69,43,26
56,"0055028A",26,350,284,66
56,"0055029",26,84,42,42
56,"0055029A",26,393,326,67
56,"0055030",26,41,23,18
56,"0055030A",26,142,105,37
56,"0055031",26,96,50,46
56,"0055031A",26,463,346,117
56,"0055032",26,117,57,60
56,"0055032A",26,650,460,190
56,"0055033",26,78,44,34
56,"0055033A",26,371,275,96
56,"0055034",26,74,47,27
56,"0055034A",26,338,259,79
56,"0055035",26,99,48,51
56,"0055035A",26,467,300,167
56,"0055036",26,83,40,43
56,"0055036A",26,510,339,171
56,"0055037",26,75,39,36
56,"0055037A",26,378,267,111
56,"0055038",26,55,29,26
56,"0055038A",26,297,233,64
56,"0055039",26,74,51,23
56,"0055039A",26,263,212,51
56,"0055040",26,60,47,13
56,"0055040A",26,219,165,54
56,"0055041",26,73,50,23
56,"0055041A",26,293,221,72
56,"0055042",26,71,45,26
56,"0055042A",26,280,226,54
56,"0055043",26,67,28,39
56,"0055043A",26,239,180,59
56,"0055044",26,55,35,20
56,"0055044A",26,260,227,33
56,"0055045",26,62,36,26
56,"0055045A",26,146,112,34
56,"0055046",26,107,67,40
56,"0055046A",26,284,204,80
56,"0055047",26,99,64,35
56,"0055047A",26,323,262,61
56,"0055048",26,93,49,44
56,"0055048A",26,534,394,140
56,"0055049",26,111,55,56
56,"0055049A",26,608,430,178
56,"0055050",26,104,55,49
56,"0055050A",26,453,335,118
56,"0055051",26,52,30,22
56,"0055051A",26,212,155,57
56,"0055052",26,50,26,24
56,"0055052A",26,247,176,71
56,"0055053",26,52,33,19
56,"0055053A",26,299,235,64
56,"0055054",26,73,40,33
56,"0055054A",26,421,304,117
56,"0055055",26,88,47,41
56,"0055055A",26,351,277,74
56,"0055056",26,92,50,42
56,"0055056A",26,394,293,101
56,"0055057",26,94,46,48
56,"0055057A",26,364,274,90
56,"0055058",26,80,52,28
56,"0055058A",26,340,281,59
56,"0055059",26,93,38,55
56,"0055059A",26,435,322,113
56,"0055060",26,73,31,42
56,"0055060A",26,342,227,115
56,"0055061",26,70,31,39
56,"0055061A",26,355,256,99
56,"0055062",26,47,32,15
56,"0055062A",26,233,182,51
56,"0055063",26,78,43,35
56,"0055063A",26,440,366,74
56,"0055064",26,91,68,23
56,"0055064A",26,371,292,79
56,"0055065",26,36,21,15
56,"0055065A",26,184,141,43
56,"0055066",26,69,44,25
56,"0055066A",26,245,171,74
56,"0055067",26,87,55,32
56,"0055067A",26,403,308,95
56,"0055068",26,61,40,21
56,"0055068A",26,346,263,83
56,"0055069",26,73,52,21
56,"0055069A",26,381,268,113
56,"0055071A",26,9,6,3
56,"0055072A",26,60,44,16
56,"0055074",26,123,68,55
56,"0055074A",26,489,320,169
56,"0055075",26,99,27,72
56,"0055075A",26,486,304,182
56,"0055076",26,47,14,33
56,"0055076A",26,466,300,166
56,"0055077",26,100,37,63
56,"0055077A",26,670,400,270
56,"0055078",26,52,17,35
56,"0055078A",26,503,217,286
56,"0055079",26,58,19,39
56,"0055079A",26,522,297,225
56,"0055085A",26,19,17,2
56,"0055087",26,91,50,41
56,"0055087A",26,392,241,151
56,"0055088",26,96,57,39
56,"0055088A",26,572,384,188
56,"0055089",26,43,32,11
56,"0055089A",26,264,195,69
56,"0055090",26,92,56,36
56,"0055090A",26,323,240,83
56,"0055092",26,45,20,25
56,"0055092A",26,245,169,76
56,"0055093A",26,13,10,3
56,"0055094A",26,26,24,2
56,"0055097",26,85,55,30
56,"0055097A",26,490,371,119
56,"0055098",26,71,44,27
56,"0055098A",26,407,274,133
56,"0055099",26,77,45,32
56,"0055099A",26,330,246,84
56,"0055100",26,67,43,24
56,"0055100A",26,219,179,40
56,"0056000A",26,34,12,22
56,"0058000",26,154,78,76
56,"0058000A",26,570,395,175
56,"0060200",26,92,37,55
56,"0060200A",26,155,88,67
56,"0060201",26,111,62,49
56,"0060201A",26,330,212,118
56,"0060202",26,64,29,35
56,"0060202A",26,240,163,77
56,"0060203",26,106,57,49
56,"0060203A",26,389,254,135
56,"0060204",26,59,33,26
56,"0060204A",26,327,235,92
56,"0060206",26,116,68,48
56,"0060206A",26,497,331,166
56,"0060207",26,120,70,50
56,"0060207A",26,455,325,130
56,"0060208",26,60,30,30
56,"0060208A",26,443,303,140
56,"0060209",26,33,13,20
56,"0060209A",26,210,129,81
56,"0060210",26,66,25,41
56,"0060210A",26,437,301,136
56,"0060211",26,39,13,26
56,"0060211A",26,516,357,159
56,"0060212",26,86,49,37
56,"0060212A",26,273,209,64
56,"0060213",26,33,17,16
56,"0060213A",26,389,248,141
56,"0060214",26,40,14,26
56,"0060214A",26,334,195,139
56,"0060215",26,101,72,29
56,"0060215A",26,261,195,66
56,"0060216",26,79,34,45
56,"0060216A",26,434,297,137
56,"0060217",26,52,23,29
56,"0060217A",26,222,156,66
56,"0064001",24,26,11,15
56,"0064001A",24,335,170,165
56,"0064003A",24,19,12,7
56,"0064005A",24,16,13,3
56,"0064008A",24,34,19,15
56,"0066100A",26,17,9,8
56,"0066103",26,24,12,12
56,"0066103A",26,158,87,71
56,"0068000",24,8,1,7
56,"0068000A",24,103,67,36
56,"0068001A",24,19,7,12
56,"0068003A",24,21,11,10
56,"0070001A",26,23,14,9
56,"0070004A",26,15,6,9
56,"0070006A",26,26,15,11
56,"0072000",26,38,14,24
56,"0072000A",26,274,154,120
56,"0072001",26,78,30,48
56,"0072001A",26,524,276,248
56,"0072002",26,30,3,27
56,"0072002A",26,327,197,130
56,"0072003",26,74,23,51
56,"0072003A",26,435,270,165
56,"0072004",26,66,35,31
56,"0072004A",26,368,248,120
56,"0072005",26,66,39,27
56,"0072005A",26,298,216,82
56,"0072006",26,103,52,51
56,"0072006A",26,430,311,119
56,"0072007",26,99,63,36
56,"0072007A",26,326,239,87
56,"0072008",26,66,44,22
56,"0072008A",26,322,231,91
56,"0072010",26,92,40,52
56,"0072010A",26,636,411,225
56,"0072011",26,110,52,58
56,"0072011A",26,502,341,161
56,"0072012",26,22,6,16
56,"0072012A",26,219,145,74
56,"0072013",26,49,24,25
56,"0072013A",26,290,169,121
56,"0072014",26,90,60,30
56,"0072014A",26,335,237,98
56,"0072015",26,73,31,42
56,"0072015A",26,380,251,129
56,"0072016",26,20,10,10
56,"0072016A",26,100,77,23
56,"0072017A",26,43,15,28
56,"0072018A",26,26,12,14
56,"0072019",26,144,64,80
56,"0072019A",26,609,403,206
56,"0072020",26,61,28,33
56,"0072020A",26,288,172,116
56,"0072022",26,54,29,25
56,"0072022A",26,244,173,71
56,"0072023",26,74,41,33
56,"0072023A",26,229,184,45
56,"0072024",26,32,20,12
56,"0072024A",26,98,73,25
56,"0072025A",26,30,24,6
56,"0072026",26,13,7,6
56,"0072026A",26,78,50,28
56,"0072028A",26,112,69,43
56,"0072029",26,22,13,9
56,"0072029A",26,61,49,12
56,"0072030A",26,20,14,6
56,"0072031",26,23,11,12
56,"0072031A",26,186,125,61
56,"0072033",26,68,42,26
56,"0072033A",26,268,203,65
56,"0072034",26,19,9,10
56,"0072034A",26,84,52,32
56,"0072035",26,15,11,4
56,"0072035A",26,45,26,19
56,"0072036",26,25,14,11
56,"0072036A",26,116,75,41
56,"0072037",26,29,15,14
56,"0072037A",26,94,60,34
56,"0074000",26,59,11,48
56,"0074000A",26,286,91,195
56,"0074001",26,64,15,49
56,"0074001A",26,548,238,310
56,"0074002",26,82,23,59
56,"0074002A",26,517,227,290
56,"0074005",26,65,19,46
56,"0074005A",26,469,204,265
56,"0074200A",26,60,12,48
56,"0078001",26,61,33,28
56,"0078001A",26,177,120,57
56,"0078100A",26,11,5,6
56,"0079000",26,61,15,46
56,"0079000A",26,277,150,127
56,"0081000",26,93,16,77
56,"0081000A",26,607,224,383
56,"0081001",26,57,9,48
56,"0081001A",26,370,151,219
56,"0081002A",26,50,29,21
56,"0081006A",26,26,14,12
56,"0081013A",26,21,5,16
56,"0082000",26,102,39,63
56,"0082000A",26,483,279,204
56,"0082001",26,115,43,72
56,"0082001A",26,479,295,184
56,"0084001",26,194,61,133
56,"0084001A",26,666,345,321
56,"0084002",26,218,85,133
56,"0084002A",26,675,361,314
56,"0084003",26,154,43,111
56,"0084003A",26,380,217,163
56,"0084004",26,141,55,86
56,"0084004A",26,493,244,249
56,"0084005",26,84,28,56
56,"0084005A",26,319,189,130
56,"0084006",26,109,27,82
56,"0084006A",26,472,234,238
56,"0084007",26,112,33,79
56,"0084007A",26,615,297,318
56,"0084008",26,125,48,77
56,"0084008A",26,435,208,227
56,"0084009",26,197,71,126
56,"0084009A",26,644,340,304
56,"0084010",26,107,37,70
56,"0084010A",26,569,288,281
56,"0084011",26,113,41,72
56,"0084011A",26,658,305,353
56,"0084012",26,128,36,92
56,"0084012A",26,504,266,238
56,"0084013",26,154,60,94
56,"0084013A",26,493,299,194
56,"0084014",26,110,41,69
56,"0084014A",26,375,202,173
56,"0084015",26,59,19,40
56,"0084015A",26,187,95,92
56,"0084016",26,116,32,84
56,"0084016A",26,488,251,237
56,"0084017",26,69,24,45
56,"0084017A",26,297,166,131
56,"0084018",26,117,25,92
56,"0084018A",26,481,207,274
56,"0084019",26,61,21,40
56,"0084019A",26,254,126,128
56,"0084020",26,75,14,61
56,"0084020A",26,388,182,206
56,"0084021",26,92,20,72
56,"0084021A",26,476,262,214
56,"0084022",26,139,52,87
56,"0084022A",26,447,244,203
56,"0084023",26,36,7,29
56,"0084023A",26,330,119,211
56,"0084024",26,103,25,78
56,"0084024A",26,444,204,240
56,"0084025",26,97,27,70
56,"0084025A",26,359,213,146
56,"0084026",26,112,35,77
56,"0084026A",26,494,254,240
56,"0084027",26,128,56,72
56,"0084027A",26,549,278,271
56,"0084028",26,111,36,75
56,"0084028A",26,236,156,80
56,"0084029",26,118,29,89
56,"0084029A",26,529,273,256
56,"0084030",26,90,23,67
56,"0084030A",26,504,263,241
56,"0084031",26,110,42,68
56,"0084031A",26,543,327,216
56,"0084032",26,51,22,29
56,"0084032A",26,293,146,147
56,"0084033",26,125,39,86
56,"0084033A",26,473,219,254
56,"0084034",26,82,15,67
56,"0084034A",26,448,223,225
56,"0084035",26,58,13,45
56,"0084035A",26,333,151,182
56,"0084036",26,96,29,67
56,"0084036A",26,386,164,222
56,"0084037",26,156,52,104
56,"0084037A",26,626,314,312
56,"0084038",26,82,25,57
56,"0084038A",26,419,186,233
56,"0084039",26,79,12,67
56,"0084039A",26,334,137,197
56,"0084040",26,90,17,73
56,"0084040A",26,382,188,194
56,"0084041",26,107,36,71
56,"0084041A",26,488,252,236
56,"0084042",26,93,33,60
56,"0084042A",26,483,294,189
56,"0084043",26,92,27,65
56,"0084043A",26,456,201,255
56,"0084044",26,111,33,78
56,"0084044A",26,417,217,200
56,"0084045",26,128,36,92
56,"0084045A",26,471,271,200
56,"0084046",26,80,24,56
56,"0084046A",26,559,263,296
56,"0084047",26,85,28,57
56,"0084047A",26,507,265,242
56,"0084048",26,74,10,64
56,"0084048A",26,451,162,289
56,"0084049",26,114,17,97
56,"0084049A",26,464,172,292
56,"0084050",26,103,33,70
56,"0084050A",26,488,234,254
56,"0084051",26,113,19,94
56,"0084051A",26,529,264,265
56,"0084052",26,113,25,88
56,"0084052A",26,389,185,204
56,"0084053",26,107,40,67
56,"0084053A",26,436,235,201
56,"0084054",26,126,32,94
56,"0084054A",26,589,267,322
56,"0084055",26,84,18,66
56,"0084055A",26,541,278,263
56,"0084056",26,91,31,60
56,"0084056A",26,558,260,298
56,"0084058",26,153,39,114
56,"0084058A",26,576,268,308
56,"0084059",26,152,40,112
56,"0084059A",26,569,280,289
56,"0084060",26,99,34,65
56,"0084060A",26,447,245,202
56,"0084061",26,85,30,55
56,"0084061A",26,299,140,159
56,"0084062",26,104,40,64
56,"0084062A",26,535,306,229
56,"0084063",26,139,43,96
56,"0084063A",26,563,311,252
56,"0084064",26,90,21,69
56,"0084064A",26,670,345,325
56,"0084065",26,136,47,89
56,"0084065A",26,606,340,266
56,"0084066",26,157,54,103
56,"0084066A",26,556,277,279
56,"0084067",26,115,33,82
56,"0084067A",26,554,308,246
56,"0084068",26,112,40,72
56,"0084068A",26,604,317,287
56,"0084069",26,119,37,82
56,"0084069A",26,535,264,271
56,"0084070",26,88,28,60
56,"0084070A",26,540,279,261
56,"0084071",26,15,3,12
56,"0084071A",26,179,114,65
56,"0084072",26,94,20,74
56,"0084072A",26,489,204,285
56,"0084073",26,87,22,65
56,"0084073A",26,536,210,326
56,"0084074",26,74,20,54
56,"0084074A",26,484,244,240
56,"0084075",26,85,18,67
56,"0084075A",26,462,238,224
56,"0084076",26,144,47,97
56,"0084076A",26,454,213,241
56,"0084077",26,71,11,60
56,"0084077A",26,345,164,181
56,"0084078",26,66,24,42
56,"0084078A",26,295,180,115
56,"0084079",26,74,26,48
56,"0084079A",26,299,155,144
56,"0084080",26,158,44,114
56,"0084080A",26,613,301,312
56,"0084081",26,102,28,74
56,"0084081A",26,518,280,238
56,"0084082",26,97,18,79
56,"0084082A",26,587,275,312
56,"0084083",26,88,22,66
56,"0084083A",26,523,240,283
56,"0084084",26,76,18,58
56,"0084084A",26,482,167,315
56,"0084085",26,144,59,85
56,"0084085A",26,590,330,260
56,"0084086",26,128,30,98
56,"0084086A",26,452,213,239
56,"0084087",26,17,3,14
56,"0084087A",26,171,64,107
56,"0084088",26,95,22,73
56,"0084088A",26,407,208,199
56,"0084089",26,116,42,74
56,"0084089A",26,501,269,232
56,"0084091",26,62,23,39
56,"0084091A",26,160,90,70
56,"0084092",26,107,43,64
56,"0084092A",26,362,195,167
56,"0084093",26,87,19,68
56,"0084093A",26,616,245,371
56,"0084094",26,65,24,41
56,"0084094A",26,463,224,239
56,"0084095",26,72,24,48
56,"0084095A",26,365,173,192
56,"0084096",26,93,31,62
56,"0084096A",26,603,275,328
56,"0084097",26,93,17,76
56,"0084097A",26,604,282,322
56,"0084098",26,73,21,52
56,"0084098A",26,398,213,185
56,"0084099",26,127,46,81
56,"0084099A",26,542,287,255
56,"0084100",26,50,13,37
56,"0084100A",26,258,125,133
56,"0084101",26,156,62,94
56,"0084101A",26,542,310,232
56,"0084102",26,62,18,44
56,"0084102A",26,412,198,214
56,"0084103",26,107,41,66
56,"0084103A",26,246,150,96
56,"0084104",26,94,30,64
56,"0084104A",26,400,214,186
56,"0084105",26,102,44,58
56,"0084105A",26,535,270,265
56,"0084106",26,116,37,79
56,"0084106A",26,376,196,180
56,"0084107",26,90,19,71
56,"0084107A",26,523,241,282
56,"0084108",26,100,32,68
56,"0084108A",26,384,188,196
56,"0084109",26,111,28,83
56,"0084109A",26,426,179,247
56,"0084110",26,117,28,89
56,"0084110A",26,524,228,296
56,"0084111",26,64,23,41
56,"0084111A",26,309,166,143
56,"0084112",26,55,9,46
56,"0084112A",26,339,162,177
56,"0084113",26,78,29,49
56,"0084113A",26,387,192,195
56,"0084114",26,18,13,5
56,"0084114A",26,89,40,49
56,"0084115",26,16,6,10
56,"0084115A",26,111,62,49
56,"0084116",26,56,16,40
56,"0084116A",26,221,112,109
56,"0084117",26,37,10,27
56,"0084117A",26,161,78,83
56,"0084118",26,69,30,39
56,"0084118A",26,182,105,77
56,"0084119A",26,40,5,35
56,"0084121A",26,34,7,27
56,"0084122",26,41,8,33
56,"0084122A",26,82,55,27
56,"0085000",26,59,12,47
56,"0085000A",26,282,100,182
56,"0085003A",26,17,6,11
56,"0086000",26,39,8,31
56,"0086000A",26,155,62,93
56,"0086001A",26,36,19,17
56,"0086002",26,10,1,9
56,"0086002A",26,50,17,33
56,"0086003",26,49,9,40
56,"0086003A",26,320,170,150
56,"0086004A",26,79,33,46
56,"0086005A",26,58,22,36
56,"0086009A",26,113,41,72
56,"0086010",26,13,1,12
56,"0086010A",26,93,36,57
56,"0086013",26,28,11,17
56,"0086013A",26,208,109,99
56,"0086015",26,13,6,7
56,"0086015A",26,40,23,17
56,"0086016A",26,15,9,6
56,"0086017A",26,69,40,29
56,"0086101A",26,13,4,9
56,"0086200A",26,38,16,22
56,"0086201A",26,39,11,28
56,"0090000A",26,51,17,34
56,"0090004",26,24,4,20
56,"0090004A",26,186,100,86
56,"0090005A",26,17,7,10
56,"0090006A",26,24,17,7
56,"0090007",26,24,3,21
56,"0090007A",26,87,24,63
56,"0090008A",26,35,15,20
56,"0091000",26,10,5,5
56,"0091000A",26,29,17,12
56,"0091001A",26,78,36,42
56,"0092000",26,64,34,30
56,"0092000A",26,298,225,73
56,"0092001",26,140,74,66
56,"0092001A",26,546,353,193
56,"0092002",26,13,4,9
56,"0092002A",26,133,70,63
56,"0092003",26,56,26,30
56,"0092003A",26,322,232,90
56,"0092004",26,120,62,58
56,"0092004A",26,516,343,173
56,"0092005",26,73,17,56
56,"0092005A",26,397,208,189
56,"0092006",26,41,13,28
56,"0092006A",26,344,200,144
56,"0092007",26,89,24,65
56,"0092007A",26,608,327,281
56,"0092008",26,132,52,80
56,"0092008A",26,635,349,286
56,"0092009",26,111,31,80
56,"0092009A",26,678,392,286
56,"0092010",26,72,26,46
56,"0092010A",26,399,226,173
56,"0092011",26,73,22,51
56,"0092011A",26,383,228,155
56,"0092012",26,81,23,58
56,"0092012A",26,576,299,277
56,"0092013",26,73,23,50
56,"0092013A",26,425,201,224
56,"0092014",26,49,13,36
56,"0092014A",26,379,194,185
56,"0092015",26,70,25,45
56,"0092015A",26,504,264,240
56,"0092016",26,91,30,61
56,"0092016A",26,477,287,190
56,"0092017",26,136,57,79
56,"0092017A",26,480,307,173
56,"0092018",26,75,21,54
56,"0092018A",26,641,386,255
56,"0092020",26,113,35,78
56,"0092020A",26,687,358,329
56,"0092021",26,100,39,61
56,"0092021A",26,768,448,320
56,"0092022",26,91,27,64
56,"0092022A",26,603,302,301
56,"0092023",26,91,27,64
56,"0092023A",26,581,319,262
56,"0092024",26,72,25,47
56,"0092024A",26,461,270,191
56,"0092025",26,66,35,31
56,"0092025A",26,547,284,263
56,"0092027",26,81,31,50
56,"0092027A",26,554,304,250
56,"0092028",26,84,27,57
56,"0092028A",26,277,145,132
56,"0092029",26,62,22,40
56,"0092029A",26,424,243,181
56,"0092030",26,45,17,28
56,"0092030A",26,358,219,139
56,"0092031",26,100,43,57
56,"0092031A",26,274,178,96
56,"0092032",26,100,71,29
56,"0092032A",26,210,156,54
56,"0092033",26,82,33,49
56,"0092033A",26,394,213,181
56,"0092034",26,51,17,34
56,"0092034A",26,385,217,168
56,"0092035",26,104,34,70
56,"0092035A",26,443,226,217
56,"0092036A",26,44,28,16
56,"0092037",26,216,104,112
56,"0092037A",26,610,356,254
56,"0092038",26,120,61,59
56,"0092038A",26,593,395,198
56,"0092039",26,70,31,39
56,"0092039A",26,647,383,264
56,"0092040",26,111,36,75
56,"0092040A",26,685,429,256
56,"0092041",26,111,34,77
56,"0092041A",26,598,352,246
56,"0092042",26,100,33,67
56,"0092042A",26,585,356,229
56,"0092043",26,92,36,56
56,"0092043A",26,550,356,194
56,"0092044",26,55,23,32
56,"0092044A",26,544,301,243
56,"0092045",26,60,15,45
56,"0092045A",26,512,287,225
56,"0092046",26,44,18,26
56,"0092046A",26,318,191,127
56,"0092048",26,124,44,80
56,"0092048A",26,748,404,344
56,"0092049",26,30,13,17
56,"0092049A",26,182,110,72
56,"0092050",26,83,30,53
56,"0092050A",26,676,341,335
56,"0092051",26,115,47,68
56,"0092051A",26,763,409,354
56,"0092052",26,58,17,41
56,"0092052A",26,394,235,159
56,"0092053",26,94,40,54
56,"0092053A",26,350,245,105
56,"0092054",26,60,17,43
56,"0092054A",26,560,300,260
56,"0092055",26,89,27,62
56,"0092055A",26,508,309,199
56,"0092056",26,59,17,42
56,"0092056A",26,408,246,162
56,"0092057",26,74,23,51
56,"0092057A",26,503,286,217
56,"0092058",26,114,47,67
56,"0092058A",26,618,372,246
56,"0092059",26,97,34,63
56,"0092059A",26,681,402,279
56,"0092060",26,47,19,28
56,"0092060A",26,307,194,113
56,"0092061",26,95,42,53
56,"0092061A",26,820,536,284
56,"0092062",26,121,44,77
56,"0092062A",26,696,421,275
56,"0092063",26,74,20,54
56,"0092063A",26,577,334,243
56,"0092064",26,68,23,45
56,"0092064A",26,382,238,144
56,"0092065",26,61,20,41
56,"0092065A",26,441,240,201
56,"0092066",26,86,51,35
56,"0092066A",26,328,224,104
56,"0092067",26,113,49,64
56,"0092067A",26,610,398,212
56,"0092068",26,97,28,69
56,"0092068A",26,586,299,287
56,"0092069",26,82,25,57
56,"0092069A",26,594,336,258
56,"0092070",26,97,31,66
56,"0092070A",26,542,288,254
56,"0092071",26,100,43,57
56,"0092071A",26,579,331,248
56,"0092072",26,86,33,53
56,"0092072A",26,600,326,274
56,"0092073",26,115,39,76
56,"0092073A",26,681,406,275
56,"0092074",26,103,42,61
56,"0092074A",26,642,420,222
56,"0092075",26,90,22,68
56,"0092075A",26,507,280,227
56,"0092076",26,58,19,39
56,"0092076A",26,511,343,168
56,"0092077",26,9,6,3
56,"0092077A",26,70,35,35
56,"0092078",26,137,53,84
56,"0092078A",26,684,408,276
56,"0092079",26,112,46,66
56,"0092079A",26,384,278,106
56,"0092080",26,77,27,50
56,"0092080A",26,437,285,152
56,"0092081",26,57,16,41
56,"0092081A",26,494,292,202
56,"0092082",26,70,25,45
56,"0092082A",26,600,373,227
56,"0092083",26,66,17,49
56,"0092083A",26,345,159,186
56,"0092084",26,42,11,31
56,"0092084A",26,299,130,169
56,"0092085",26,75,20,55
56,"0092085A",26,651,347,304
56,"0092086",26,43,13,30
56,"0092086A",26,347,203,144
56,"0092087",26,43,6,37
56,"0092087A",26,392,194,198
56,"0092088",26,142,41,101
56,"0092088A",26,767,440,327
56,"0092089",26,122,41,81
56,"0092089A",26,691,372,319
56,"0092090",26,126,39,87
56,"0092090A",26,481,287,194
56,"0092091",26,102,22,80
56,"0092091A",26,566,317,249
56,"0092092",26,100,26,74
56,"0092092A",26,523,302,221
56,"0092093",26,86,33,53
56,"0092093A",26,491,286,205
56,"0092094",26,59,28,31
56,"0092094A",26,438,253,185
56,"0092095",26,111,31,80
56,"0092095A",26,529,263,266
56,"0092096",26,60,17,43
56,"0092096A",26,458,273,185
56,"0092097",26,82,36,46
56,"0092097A",26,572,343,229
56,"0092098",26,66,21,45
56,"0092098A",26,467,265,202
56,"0092099",26,88,28,60
56,"0092099A",26,439,274,165
56,"0092100",26,87,42,45
56,"0092100A",26,633,389,244
56,"0092101",26,64,21,43
56,"0092101A",26,473,237,236
56,"0092102",26,96,18,78
56,"0092102A",26,515,220,295
56,"0092103",26,84,25,59
56,"0092103A",26,639,409,230
56,"0092104",26,77,31,46
56,"0092104A",26,595,360,235
56,"0092105A",26,14,8,6
56,"0092106",26,89,26,63
56,"0092106A",26,520,318,202
56,"0092107",26,119,47,72
56,"0092107A",26,574,331,243
56,"0092108A",26,77,23,54
56,"0092110",26,79,37,42
56,"0092110A",26,490,314,176
56,"0092111",26,45,19,26
56,"0092111A",26,339,198,141
56,"0092112",26,47,18,29
56,"0092112A",26,388,220,168
56,"0092113",26,49,23,26
56,"0092113A",26,428,237,191
56,"0092114",26,130,24,106
56,"0092114A",26,569,268,301
56,"0092115",26,59,13,46
56,"0092115A",26,314,170,144
56,"0092116",26,135,41,94
56,"0092116A",26,523,266,257
56,"0092117",26,62,30,32
56,"0092117A",26,268,181,87
56,"0092118",26,47,12,35
56,"0092118A",26,383,179,204
56,"0092119",26,18,6,12
56,"0092119A",26,186,125,61
56,"0092120",26,96,47,49
56,"0092120A",26,477,308,169
56,"0092121",26,126,58,68
56,"0092121A",26,463,291,172
56,"0092122",26,101,32,69
56,"0092122A",26,538,283,255
56,"0092123",26,69,33,36
56,"0092123A",26,425,240,185
56,"0092124",26,110,44,66
56,"0092124A",26,425,257,168
56,"0092126",26,39,16,23
56,"0092126A",26,212,106,106
56,"0092127",26,60,15,45
56,"0092127A",26,378,215,163
56,"0092128A",26,54,32,22
56,"0094001A",24,67,49,18
56,"0094002",24,26,10,16
56,"0094002A",24,248,165,83
56,"0094003",24,45,19,26
56,"0094003A",24,260,158,102
56,"0094007A",24,47,24,23
56,"0094008A",24,150,72,78
56,"0094009",24,55,26,29
56,"0094009A",24,312,199,113
56,"0094010",24,18,8,10
56,"0094010A",24,147,97,50
56,"0094012A",24,24,11,13
56,"0094014",24,52,24,28
56,"0094014A",24,248,135,113
56,"0094016A",24,15,3,12
56,"0094026",24,46,21,25
56,"0094026A",24,478,304,174
56,"0094028A",24,21,14,7
56,"0094030",24,32,5,27
56,"0094030A",24,171,91,80
56,"0094032A",24,27,15,12
56,"0094035",24,17,6,11
56,"0094035A",24,113,81,32
56,"0094039A",24,8,5,3
56,"0094040",24,11,7,4
56,"0094040A",24,139,104,35
56,"0094041",24,44,16,28
56,"0094041A",24,303,176,127
56,"0095000",26,94,33,61
56,"0095000A",26,603,356,247
56,"0095001",26,57,19,38
56,"0095001A",26,373,175,198
56,"0095005",26,37,12,25
56,"0095005A",26,347,187,160
56,"0095006",26,51,19,32
56,"0095006A",26,453,279,174
56,"0095007",26,91,31,60
56,"0095007A",26,402,185,217
56,"0095008",26,74,23,51
56,"0095008A",26,411,205,206
56,"0095009",26,111,47,64
56,"0095009A",26,566,310,256
56,"0095010A",26,13,6,7
56,"0095012A",26,12,5,7
56,"0096000",26,66,33,33
56,"0096000A",26,385,212,173
56,"0096001",26,10,5,5
56,"0096001A",26,141,85,56
56,"0097000",24,67,32,35
56,"0097000A",24,513,344,169
56,"0097001",24,28,17,11
56,"0097001A",24,89,64,25
56,"0097002",24,110,42,68
56,"0097002A",24,656,456,200
56,"0097003",24,95,52,43
56,"0097003A",24,379,249,130
56,"0097004",24,55,23,32
56,"0097004A",24,469,300,169
56,"0097005",24,62,29,33
56,"0097005A",24,590,428,162
56,"0097006",24,65,27,38
56,"0097006A",24,354,224,130
56,"0097007",24,57,24,33
56,"0097007A",24,370,259,111
56,"0097008",24,90,38,52
56,"0097008A",24,517,378,139
56,"0097009",24,81,36,45
56,"0097009A",24,472,327,145
56,"0097010",24,71,34,37
56,"0097010A",24,309,223,86
56,"0097011",24,93,51,42
56,"0097011A",24,446,349,97
56,"0097012",24,74,33,41
56,"0097012A",24,404,267,137
56,"0097013",24,51,25,26
56,"0097013A",24,285,194,91
56,"0097014",24,94,40,54
56,"0097014A",24,584,389,195
56,"0097015",24,62,26,36
56,"0097015A",24,562,364,198
56,"0097017",24,42,15,27
56,"0097017A",24,583,373,210
56,"0097018",24,53,28,25
56,"0097018A",24,456,283,173
56,"0097019",24,41,18,23
56,"0097019A",24,396,269,127
56,"0097020",24,69,33,36
56,"0097020A",24,539,350,189
56,"0097021",24,76,38,38
56,"0097021A",24,367,221,146
56,"0097022",24,90,32,58
56,"0097022A",24,671,410,261
56,"0097023",24,86,40,46
56,"0097023A",24,693,482,211
56,"0097024",24,71,26,45
56,"0097024A",24,575,373,202
56,"0097025",24,49,17,32
56,"0097025A",24,447,300,147
56,"0097026",24,23,8,15
56,"0097026A",24,244,163,81
56,"0097027",24,39,16,23
56,"0097027A",24,282,159,123
56,"0097028",24,79,16,63
56,"0097028A",24,558,341,217
56,"0097029",24,49,22,27
56,"0097029A",24,587,358,229
56,"0097030",24,48,10,38
56,"0097030A",24,400,219,181
56,"0097031",24,50,29,21
56,"0097031A",24,195,137,58
56,"0097032",24,83,28,55
56,"0097032A",24,548,298,250
56,"0097033",24,63,27,36
56,"0097033A",24,365,174,191
56,"0097034",24,30,13,17
56,"0097034A",24,347,192,155
56,"0097035",24,75,28,47
56,"0097035A",24,614,354,260
56,"0097036",24,71,34,37
56,"0097036A",24,200,154,46
56,"0097037",24,67,24,43
56,"0097037A",24,488,327,161
56,"0097038",24,126,63,63
56,"0097038A",24,614,386,228
56,"0097039",26,43,10,33
56,"0097039A",26,394,238,156
56,"0097040",26,37,19,18
56,"0097040A",26,347,212,135
56,"0097041",24,58,35,23
56,"0097041A",24,438,296,142
56,"0097042",24,69,44,25
56,"0097042A",24,276,207,69
56,"0097043",24,75,33,42
56,"0097043A",24,594,417,177
56,"0097044",24,70,26,44
56,"0097044A",24,393,234,159
56,"0097045",24,69,42,27
56,"0097045A",24,475,360,115
56,"0097046",24,58,30,28
56,"0097046A",24,620,398,222
56,"0097047",24,124,63,61
56,"0097047A",24,461,279,182
56,"0097048",24,47,27,20
56,"0097048A",24,483,277,206
56,"0097049",24,43,11,32
56,"0097049A",24,345,219,126
56,"0097050",24,47,15,32
56,"0097050A",24,484,307,177
56,"0097051",24,114,53,61
56,"0097051A",24,558,368,190
56,"0097052",24,58,31,27
56,"0097052A",24,402,232,170
56,"0097053",24,50,12,38
56,"0097053A",24,488,280,208
56,"0097054",24,86,35,51
56,"0097054A",24,455,255,200
56,"0097055",24,61,23,38
56,"0097055A",24,367,281,86
56,"0097056",24,88,39,49
56,"0097056A",24,434,331,103
56,"0097057",24,59,30,29
56,"0097057A",24,457,318,139
56,"0097058",24,64,27,37
56,"0097058A",24,474,345,129
56,"0097059",24,31,21,10
56,"0097059A",24,250,177,73
56,"0097060",24,80,29,51
56,"0097060A",24,471,300,171
56,"0097061",24,56,25,31
56,"0097061A",24,453,268,185
56,"0097062",24,94,37,57
56,"0097062A",24,554,321,233
56,"0097063",24,63,21,42
56,"0097063A",24,596,374,222
56,"0097064",24,102,45,57
56,"0097064A",24,541,359,182
56,"0097065",24,101,50,51
56,"0097065A",24,321,218,103
56,"0097066",24,53,21,32
56,"0097066A",24,521,296,225
56,"0097069",24,135,80,55
56,"0097069A",24,598,452,146
56,"0097070",24,139,63,76
56,"0097070A",24,620,461,159
56,"0097071A",24,57,44,13
56,"0097072",24,49,20,29
56,"0097072A",24,456,305,151
56,"0097073",24,48,25,23
56,"0097073A",24,540,398,142
56,"0097074",24,153,106,47
56,"0097074A",24,383,314,69
56,"0097075",24,101,59,42
56,"0097075A",24,327,248,79
56,"0097076",24,116,70,46
56,"0097076A",24,444,346,98
56,"0097077",26,97,46,51
56,"0097077A",26,580,388,192
56,"0097078",24,62,41,21
56,"0097078A",24,332,239,93
56,"0097079",24,92,43,49
56,"0097079A",24,613,382,231
56,"0097080",24,59,13,46
56,"0097080A",24,444,283,161
56,"0097082",24,36,14,22
56,"0097082A",24,122,57,65
56,"0097083",24,100,42,58
56,"0097083A",24,761,484,277
56,"0097084",24,129,44,85
56,"0097084A",24,676,378,298
56,"0097085",24,103,46,57
56,"0097085A",24,557,345,212
56,"0097086",24,69,32,37
56,"0097086A",24,370,231,139
56,"0097087",24,24,12,12
56,"0097087A",24,344,212,132
56,"0097089",24,30,12,18
56,"0097089A",24,305,165,140
56,"0097090",24,56,27,29
56,"0097090A",24,495,358,137
56,"0097091",24,42,14,28
56,"0097091A",24,241,178,63
56,"0097092",24,40,11,29
56,"0097092A",24,335,241,94
56,"0097093",24,73,38,35
56,"0097093A",24,388,285,103
56,"0097094",24,82,41,41
56,"0097094A",24,331,237,94
56,"0097095",24,41,11,30
56,"0097095A",24,338,195,143
56,"0097096",24,43,14,29
56,"0097096A",24,511,288,223
56,"0097097",24,19,5,14
56,"0097097A",24,217,119,98
56,"0097098",24,53,19,34
56,"0097098A",24,638,366,272
56,"0097099",24,37,19,18
56,"0097099A",24,528,374,154
56,"0097100",24,109,60,49
56,"0097100A",24,347,263,84
56,"0097101",24,33,15,18
56,"0097101A",24,276,171,105
56,"0097102",24,120,52,68
56,"0097102A",24,451,309,142
56,"0097103A",24,17,12,5
56,"0097104",24,94,52,42
56,"0097104A",24,441,313,128
56,"0097105",24,50,21,29
56,"0097105A",24,407,231,176
56,"0097106",24,69,24,45
56,"0097106A",24,567,366,201
56,"0097107A",24,35,27,8
56,"0097108",24,85,37,48
56,"0097108A",24,688,461,227
56,"0097109",24,93,45,48
56,"0097109A",24,445,297,148
56,"0097110",24,28,10,18
56,"0097110A",24,258,167,91
56,"0097111",24,45,17,28
56,"0097111A",24,524,275,249
56,"0097112",24,56,25,31
56,"0097112A",24,447,301,146
56,"0097113",24,64,29,35
56,"0097113A",24,368,223,145
56,"0097114",24,51,13,38
56,"0097114A",24,441,277,164
56,"0099000",26,24,8,16
56,"0099000A",26,202,124,78
56,"CNTYTOT",0,376381,215451,160930
56,"AD38_TOT",0,185900,117137,68763
56,"AD42_TOT",0,189329,97708,91621
56,"AD46_TOT",0,1152,606,546
56,"CD24_TOT",0,68518,43081,25437
56,"CD26_TOT",0,306711,171764,134947
56,"CD32_TOT",0,1152,606,546
56,"SD21_TOT",0,206166,128404,77762
56,"SD27_TOT",0,170215,87047,83168
56,"BE02_TOT",0,376381,215451,160930
56,"SOV_CD24",0,68518,43081,25437
56,"SOV_CD26",0,306711,171764,134947
56,"SOV_CD32",0,1152,606,546
57,"12001",7,122,65,57
57,"12001A",7,390,241,149
57,"12002",7,510,307,203
57,"12002A",7,2047,1458,589
57,"12003",7,352,172,180
57,"12003A",7,2614,1776,838
57,"12004",7,87,32,55
57,"12004A",7,534,343,191
57,"12005",7,44,16,28
57,"12005A",7,321,201,120
57,"12006",7,168,63,105
57,"12006A",7,1620,1017,603
57,"12007",7,275,127,148
57,"12007A",7,2063,1396,667
57,"12008",7,90,38,52
57,"12008A",7,667,415,252
57,"12009",7,282,117,165
57,"12009A",7,1803,1213,590
57,"12010",7,317,129,188
57,"12010A",7,2966,1821,1145
57,"12012",7,19,12,7
57,"12012A",7,69,58,11
57,"12013",7,807,412,395
57,"12013A",7,3422,2303,1119
57,"12014",4,48,17,31
57,"12014A",4,451,218,233
57,"12015A",4,14,9,5
57,"12017",7,7,2,5
57,"12017A",7,80,25,55
57,"12019A",4,7,2,5
57,"12020",4,389,323,66
57,"12020A",4,1919,1727,192
57,"12021",4,396,318,78
57,"12021A",4,2118,1881,237
57,"12022",4,142,119,23
57,"12022A",4,225,199,26
57,"12023",4,717,555,162
57,"12023A",4,4306,3529,777
57,"12024",4,360,290,70
57,"12024A",4,2033,1784,249
57,"12025",4,1014,861,153
57,"12025A",4,5114,4301,813
57,"12026",4,356,272,84
57,"12026A",4,3167,2555,612
57,"12027",4,562,243,319
57,"12027A",4,2939,1693,1246
57,"12029A",4,10,3,7
57,"12030",4,30,6,24
57,"12030A",4,402,231,171
57,"12032",4,1510,1298,212
57,"12032A",4,1218,969,249
57,"12034",4,18,9,9
57,"12034A",4,65,45,20
57,"12035",4,56,30,26
57,"12035A",4,978,607,371
57,"12037",4,567,276,291
57,"12037A",4,4645,2629,2016
57,"12038",4,432,168,264
57,"12038A",4,3783,1958,1825
57,"12039",4,491,248,243
57,"12039A",4,3769,2576,1193
57,"12040",4,202,100,102
57,"12040A",4,1328,789,539
57,"12042",4,534,270,264
57,"12042A",4,3748,2359,1389
57,"12043",4,70,17,53
57,"12043A",4,719,284,435
57,"12044A",4,6,1,5
57,"12045",4,118,43,75
57,"12045A",4,862,339,523
57,"12047",4,40,21,19
57,"12047A",4,458,223,235
57,"12048",4,432,164,268
57,"12048A",4,2183,977,1206
57,"12049",4,37,7,30
57,"12049A",4,379,137,242
57,"12052",4,56,40,16
57,"12052A",4,736,609,127
57,"12053",4,264,194,70
57,"12053A",4,2958,2478,480
57,"12054",4,600,512,88
57,"12054A",4,3641,3090,551
57,"12055",4,5,3,2
57,"12055A",4,36,22,14
57,"12056",4,128,64,64
57,"12056A",4,632,357,275
57,"12057",4,657,306,351
57,"12057A",4,3489,2156,1333
57,"12058",4,29,15,14
57,"12058A",4,90,62,28
57,"12059",4,26,7,19
57,"12059A",4,165,116,49
57,"CNTYTOT",0,90561,61474,29087
57,"AD04_TOT",0,90561,61474,29087
57,"CD07_TOT",0,21676,13759,7917
57,"CD04_TOT",0,68885,47715,21170
57,"SD03_TOT",0,90561,61474,29087
57,"BE01_TOT",0,90561,61474,29087
57,"SOV_CD04",0,68885,47715,21170
57,"SOV_CD07",0,21676,13759,7917
58,"8101",1,149,50,99
58,"8101A",1,654,289,365
58,"8102",1,221,80,141
58,"8102A",1,688,316,372
58,"8103",1,253,87,166
58,"8103A",1,1278,542,736
58,"8104",1,116,33,83
58,"8104A",1,539,219,320
58,"8105",1,120,52,68
58,"8105A",1,511,221,290
58,"8201",1,105,38,67
58,"8201A",1,417,191,226
58,"8202",1,229,61,168
58,"8202A",1,1160,426,734
58,"8203",1,179,50,129
58,"8203A",1,1064,363,701
58,"8204",1,235,83,152
58,"8204A",1,941,415,526
58,"8205",1,67,11,56
58,"8205A",1,347,108,239
58,"8301",1,170,53,117
58,"8301A",1,542,231,311
58,"8302",1,202,63,139
58,"8302A",1,918,392,526
58,"8303",1,240,75,165
58,"8303A",1,1165,446,719
58,"8304",1,124,32,92
58,"8304A",1,484,180,304
58,"8401",1,235,89,146
58,"8401A",1,1615,697,918
58,"8402",1,188,64,124
58,"8402A",1,1516,698,818
58,"8403",1,222,75,147
58,"8403A",1,1312,539,773
58,"8404",1,189,49,140
58,"8404A",1,997,349,648
58,"8405",1,303,73,230
58,"8405A",1,1323,399,924
58,"8406",1,35,6,29
58,"8406A",1,181,36,145
58,"8501",3,190,60,130
58,"8501A",3,935,501,434
58,"8502",3,135,25,110
58,"8502A",3,659,217,442
58,"8503",1,84,9,75
58,"8503A",1,461,106,355
58,"8504",3,190,24,166
58,"8504A",3,1053,198,855
58,"8505",3,122,9,113
58,"8505A",3,460,52,408
58,"8506",3,240,34,206
58,"8506A",3,1472,396,1076
58,"8507",3,22,5,17
58,"8507A",3,293,144,149
58,"8508",1,43,6,37
58,"8508A",1,106,23,83
58,"9206A",3,122,21,101
58,"9509A",3,115,38,77
58,"9510A",3,171,60,111
58,"9511A",3,154,31,123
58,"9512A",3,63,13,50
58,"9513A",3,173,36,137
58,"9514A",1,119,59,60
58,"CNTYTOT",0,28616,10248,18368
58,"AD03_TOT",0,28616,10248,18368
58,"CD01_TOT",0,22047,8384,13663
58,"CD03_TOT",0,6569,1864,4705
58,"SD01_TOT",0,28616,10248,18368
58,"BE01_TOT",0,28616,10248,18368
58,"SOV_CD01",0,22047,8384,13663
58,"SOV_CD03",0,6569,1864,4705
